,policy_id,event_timestamp,event_type
0,POL-555079,2024-02-06 11:54:55.342651,renewal
0,POL-479119,2024-02-06 17:50:46.003454,claim
0,POL-342341,2024-02-06 18:20:10.916045,cancellation
0,POL-090596,2024-02-06 21:31:01.205001,claim
0,POL-133053,2024-02-06 22:01:58.117148,claim
0,POL-148188,2024-02-06 22:24:22.014614,renewal
0,POL-329930,2024-02-06 22:54:23.020690,purchase
0,POL-527899,2024-02-07 01:35:02.529974,purchase
0,POL-547601,2024-02-07 04:47:52.397253,claim
0,POL-498841,2024-02-07 05:31:21.807660,claim
0,POL-378880,2024-02-07 06:14:13.684069,claim
0,287800,2024-02-07 07:17:30.372732,claim
0,POL-934880,2024-02-07 09:41:26.548365,purchase
0,POL-986434,2024-02-07 10:25:44.357971,claim
0,POL-715336,2024-02-07 15:15:57.800413,cancellation
0,339607,2024-02-07 17:02:21.752885,renewal
0,POL-624359,2024-02-07 18:07:51.500597,renewal
0,POL-514051,2024-02-07 18:19:53.949609,purchase
0,POL-300632,2024-02-07 19:26:21.596865,renewal
0,243961,2024-02-07 19:56:45.360471,renewal
0,POL-355655,2024-02-07 20:38:32.755803,renewal
0,POL-545421,2024-02-07 23:32:09.826910,claim
0,332211,2024-02-08 01:13:33.800503,purchase
0,POL-416791,2024-02-08 01:32:08.454169,claim
0,POL-942573,2024-02-08 01:58:36.045975,purchase
0,POL-241590,2024-02-08 02:16:53.902900,cancellation
0,POL-816381,2024-02-08 03:19:39.813949,purchase
0,POL-859144,2024-02-08 03:22:52.041943,claim
0,POL-280055,2024-02-08 06:40:47.736976,claim
0,POL-254260,2024-02-08 08:53:53.220455,renewal
0,POL-063726,2024-02-08 09:34:13.857436,renewal
0,POL-823660,2024-02-08 09:59:55.358343,purchase
0,POL-386851,2024-02-08 10:58:13.785146,claim
0,POL-860855,2024-02-08 12:26:13.774244,purchase
0,POL-516576,2024-02-08 14:34:44.313682,renewal
0,POL-509284,2024-02-08 15:08:38.937189,renewal
0,POL-420739,2024-02-08 15:13:22.559378,cancellation
0,POL-303967,2024-02-08 16:25:52.233061,claim
0,POL-915997,2024-02-08 17:19:29.269072,renewal
0,POL-744708,2024-02-08 18:47:07.509575,claim
0,POL-668550,2024-02-08 19:49:40.548944,cancellation
0,POL-053497,2024-02-08 22:19:37.871656,cancellation
0,POL-053406,2024-02-08 23:18:35.928428,claim
0,POL-774173,2024-02-09 00:29:28.406330,claim
0,POL-540396,2024-02-09 01:00:04.363575,purchase
0,POL-998661,2024-02-09 01:21:15.714292,renewal
0,POL-805840,2024-02-09 01:48:58.429039,purchase
0,POL-423938,2024-02-09 03:53:13.767950,cancellation
0,POL-244895,2024-02-09 04:53:57.551815,purchase
0,POL-777731,2024-02-09 05:03:30.670864,claim
0,POL-029830,2024-02-09 05:14:29.054890,purchase
0,POL-897354,2024-02-09 06:44:49.475566,claim
0,POL-073585,2024-02-09 06:59:03.652745,cancellation
0,POL-887251,2024-02-09 08:21:34.695268,claim
0,POL-465225,2024-02-09 09:46:02.618654,cancellation
0,POL-132612,2024-02-09 10:55:15.726290,renewal
0,POL-687566,2024-02-09 11:03:48.225017,renewal
0,POL-935883,2024-02-09 11:55:13.285813,renewal
0,POL-874909,2024-02-09 12:24:27.970545,cancellation
0,POL-037831,2024-02-09 13:20:10.540413,cancellation
0,POL-770606,2024-02-09 14:04:14.160926,claim
0,POL-021774,2024-02-09 14:44:19.199345,purchase
0,POL-945320,2024-02-09 15:12:10.348104,renewal
0,POL-317663,2024-02-09 16:34:56.027575,cancellation
0,POL-806281,2024-02-09 16:51:27.478457,claim
0,POL-057893,2024-02-09 17:01:28.190139,claim
0,POL-222648,2024-02-09 17:51:10.980175,purchase
0,POL-974014,2024-02-09 18:44:23.219491,claim
0,POL-302803,2024-02-09 19:14:18.023967,claim
0,POL-685123,2024-02-09 19:41:03.362593,cancellation
0,POL-697504,2024-02-09 19:42:17.734875,cancellation
0,POL-179792,2024-02-09 20:28:02.245620,claim
0,POL-168893,2024-02-09 20:55:01.836486,purchase
0,POL-327370,2024-02-09 21:27:34.512573,purchase
0,POL-637932,2024-02-09 22:32:55.651702,claim
0,POL-659935,2024-02-09 23:24:41.670569,purchase
0,POL-632152,2024-02-10 00:01:42.615538,renewal
0,POL-213042,2024-02-10 00:34:19.316657,purchase
0,POL-560940,2024-02-10 01:48:11.020675,purchase
0,789091,2024-02-10 03:05:16.593194,claim
0,POL-507290,2024-02-10 03:18:03.090516,purchase
0,POL-040546,2024-02-10 03:47:47.631691,renewal
0,POL-043862,2024-02-10 04:07:53.599434,purchase
0,POL-909262,2024-02-10 05:28:02.945349,cancellation
0,POL-601746,2024-02-10 09:14:26.366856,cancellation
0,POL-019382,2024-02-10 09:39:03.068088,purchase
0,POL-497326,2024-02-10 12:56:37.790768,renewal
0,POL-165399,2024-02-10 13:24:13.771122,purchase
0,POL-392499,2024-02-10 13:53:59.373688,renewal
0,POL-633687,2024-02-10 14:22:58.808205,purchase
0,POL-423746,2024-02-10 15:05:34.874952,purchase
0,POL-060078,2024-02-10 15:23:39.930315,purchase
0,POL-206370,2024-02-10 16:21:13.610620,claim
0,POL-595252,2024-02-10 16:43:34.243035,purchase
0,POL-989172,2024-02-10 18:28:44.076224,renewal
0,POL-861976,2024-02-10 18:37:23.844094,purchase
0,POL-566115,2024-02-10 19:27:02.236206,claim
0,POL-431849,2024-02-10 20:30:34.161945,purchase
0,POL-351789,2024-02-10 21:25:29.123619,renewal
0,POL-137675,2024-02-10 21:45:21.001683,cancellation
0,POL-434430,2024-02-10 22:31:09.832022,cancellation
0,POL-956953,2024-02-11 00:27:54.680925,cancellation
0,POL-612845,2024-02-11 02:00:19.765735,cancellation
0,POL-744866,2024-02-11 02:38:26.024623,renewal
0,POL-945873,2024-02-11 03:05:21.450554,cancellation
0,POL-119682,2024-02-11 03:22:17.211041,renewal
0,POL-427643,2024-02-11 05:34:11.400396,renewal
0,POL-077972,2024-02-11 11:51:09.275712,purchase
0,POL-528574,2024-02-11 14:38:52.259262,renewal
0,POL-152869,2024-02-11 15:41:34.751026,renewal
0,POL-292805,2024-02-11 17:19:08.732737,cancellation
0,POL-028781,2024-02-11 18:41:38.538621,renewal
0,POL-193890,2024-02-11 19:43:28.106946,claim
0,POL-135918,2024-02-11 20:22:08.661459,renewal
0,POL-783308,2024-02-11 21:37:34.824164,cancellation
0,POL-581485,2024-02-11 21:46:37.670516,purchase
0,085015,2024-02-11 23:49:12.178399,cancellation
0,POL-072998,2024-02-12 00:14:09.899448,cancellation
0,POL-019382,2024-02-12 01:03:09.766826,claim
0,POL-648965,2024-02-12 01:46:12.542369,claim
0,POL-015817,2024-02-12 01:55:37.501940,cancellation
0,POL-581097,2024-02-12 02:22:53.470370,purchase
0,POL-625710,2024-02-12 03:45:13.116679,claim
0,POL-878255,2024-02-12 04:54:50.864463,renewal
0,POL-101100,2024-02-12 04:59:16.169798,purchase
0,POL-601287,2024-02-12 06:03:15.155163,purchase
0,POL-985930,2024-02-12 06:13:57.042949,cancellation
0,POL-684812,2024-02-12 06:22:46.321393,purchase
0,POL-518773,2024-02-12 06:39:25.668951,cancellation
0,POL-466701,2024-02-12 10:09:29.793531,purchase
0,POL-956223,2024-02-12 10:21:47.431318,renewal
0,POL-455379,2024-02-12 10:52:16.758381,claim
0,POL-031485,2024-02-12 12:28:47.338371,renewal
0,POL-658223,2024-02-12 12:36:46.933476,purchase
0,POL-109588,2024-02-12 12:38:06.538686,renewal
0,POL-722893,2024-02-12 17:40:27.732555,renewal
0,POL-593955,2024-02-12 18:17:39.894395,cancellation
0,POL-830208,2024-02-12 18:47:19.655054,renewal
0,POL-242321,2024-02-12 19:06:11.953245,renewal
0,POL-105277,2024-02-12 19:39:31.881089,purchase
0,POL-777778,2024-02-12 19:59:42.079420,claim
0,POL-858851,2024-02-12 22:06:25.995692,purchase
0,POL-931068,2024-02-13 01:36:09.019633,purchase
0,POL-568952,2024-02-13 02:49:42.665214,claim
0,POL-172903,2024-02-13 04:59:06.568164,renewal
0,POL-561002,2024-02-13 07:27:27.582304,purchase
0,POL-999527,2024-02-13 07:34:22.610111,claim
0,POL-718391,2024-02-13 09:37:50.122010,cancellation
0,POL-571437,2024-02-13 11:10:18.786265,claim
0,POL-446931,2024-02-13 11:21:05.307421,claim
0,POL-625217,2024-02-13 12:10:27.439727,claim
0,POL-317087,2024-02-13 12:41:16.725823,cancellation
0,POL-113784,2024-02-13 16:52:25.038479,renewal
0,POL-003178,2024-02-13 16:58:54.525887,claim
0,POL-761973,2024-02-13 17:04:41.755077,cancellation
0,POL-843817,2024-02-13 18:21:48.316678,cancellation
0,POL-234440,2024-02-13 18:24:45.716995,purchase
0,POL-304999,2024-02-13 19:17:49.354241,cancellation
0,POL-007335,2024-02-13 19:41:38.115409,purchase
0,POL-207501,2024-02-13 20:31:27.994340,purchase
0,POL-543817,2024-02-13 20:40:11.458628,purchase
0,POL-129389,2024-02-13 22:11:01.147864,claim
0,POL-073702,2024-02-13 23:06:48.734014,renewal
0,POL-846858,2024-02-14 00:20:48.260719,claim
0,POL-327770,2024-02-14 00:28:09.391423,purchase
0,POL-925376,2024-02-14 00:36:06.243545,claim
0,POL-624540,2024-02-14 01:11:06.473167,claim
0,POL-886626,2024-02-14 01:24:07.853627,cancellation
0,POL-892851,2024-02-14 03:32:51.946923,renewal
0,POL-545426,2024-02-14 03:35:17.933999,cancellation
0,POL-063252,2024-02-14 04:37:10.184103,renewal
0,POL-545349,2024-02-14 07:44:57.347726,cancellation
0,POL-018078,2024-02-14 07:55:43.517673,purchase
0,POL-099990,2024-02-14 10:08:49.370815,cancellation
0,POL-231306,2024-02-14 11:44:36.508996,renewal
0,POL-848606,2024-02-14 11:49:11.494168,purchase
0,POL-814673,2024-02-14 17:42:52.299066,cancellation
0,POL-429629,2024-02-14 18:15:10.109161,claim
0,POL-866050,2024-02-14 18:22:09.742208,purchase
0,POL-905406,2024-02-14 18:42:15.457340,claim
0,POL-455043,2024-02-14 19:46:27.643713,renewal
0,POL-517604,2024-02-14 20:53:39.054457,renewal
0,POL-287370,2024-02-14 23:20:37.943458,claim
0,POL-118327,2024-02-14 23:25:20.277640,purchase
0,POL-684616,2024-02-15 00:26:24.932179,purchase
0,POL-779513,2024-02-15 01:35:04.101282,purchase
0,POL-921079,2024-02-15 03:35:40.405015,claim
0,POL-265331,2024-02-15 04:21:53.170065,claim
0,POL-317087,2024-02-15 07:01:58.086973,purchase
0,POL-349575,2024-02-15 10:24:17.483747,cancellation
0,POL-968835,2024-02-15 10:46:04.062707,renewal
0,POL-697671,2024-02-15 11:13:37.052822,purchase
0,POL-704257,2024-02-15 11:26:06.183572,claim
0,POL-140111,2024-02-15 11:43:01.171073,claim
0,POL-953364,2024-02-15 12:08:12.506737,renewal
0,POL-238556,2024-02-15 12:38:59.016243,cancellation
0,POL-195000,2024-02-15 13:09:55.274359,cancellation
0,POL-724944,2024-02-15 13:15:54.353945,purchase
0,POL-703707,2024-02-15 13:23:08.904348,claim
0,POL-616323,2024-02-15 13:46:05.587071,renewal
0,POL-793547,2024-02-15 14:53:19.133416,claim
0,POL-478653,2024-02-15 16:35:06.282604,claim
0,POL-146440,2024-02-15 17:03:17.463959,cancellation
0,POL-876817,2024-02-15 18:13:17.137134,renewal
0,POL-035074,2024-02-15 19:05:37.300481,purchase
0,POL-432218,2024-02-15 19:18:14.402666,cancellation
0,POL-790133,2024-02-15 19:44:21.366079,claim
0,POL-099990,2024-02-15 20:21:57.840322,cancellation
0,POL-414269,2024-02-15 20:27:59.199028,claim
0,POL-541394,2024-02-15 21:20:58.057981,purchase
0,POL-049208,2024-02-15 23:36:17.843751,purchase
0,POL-084491,2024-02-16 01:16:57.643985,cancellation
0,POL-401753,2024-02-16 01:46:13.160466,renewal
0,POL-379486,2024-02-16 02:56:50.146550,claim
0,POL-882744,2024-02-16 04:19:54.071236,renewal
0,POL-490086,2024-02-16 05:26:50.345130,purchase
0,POL-015463,2024-02-16 10:23:10.373156,claim
0,POL-563272,2024-02-16 11:22:37.447952,purchase
0,POL-846373,2024-02-16 12:53:51.464735,claim
0,POL-282871,2024-02-16 14:55:41.424280,renewal
0,POL-095045,2024-02-16 15:56:55.193865,claim
0,POL-554740,2024-02-16 16:56:31.634232,claim
0,POL-143813,2024-02-16 17:12:17.554143,cancellation
0,POL-356997,2024-02-16 17:38:14.396852,purchase
0,POL-496873,2024-02-16 18:48:37.705886,renewal
0,POL-990222,2024-02-16 19:25:35.391819,purchase
0,POL-132945,2024-02-16 19:51:29.987283,renewal
0,POL-561045,2024-02-16 19:59:52.411957,renewal
0,POL-476648,2024-02-16 20:52:25.174721,cancellation
0,POL-684550,2024-02-16 21:09:57.883690,claim
0,POL-817207,2024-02-16 23:15:26.339480,purchase
0,POL-963914,2024-02-17 00:35:10.009286,renewal
0,POL-262405,2024-02-17 00:46:50.314034,renewal
0,POL-482794,2024-02-17 00:52:31.003633,renewal
0,POL-136195,2024-02-17 01:44:41.958833,claim
0,POL-018183,2024-02-17 01:48:15.995713,renewal
0,POL-176534,2024-02-17 01:57:00.820466,cancellation
0,POL-329838,2024-02-17 02:06:42.530243,purchase
0,POL-052523,2024-02-17 02:48:07.106980,claim
0,POL-051277,2024-02-17 04:39:28.274669,purchase
0,POL-632295,2024-02-17 05:19:01.997833,purchase
0,POL-774143,2024-02-17 07:35:29.174219,claim
0,POL-742364,2024-02-17 08:16:37.740392,claim
0,POL-338347,2024-02-17 08:37:11.621501,claim
0,POL-832045,2024-02-17 08:48:02.057012,purchase
0,POL-442512,2024-02-17 09:03:57.746186,purchase
0,POL-921138,2024-02-17 11:16:12.553402,renewal
0,POL-751489,2024-02-17 13:05:17.535273,claim
0,POL-590991,2024-02-17 13:18:22.656385,cancellation
0,POL-151155,2024-02-17 13:36:07.250406,cancellation
0,POL-646096,2024-02-17 18:45:20.361377,renewal
0,POL-079386,2024-02-17 21:16:58.248479,renewal
0,POL-352905,2024-02-17 21:49:46.833421,renewal
0,POL-834075,2024-02-17 22:06:32.889307,renewal
0,POL-330128,2024-02-18 01:07:10.260937,renewal
0,POL-140706,2024-02-18 01:21:36.577059,renewal
0,POL-939212,2024-02-18 02:32:34.293749,claim
0,POL-855668,2024-02-18 02:58:17.520643,claim
0,POL-217694,2024-02-18 03:20:19.669353,claim
0,POL-330128,2024-02-18 03:43:30.069299,claim
0,POL-306889,2024-02-18 05:13:50.086462,claim
0,POL-805848,2024-02-18 07:26:38.060926,claim
0,POL-885137,2024-02-18 08:50:26.883516,cancellation
0,POL-500542,2024-02-18 09:14:12.449732,cancellation
0,POL-482139,2024-02-18 11:34:50.679389,cancellation
0,POL-365155,2024-02-18 12:08:11.885366,cancellation
0,POL-573341,2024-02-18 16:11:10.248040,cancellation
0,POL-105277,2024-02-18 16:18:53.484278,renewal
0,POL-619414,2024-02-18 17:27:22.521879,renewal
0,POL-190048,2024-02-18 17:27:57.307866,claim
0,POL-624377,2024-02-18 18:13:30.490096,purchase
0,POL-275578,2024-02-18 18:38:59.560596,claim
0,POL-486643,2024-02-18 19:19:40.120310,cancellation
0,POL-409855,2024-02-18 20:53:31.380736,cancellation
0,POL-598182,2024-02-18 21:16:39.041467,cancellation
0,POL-508877,2024-02-18 22:06:22.954741,cancellation
0,POL-925665,2024-02-19 01:06:03.684754,renewal
0,POL-803510,2024-02-19 01:06:12.692767,claim
0,POL-067861,2024-02-19 03:33:02.873818,renewal
0,POL-499327,2024-02-19 03:59:16.669100,renewal
0,POL-166636,2024-02-19 04:47:45.852128,renewal
0,POL-804290,2024-02-19 06:01:06.320507,renewal
0,POL-696666,2024-02-19 06:02:22.193650,purchase
0,POL-370493,2024-02-19 09:56:38.054264,claim
0,POL-966621,2024-02-19 10:22:00.824236,claim
0,POL-993941,2024-02-19 11:49:24.978031,claim
0,POL-241488,2024-02-19 11:50:48.579954,renewal
0,POL-687236,2024-02-19 12:02:23.924521,purchase
0,POL-739681,2024-02-19 12:03:21.031373,purchase
0,POL-124377,2024-02-19 12:11:58.877028,purchase
0,POL-026922,2024-02-19 12:21:35.297544,purchase
0,POL-805001,2024-02-19 15:23:22.282955,purchase
0,POL-518911,2024-02-19 15:46:07.616965,renewal
0,POL-374615,2024-02-19 18:40:18.058579,purchase
0,POL-089838,2024-02-19 18:47:09.998339,cancellation
0,POL-503953,2024-02-19 19:10:59.648826,purchase
0,POL-866382,2024-02-19 19:21:33.525632,renewal
0,POL-963014,2024-02-19 20:08:46.316062,cancellation
0,POL-152035,2024-02-19 21:34:35.605652,purchase
0,POL-452421,2024-02-19 22:53:43.621026,claim
0,POL-589007,2024-02-20 00:37:44.804239,renewal
0,POL-284634,2024-02-20 02:55:18.854221,claim
0,POL-303610,2024-02-20 04:11:56.079194,renewal
0,POL-884695,2024-02-20 06:24:46.915131,renewal
0,POL-804421,2024-02-20 08:32:21.694440,claim
0,POL-717142,2024-02-20 08:57:14.501103,cancellation
0,POL-707664,2024-02-20 09:07:18.104693,claim
0,POL-953022,2024-02-20 10:07:13.535390,purchase
0,POL-163313,2024-02-20 11:16:58.110565,renewal
0,POL-680241,2024-02-20 11:33:02.315842,cancellation
0,POL-820332,2024-02-20 16:00:00.267235,claim
0,POL-395485,2024-02-20 17:05:11.921789,purchase
0,POL-550784,2024-02-20 17:12:04.749451,renewal
0,POL-683502,2024-02-20 17:41:35.632972,renewal
0,POL-750188,2024-02-20 18:44:29.367543,renewal
0,POL-753681,2024-02-20 19:28:46.945045,purchase
0,POL-802825,2024-02-20 19:35:05.380895,cancellation
0,POL-342382,2024-02-20 20:06:49.281653,renewal
0,POL-629638,2024-02-20 20:57:56.293207,renewal
0,POL-445717,2024-02-20 21:49:00.617754,renewal
0,POL-460286,2024-02-20 21:53:05.454886,claim
0,POL-139630,2024-02-20 21:57:22.507508,purchase
0,POL-444778,2024-02-20 22:13:35.494104,purchase
0,POL-827066,2024-02-20 22:16:47.004541,purchase
0,POL-319238,2024-02-20 22:50:46.119283,cancellation
0,POL-459641,2024-02-21 02:39:16.306077,claim
0,POL-080597,2024-02-21 07:08:22.586803,cancellation
0,POL-353989,2024-02-21 09:08:25.406544,renewal
0,POL-144669,2024-02-21 09:08:30.436157,claim
0,POL-617331,2024-02-21 09:46:58.166399,cancellation
0,POL-750188,2024-02-21 12:56:37.947009,claim
0,POL-532192,2024-02-21 13:22:06.266071,claim
0,POL-369282,2024-02-21 14:20:18.109288,cancellation
0,POL-832026,2024-02-21 14:29:20.772745,purchase
0,POL-456104,2024-02-21 15:17:12.053355,purchase
0,POL-980659,2024-02-21 15:26:40.623002,cancellation
0,POL-745471,2024-02-21 16:09:59.025185,purchase
0,POL-502989,2024-02-21 16:34:54.861224,cancellation
0,POL-874029,2024-02-21 17:23:40.771521,cancellation
0,POL-958448,2024-02-21 17:34:56.241549,purchase
0,POL-420056,2024-02-21 17:35:47.693279,purchase
0,POL-639280,2024-02-21 17:39:15.674229,cancellation
0,POL-178391,2024-02-21 18:07:44.780936,cancellation
0,POL-923720,2024-02-21 19:40:41.427931,cancellation
0,POL-003940,2024-02-21 19:57:36.272541,cancellation
0,POL-925665,2024-02-21 20:21:37.358051,renewal
0,POL-549561,2024-02-21 21:07:22.731953,renewal
0,POL-460428,2024-02-21 21:27:47.129232,renewal
0,POL-139662,2024-02-21 21:51:25.568591,renewal
0,POL-095324,2024-02-21 22:14:19.289404,renewal
0,POL-969118,2024-02-21 22:36:06.925003,cancellation
0,POL-953135,2024-02-22 01:47:01.989825,cancellation
0,POL-628831,2024-02-22 03:50:02.609910,renewal
0,POL-798781,2024-02-22 04:28:40.712835,claim
0,POL-744708,2024-02-22 05:58:28.674911,cancellation
0,POL-099810,2024-02-22 07:13:01.034562,renewal
0,POL-925469,2024-02-22 09:22:16.872341,purchase
0,POL-525160,2024-02-22 14:29:28.438420,purchase
0,POL-888062,2024-02-22 14:56:26.616713,renewal
0,POL-793610,2024-02-22 17:26:28.964075,renewal
0,POL-502989,2024-02-22 17:54:02.151030,purchase
0,POL-854047,2024-02-22 18:09:11.382558,claim
0,POL-025239,2024-02-22 19:07:33.078079,purchase
0,POL-703707,2024-02-22 20:30:57.041592,purchase
0,POL-550784,2024-02-22 21:10:45.500106,renewal
0,POL-754543,2024-02-22 21:13:08.788557,claim
0,POL-073759,2024-02-22 21:32:58.136929,claim
0,POL-342585,2024-02-22 22:38:01.524738,renewal
0,POL-811107,2024-02-23 00:47:56.177888,claim
0,POL-929130,2024-02-23 01:45:11.378096,purchase
0,POL-570114,2024-02-23 02:44:33.325285,renewal
0,POL-148457,2024-02-23 03:06:27.008043,purchase
0,POL-665474,2024-02-23 04:45:42.740409,claim
0,POL-488618,2024-02-23 04:47:07.189465,claim
0,POL-963914,2024-02-23 05:24:54.009579,cancellation
0,POL-558415,2024-02-23 06:19:08.676461,cancellation
0,POL-877963,2024-02-23 06:22:17.286675,cancellation
0,POL-410770,2024-02-23 07:41:39.923899,renewal
0,POL-133663,2024-02-23 10:05:38.980177,renewal
0,POL-242321,2024-02-23 11:15:59.935715,purchase
0,POL-987708,2024-02-23 12:25:46.937679,renewal
0,POL-514339,2024-02-23 12:32:36.753114,purchase
0,POL-878255,2024-02-23 12:49:33.011462,renewal
0,POL-040880,2024-02-23 12:55:41.873467,renewal
0,POL-551761,2024-02-23 15:32:09.390108,renewal
0,POL-716810,2024-02-23 15:55:31.191316,renewal
0,POL-161051,2024-02-23 17:04:18.760698,purchase
0,POL-968021,2024-02-23 19:02:36.767042,cancellation
0,POL-922496,2024-02-23 19:04:18.924191,renewal
0,POL-153393,2024-02-23 20:29:00.097149,claim
0,POL-572889,2024-02-23 20:48:08.229235,purchase
0,POL-736386,2024-02-23 22:07:50.683980,purchase
0,POL-887517,2024-02-23 22:55:10.856011,claim
0,POL-250853,2024-02-23 23:27:35.224399,cancellation
0,POL-651779,2024-02-23 23:53:53.183847,claim
0,POL-460401,2024-02-24 02:13:27.408092,purchase
0,POL-619489,2024-02-24 03:26:59.967233,renewal
0,POL-835467,2024-02-24 04:30:24.685249,renewal
0,POL-066003,2024-02-24 04:54:48.228348,renewal
0,POL-087362,2024-02-24 07:34:20.263410,cancellation
0,POL-168951,2024-02-24 08:57:41.633962,renewal
0,POL-179967,2024-02-24 10:02:38.572501,cancellation
0,POL-030026,2024-02-24 10:26:09.497296,purchase
0,POL-975096,2024-02-24 11:07:51.041863,purchase
0,POL-265331,2024-02-24 12:14:22.938210,claim
0,POL-572458,2024-02-24 12:45:40.071440,renewal
0,POL-878255,2024-02-24 13:01:39.072487,renewal
0,POL-315736,2024-02-24 13:56:48.651351,purchase
0,POL-580902,2024-02-24 14:50:00.995655,renewal
0,POL-314105,2024-02-24 15:14:03.894387,claim
0,POL-420056,2024-02-24 16:59:03.651225,renewal
0,POL-226732,2024-02-24 17:53:21.540365,cancellation
0,POL-961636,2024-02-24 18:40:19.442142,cancellation
0,POL-772851,2024-02-24 18:57:11.299858,claim
0,POL-171005,2024-02-24 18:58:35.461319,cancellation
0,POL-377861,2024-02-24 19:09:42.147561,cancellation
0,POL-329930,2024-02-24 19:34:21.985837,cancellation
0,POL-002145,2024-02-24 21:01:03.200647,cancellation
0,POL-333981,2024-02-24 21:19:20.290456,renewal
0,POL-404893,2024-02-24 21:31:00.681438,purchase
0,POL-153206,2024-02-24 22:19:05.437620,claim
0,POL-378084,2024-02-24 23:27:43.715672,claim
0,POL-826443,2024-02-25 01:00:08.336607,claim
0,POL-849191,2024-02-25 01:17:24.585631,cancellation
0,POL-198766,2024-02-25 02:06:02.105490,purchase
0,POL-424608,2024-02-25 02:44:43.211826,claim
0,POL-741121,2024-02-25 06:08:34.832730,cancellation
0,POL-097932,2024-02-25 06:29:20.897490,claim
0,POL-375693,2024-02-25 06:51:21.926686,purchase
0,POL-775621,2024-02-25 07:23:07.217322,purchase
0,POL-285140,2024-02-25 08:37:13.262336,renewal
0,POL-400455,2024-02-25 09:31:56.609104,purchase
0,406243,2024-02-25 10:48:06.949552,purchase
0,POL-237530,2024-02-25 12:21:51.427329,purchase
0,POL-549561,2024-02-25 13:22:31.210068,purchase
0,POL-362154,2024-02-25 17:30:27.691132,cancellation
0,POL-859514,2024-02-25 20:55:14.727107,purchase
0,POL-843386,2024-02-25 21:51:58.438447,cancellation
0,POL-507837,2024-02-25 22:52:32.195133,purchase
0,POL-646492,2024-02-25 23:14:51.075528,renewal
0,POL-406876,2024-02-26 00:11:40.648280,cancellation
0,POL-907944,2024-02-26 00:27:36.412571,claim
0,364454,2024-02-26 00:31:17.985481,cancellation
0,POL-518368,2024-02-26 01:08:12.328756,purchase
0,POL-059114,2024-02-26 02:37:32.187181,purchase
0,POL-549449,2024-02-26 03:12:59.589168,renewal
0,POL-498461,2024-02-26 03:39:04.388265,purchase
0,POL-621206,2024-02-26 04:04:35.529591,renewal
0,POL-232623,2024-02-26 04:41:33.673845,claim
0,816230,2024-02-26 05:33:27.692919,purchase
0,POL-052415,2024-02-26 05:37:43.806507,renewal
0,POL-757596,2024-02-26 06:10:14.250843,claim
0,POL-652047,2024-02-26 06:39:20.449669,renewal
0,POL-265076,2024-02-26 07:34:11.716855,renewal
0,POL-231518,2024-02-26 07:35:24.547956,cancellation
0,POL-257339,2024-02-26 08:17:17.103704,cancellation
0,POL-738734,2024-02-26 12:08:19.002012,claim
0,POL-535500,2024-02-26 13:35:41.658086,cancellation
0,POL-649604,2024-02-26 14:12:39.006748,claim
0,POL-527044,2024-02-26 14:25:38.109005,claim
0,POL-099810,2024-02-26 14:28:43.345260,claim
0,POL-708764,2024-02-26 14:59:01.268902,renewal
0,POL-592508,2024-02-26 15:34:11.960746,cancellation
0,POL-338562,2024-02-26 16:14:21.458566,purchase
0,POL-374073,2024-02-26 16:44:03.483125,purchase
0,POL-063995,2024-02-26 17:47:35.269225,purchase
0,098647,2024-02-26 18:19:55.272141,cancellation
0,POL-125720,2024-02-26 18:21:19.213637,renewal
0,POL-870189,2024-02-26 19:45:48.060597,cancellation
0,POL-307541,2024-02-26 21:51:43.267597,cancellation
0,POL-600289,2024-02-26 22:22:06.533120,cancellation
0,POL-866706,2024-02-26 23:10:37.472627,cancellation
0,POL-004878,2024-02-27 00:40:41.980543,claim
0,POL-909798,2024-02-27 01:11:27.648667,purchase
0,POL-628230,2024-02-27 02:10:58.600217,cancellation
0,POL-857321,2024-02-27 02:27:58.658673,renewal
0,POL-161419,2024-02-27 03:22:18.727705,cancellation
0,POL-178833,2024-02-27 03:52:43.823057,renewal
0,POL-064572,2024-02-27 04:31:29.565122,cancellation
0,POL-192511,2024-02-27 04:59:03.733607,purchase
0,POL-227135,2024-02-27 07:55:36.863206,claim
0,POL-653181,2024-02-27 08:32:13.656647,cancellation
0,POL-576346,2024-02-27 09:19:26.841118,renewal
0,POL-752742,2024-02-27 10:48:50.584446,purchase
0,POL-772851,2024-02-27 11:10:58.770644,purchase
0,POL-220829,2024-02-27 12:09:37.441041,purchase
0,POL-294837,2024-02-27 14:21:32.935553,claim
0,POL-737600,2024-02-27 15:23:57.090583,cancellation
0,POL-114671,2024-02-27 15:53:08.201691,renewal
0,POL-900571,2024-02-27 16:00:13.826821,cancellation
0,POL-538248,2024-02-27 16:18:18.535065,renewal
0,POL-129389,2024-02-27 16:26:31.168171,claim
0,POL-149836,2024-02-27 17:06:20.486604,claim
0,POL-460460,2024-02-27 17:29:27.803321,purchase
0,POL-533607,2024-02-27 18:01:18.929088,claim
0,POL-252166,2024-02-27 19:55:31.142316,claim
0,POL-974424,2024-02-28 01:45:27.139926,renewal
0,POL-479213,2024-02-28 02:16:14.543830,claim
0,POL-932487,2024-02-28 02:34:28.959127,purchase
0,POL-043862,2024-02-28 02:54:18.610720,cancellation
0,POL-599081,2024-02-28 03:21:02.126824,purchase
0,POL-594554,2024-02-28 05:43:34.360340,cancellation
0,POL-435308,2024-02-28 08:23:19.284542,claim
0,POL-950162,2024-02-28 09:37:51.294757,cancellation
0,POL-865764,2024-02-28 10:20:30.958480,claim
0,POL-225778,2024-02-28 11:13:18.960658,purchase
0,POL-049044,2024-02-28 13:29:25.119382,purchase
0,POL-482583,2024-02-28 14:00:38.874627,purchase
0,POL-040313,2024-02-28 14:21:27.582881,purchase
0,POL-889200,2024-02-28 14:37:26.146641,purchase
0,POL-345676,2024-02-28 14:41:30.244944,renewal
0,POL-495440,2024-02-28 15:07:33.422507,renewal
0,POL-035641,2024-02-28 15:14:16.307684,claim
0,POL-696666,2024-02-28 15:32:04.934719,renewal
0,POL-778336,2024-02-28 18:16:28.582357,purchase
0,POL-578823,2024-02-28 18:31:58.355636,cancellation
0,POL-292234,2024-02-28 18:37:02.283190,cancellation
0,POL-863055,2024-02-28 20:46:47.326619,claim
0,POL-936061,2024-02-28 21:42:08.065987,cancellation
0,POL-538327,2024-02-28 22:37:49.187228,cancellation
0,POL-651012,2024-02-28 22:52:35.095272,claim
0,POL-338867,2024-02-28 23:01:59.403859,renewal
0,POL-025691,2024-02-28 23:18:37.532329,renewal
0,POL-663636,2024-02-29 02:38:37.085017,purchase
0,POL-532352,2024-02-29 02:56:27.118630,cancellation
0,POL-655597,2024-02-29 03:30:05.155656,purchase
0,POL-813326,2024-02-29 04:20:21.184663,renewal
0,POL-037765,2024-02-29 04:25:58.615248,cancellation
0,806047,2024-02-29 04:41:27.790134,claim
0,POL-228449,2024-02-29 04:47:50.131178,purchase
0,POL-231509,2024-02-29 05:10:54.376901,purchase
0,POL-323292,2024-02-29 06:14:43.918371,claim
0,POL-350479,2024-02-29 07:25:25.081803,renewal
0,POL-451451,2024-02-29 08:33:16.032557,renewal
0,POL-928257,2024-02-29 08:34:10.792923,renewal
0,POL-743261,2024-02-29 08:40:58.699618,cancellation
0,POL-651012,2024-02-29 10:15:03.895885,cancellation
0,POL-601463,2024-02-29 11:01:25.613481,purchase
0,POL-087846,2024-02-29 11:58:59.218175,claim
0,POL-216834,2024-02-29 12:09:29.885965,cancellation
0,POL-955474,2024-02-29 15:43:09.678845,cancellation
0,POL-014220,2024-02-29 16:09:58.628617,cancellation
0,POL-604194,2024-02-29 16:11:59.144699,renewal
0,POL-392499,2024-02-29 16:13:20.285165,renewal
0,POL-287679,2024-02-29 17:23:13.544147,claim
0,POL-056069,2024-02-29 17:24:01.224186,cancellation
0,POL-694252,2024-02-29 17:54:18.533460,claim
0,POL-600852,2024-02-29 18:57:06.523656,claim
0,POL-276126,2024-02-29 19:40:50.572993,purchase
0,POL-624540,2024-02-29 20:28:32.320902,renewal
0,POL-112852,2024-02-29 21:07:38.204888,cancellation
0,POL-764395,2024-03-01 00:19:25.066138,renewal
0,POL-317580,2024-03-01 01:42:56.023498,renewal
0,POL-925647,2024-03-01 02:25:05.371462,renewal
0,POL-605284,2024-03-01 02:31:19.075894,cancellation
0,POL-037765,2024-03-01 03:55:56.632797,cancellation
0,POL-215561,2024-03-01 03:58:00.563880,claim
0,POL-366421,2024-03-01 05:50:01.953699,cancellation
0,POL-431206,2024-03-01 07:06:00.053830,cancellation
0,POL-278856,2024-03-01 07:14:35.902601,cancellation
0,POL-443699,2024-03-01 08:21:10.957167,purchase
0,POL-713780,2024-03-01 08:33:37.227851,purchase
0,POL-988613,2024-03-01 10:44:26.834048,purchase
0,POL-030303,2024-03-01 10:48:36.978358,claim
0,POL-777125,2024-03-01 12:32:03.164716,purchase
0,POL-786191,2024-03-01 12:59:44.906308,purchase
0,POL-842810,2024-03-01 14:39:26.064136,purchase
0,POL-249324,2024-03-01 15:38:05.682262,renewal
0,POL-298373,2024-03-01 16:05:09.793969,renewal
0,POL-357125,2024-03-01 16:19:34.885993,claim
0,POL-125379,2024-03-01 19:41:59.907046,claim
0,POL-880214,2024-03-01 21:38:10.237143,purchase
0,POL-372433,2024-03-01 21:56:52.799538,renewal
0,POL-171273,2024-03-02 02:40:24.067236,claim
0,POL-878212,2024-03-02 03:02:51.791938,purchase
0,POL-907480,2024-03-02 03:29:45.967588,cancellation
0,POL-523993,2024-03-02 03:38:47.716110,cancellation
0,POL-789457,2024-03-02 04:23:04.905111,renewal
0,POL-684064,2024-03-02 04:58:22.828394,claim
0,POL-406017,2024-03-02 05:07:36.245531,renewal
0,POL-689303,2024-03-02 06:47:13.048316,claim
0,POL-581393,2024-03-02 06:48:26.957373,cancellation
0,POL-422259,2024-03-02 08:44:58.474041,cancellation
0,POL-832763,2024-03-02 08:47:03.849059,claim
0,POL-637932,2024-03-02 13:29:22.152375,claim
0,POL-316005,2024-03-02 15:09:32.531879,claim
0,POL-961791,2024-03-02 18:12:31.431903,cancellation
0,POL-331736,2024-03-02 18:33:23.498258,claim
0,POL-648008,2024-03-02 18:55:10.645027,renewal
0,POL-925370,2024-03-02 19:29:20.352545,claim
0,POL-321337,2024-03-02 21:44:54.829554,claim
0,POL-966040,2024-03-02 21:54:10.313550,claim
0,POL-943962,2024-03-02 22:03:46.160755,claim
0,POL-183714,2024-03-02 22:30:04.742916,purchase
0,POL-362870,2024-03-02 23:35:30.900692,cancellation
0,POL-055458,2024-03-03 01:32:22.763999,renewal
0,POL-479931,2024-03-03 01:48:52.145174,cancellation
0,POL-359371,2024-03-03 02:43:41.421227,purchase
0,POL-326049,2024-03-03 03:19:27.777032,cancellation
0,POL-177058,2024-03-03 04:34:32.371114,renewal
0,POL-783931,2024-03-03 06:58:18.149990,renewal
0,POL-472895,2024-03-03 07:40:56.899911,cancellation
0,POL-954494,2024-03-03 08:36:14.766244,renewal
0,POL-802313,2024-03-03 10:48:57.782877,cancellation
0,POL-742813,2024-03-03 13:55:49.372955,renewal
0,POL-233580,2024-03-03 14:33:26.417383,renewal
0,POL-704519,2024-03-03 17:06:27.698956,purchase
0,POL-060091,2024-03-03 18:22:23.318879,purchase
0,POL-446936,2024-03-03 18:48:09.413279,purchase
0,POL-174015,2024-03-03 18:57:30.564599,cancellation
0,POL-065526,2024-03-03 20:01:26.984997,claim
0,POL-579355,2024-03-03 21:15:59.229890,purchase
0,POL-469377,2024-03-03 22:22:42.859392,claim
0,POL-733110,2024-03-03 23:29:24.219170,purchase
0,POL-213042,2024-03-03 23:52:12.427642,renewal
0,POL-753559,2024-03-04 00:47:31.346024,cancellation
0,POL-254971,2024-03-04 01:43:06.117942,renewal
0,POL-408952,2024-03-04 01:49:20.101542,purchase
0,POL-923630,2024-03-04 05:06:52.741133,claim
0,POL-046674,2024-03-04 05:13:30.930530,cancellation
0,POL-819543,2024-03-04 05:21:30.746692,claim
0,POL-941828,2024-03-04 07:42:22.815221,purchase
0,POL-463377,2024-03-04 07:47:36.081048,cancellation
0,POL-014769,2024-03-04 10:02:36.425221,cancellation
0,POL-162501,2024-03-04 11:40:55.556949,claim
0,POL-205356,2024-03-04 14:53:42.701749,cancellation
0,POL-720341,2024-03-04 17:28:23.005065,purchase
0,POL-694392,2024-03-04 17:34:21.616252,renewal
0,POL-508293,2024-03-04 18:13:50.132477,cancellation
0,POL-449373,2024-03-04 18:36:57.891004,claim
0,POL-026407,2024-03-04 21:29:01.063374,claim
0,POL-224773,2024-03-04 22:42:48.944513,purchase
0,POL-470384,2024-03-04 23:53:36.557256,renewal
0,POL-556521,2024-03-05 01:17:19.695907,renewal
0,POL-135918,2024-03-05 01:31:04.094489,purchase
0,POL-896630,2024-03-05 03:19:54.113266,claim
0,POL-517208,2024-03-05 04:47:50.702546,cancellation
0,POL-691228,2024-03-05 05:54:17.071034,purchase
0,POL-424767,2024-03-05 06:52:23.881260,claim
0,POL-007359,2024-03-05 07:09:07.420146,renewal
0,POL-416354,2024-03-05 08:59:12.657211,cancellation
0,POL-994028,2024-03-05 09:08:27.447463,renewal
0,POL-015817,2024-03-05 10:09:43.502310,claim
0,POL-294837,2024-03-05 10:19:18.248574,cancellation
0,POL-894220,2024-03-05 11:43:40.843469,cancellation
0,POL-666949,2024-03-05 12:03:11.255750,renewal
0,POL-661321,2024-03-05 14:43:57.730060,cancellation
0,POL-116577,2024-03-05 17:23:19.505454,claim
0,POL-636775,2024-03-05 17:46:36.257557,renewal
0,POL-703707,2024-03-05 18:36:54.488949,cancellation
0,POL-694126,2024-03-05 18:46:16.354554,purchase
0,POL-882977,2024-03-05 19:04:08.378488,purchase
0,POL-651552,2024-03-05 20:17:31.843427,claim
0,921989,2024-03-05 21:35:10.784660,cancellation
0,POL-760018,2024-03-05 22:03:22.137513,cancellation
0,POL-386215,2024-03-05 22:35:24.138152,cancellation
0,POL-460428,2024-03-05 23:12:27.702676,cancellation
0,POL-961117,2024-03-05 23:58:52.780082,cancellation
0,POL-761291,2024-03-06 01:02:56.611120,claim
0,POL-298283,2024-03-06 02:12:31.677299,cancellation
0,POL-432100,2024-03-06 02:31:56.474813,claim
0,POL-067396,2024-03-06 04:08:32.564510,purchase
0,POL-675918,2024-03-06 05:20:43.914689,purchase
0,POL-137914,2024-03-06 05:27:38.888072,renewal
0,POL-413299,2024-03-06 06:00:41.395672,claim
0,POL-590930,2024-03-06 06:09:23.671189,claim
0,POL-697715,2024-03-06 06:15:59.473273,cancellation
0,513554,2024-03-06 07:54:07.851182,renewal
0,POL-442869,2024-03-06 08:01:22.823238,cancellation
0,POL-379817,2024-03-06 08:18:58.212067,renewal
0,POL-166544,2024-03-06 09:37:39.410691,claim
0,POL-587389,2024-03-06 09:47:38.384443,purchase
0,POL-755715,2024-03-06 10:53:00.403746,purchase
0,POL-112056,2024-03-06 10:59:05.063222,renewal
0,POL-459317,2024-03-06 13:36:54.388839,renewal
0,POL-702235,2024-03-06 13:50:59.664111,renewal
0,POL-342801,2024-03-06 14:17:50.159321,renewal
0,POL-847611,2024-03-06 16:46:31.550375,purchase
0,POL-587074,2024-03-06 17:28:01.697834,cancellation
0,POL-701986,2024-03-06 18:39:34.212553,claim
0,POL-223642,2024-03-06 19:33:53.823532,cancellation
0,POL-615708,2024-03-06 19:46:33.043701,renewal
0,POL-483744,2024-03-06 20:33:14.210924,claim
0,POL-247366,2024-03-06 21:28:50.260522,claim
0,POL-506378,2024-03-06 22:00:20.542548,claim
0,POL-692879,2024-03-06 23:01:37.697228,renewal
0,POL-352737,2024-03-06 23:50:21.833955,purchase
0,POL-590461,2024-03-06 23:53:22.302982,renewal
0,POL-899725,2024-03-07 00:30:31.773990,renewal
0,POL-782256,2024-03-07 01:44:54.709941,renewal
0,POL-303617,2024-03-07 03:18:52.724703,renewal
0,POL-904979,2024-03-07 04:32:20.442150,purchase
0,POL-261840,2024-03-07 06:23:36.902916,cancellation
0,POL-387771,2024-03-07 07:10:47.813215,purchase
0,POL-428229,2024-03-07 08:20:50.552109,renewal
0,POL-710793,2024-03-07 08:31:40.128361,purchase
0,POL-194003,2024-03-07 10:02:00.364128,renewal
0,POL-803134,2024-03-07 10:42:52.040044,renewal
0,POL-855668,2024-03-07 11:17:00.045427,claim
0,POL-994509,2024-03-07 12:06:17.598595,cancellation
0,POL-905406,2024-03-07 13:27:30.966360,cancellation
0,POL-870189,2024-03-07 14:19:04.222425,renewal
0,POL-664976,2024-03-07 14:50:16.560350,claim
0,POL-900571,2024-03-07 15:15:45.007912,purchase
0,POL-994615,2024-03-07 17:11:36.022557,purchase
0,POL-841087,2024-03-07 19:11:49.556562,cancellation
0,POL-266680,2024-03-07 21:32:05.549738,cancellation
0,POL-884719,2024-03-07 21:53:46.823910,purchase
0,POL-473791,2024-03-08 00:16:09.576300,renewal
0,POL-370493,2024-03-08 00:29:26.737110,cancellation
0,POL-501721,2024-03-08 01:06:40.699369,renewal
0,POL-026714,2024-03-08 01:20:46.878448,claim
0,POL-939564,2024-03-08 05:23:59.942240,purchase
0,POL-374694,2024-03-08 07:21:41.664121,claim
0,POL-561096,2024-03-08 10:30:50.961632,claim
0,POL-700404,2024-03-08 12:23:16.962108,renewal
0,POL-337387,2024-03-08 13:26:22.927503,claim
0,POL-165131,2024-03-08 13:26:24.727574,cancellation
0,POL-172010,2024-03-08 16:06:42.872464,cancellation
0,POL-705897,2024-03-08 17:44:50.550647,claim
0,POL-897603,2024-03-08 19:55:31.013288,renewal
0,POL-932194,2024-03-08 20:03:42.924102,renewal
0,POL-804014,2024-03-08 22:28:47.479016,renewal
0,POL-772774,2024-03-08 23:01:51.797624,cancellation
0,POL-501712,2024-03-08 23:15:25.328431,renewal
0,POL-261840,2024-03-09 00:43:10.461005,cancellation
0,POL-281944,2024-03-09 08:25:38.090473,purchase
0,POL-077972,2024-03-09 11:11:02.043249,renewal
0,POL-298283,2024-03-09 11:16:19.100468,cancellation
0,POL-374662,2024-03-09 13:58:16.890898,renewal
0,POL-814821,2024-03-09 14:30:34.394525,purchase
0,POL-549641,2024-03-09 16:18:43.778017,renewal
0,POL-213256,2024-03-09 17:00:24.305873,renewal
0,POL-022529,2024-03-09 22:07:32.254745,renewal
0,POL-327370,2024-03-10 01:39:20.952057,cancellation
0,POL-600878,2024-03-10 02:14:02.799593,renewal
0,POL-198500,2024-03-10 02:36:02.217423,purchase
0,POL-053580,2024-03-10 05:40:33.011473,purchase
0,POL-178825,2024-03-10 08:00:31.706840,renewal
0,POL-125936,2024-03-10 08:57:00.333599,purchase
0,POL-595252,2024-03-10 09:17:39.630617,claim
0,POL-045028,2024-03-10 09:41:06.884883,cancellation
0,POL-778083,2024-03-10 09:45:32.734302,claim
0,POL-595633,2024-03-10 10:18:30.489371,purchase
0,POL-750558,2024-03-10 10:44:40.211454,claim
0,POL-016029,2024-03-10 11:13:52.951553,claim
0,POL-151573,2024-03-10 11:38:13.311817,renewal
0,POL-388044,2024-03-10 12:21:09.774099,renewal
0,POL-783211,2024-03-10 12:57:35.159194,purchase
0,POL-824395,2024-03-10 13:29:06.437808,renewal
0,POL-197653,2024-03-10 13:47:21.912926,purchase
0,POL-300632,2024-03-10 14:47:16.530606,cancellation
0,POL-971590,2024-03-10 14:59:22.060173,cancellation
0,POL-101613,2024-03-10 15:25:56.798359,claim
0,POL-248757,2024-03-10 15:52:06.943617,purchase
0,POL-021112,2024-03-10 18:17:41.263063,purchase
0,POL-061658,2024-03-10 18:49:12.417323,claim
0,POL-516618,2024-03-10 22:25:25.527082,purchase
0,POL-653672,2024-03-10 22:58:11.049363,cancellation
0,POL-708337,2024-03-10 23:21:22.546923,purchase
0,POL-423243,2024-03-10 23:25:39.386093,renewal
0,POL-496128,2024-03-11 00:14:36.540868,purchase
0,POL-186327,2024-03-11 00:47:53.942095,renewal
0,POL-099522,2024-03-11 01:22:08.498183,renewal
0,POL-319321,2024-03-11 02:36:32.131942,renewal
0,POL-848606,2024-03-11 03:59:55.557688,renewal
0,POL-620749,2024-03-11 04:04:24.096547,claim
0,POL-012811,2024-03-11 04:33:59.885646,claim
0,POL-441362,2024-03-11 09:28:39.309801,cancellation
0,POL-282917,2024-03-11 10:20:37.511617,claim
0,POL-328650,2024-03-11 10:23:30.758799,purchase
0,POL-823386,2024-03-11 11:21:15.941988,purchase
0,POL-212991,2024-03-11 13:10:45.694093,claim
0,POL-656270,2024-03-11 14:07:44.535637,claim
0,POL-391527,2024-03-11 16:13:44.441231,purchase
0,POL-099810,2024-03-11 16:24:49.291290,cancellation
0,POL-037831,2024-03-11 22:17:38.740263,purchase
0,POL-177058,2024-03-11 22:31:29.926545,purchase
0,POL-990250,2024-03-11 22:36:54.623048,renewal
0,POL-275578,2024-03-11 23:32:40.325284,renewal
0,POL-940398,2024-03-11 23:40:28.709847,purchase
0,POL-190738,2024-03-12 00:16:45.298865,claim
0,POL-694208,2024-03-12 01:58:34.875404,cancellation
0,POL-254368,2024-03-12 02:11:40.099287,renewal
0,329351,2024-03-12 02:45:43.107325,claim
0,POL-798543,2024-03-12 04:09:31.090166,purchase
0,POL-488260,2024-03-12 04:25:55.110255,cancellation
0,POL-118917,2024-03-12 04:26:39.002423,purchase
0,POL-446931,2024-03-12 05:11:58.881963,renewal
0,POL-235751,2024-03-12 10:28:26.447261,renewal
0,POL-017311,2024-03-12 10:47:50.832455,renewal
0,POL-749793,2024-03-12 12:17:56.675856,purchase
0,POL-461213,2024-03-12 12:29:08.977103,cancellation
0,POL-363052,2024-03-12 12:49:02.358569,cancellation
0,POL-460967,2024-03-12 14:23:54.915553,cancellation
0,POL-298763,2024-03-12 15:13:01.078967,claim
0,POL-986707,2024-03-12 15:14:26.047137,purchase
0,POL-894220,2024-03-12 16:08:48.071257,purchase
0,POL-063252,2024-03-12 16:41:46.598035,renewal
0,POL-145576,2024-03-12 19:07:24.577039,purchase
0,POL-148783,2024-03-12 19:26:16.796135,cancellation
0,POL-213074,2024-03-12 19:48:42.009682,purchase
0,POL-367806,2024-03-12 21:21:57.198020,claim
0,POL-953819,2024-03-12 23:26:54.537451,claim
0,POL-113162,2024-03-12 23:27:25.234571,renewal
0,184337,2024-03-13 02:49:00.042723,cancellation
0,POL-350480,2024-03-13 04:10:43.071566,claim
0,POL-809674,2024-03-13 04:47:19.344316,purchase
0,POL-177362,2024-03-13 04:58:54.222074,claim
0,POL-529516,2024-03-13 06:01:42.435747,cancellation
0,POL-568167,2024-03-13 06:30:49.165415,cancellation
0,POL-065572,2024-03-13 06:53:37.973628,claim
0,POL-737803,2024-03-13 07:55:34.101276,renewal
0,POL-337387,2024-03-13 08:04:25.602838,cancellation
0,POL-838819,2024-03-13 08:50:09.519492,renewal
0,POL-647579,2024-03-13 09:04:40.913179,cancellation
0,098632,2024-03-13 11:23:56.998059,purchase
0,POL-967009,2024-03-13 15:59:07.289853,renewal
0,POL-798761,2024-03-13 16:16:11.796077,purchase
0,POL-505292,2024-03-13 17:21:36.075918,renewal
0,POL-239349,2024-03-13 17:41:05.935508,renewal
0,POL-010838,2024-03-13 18:23:10.038041,cancellation
0,POL-733113,2024-03-13 18:35:42.731019,claim
0,POL-250545,2024-03-13 23:29:32.667590,cancellation
0,POL-109659,2024-03-13 23:36:35.869644,purchase
0,POL-910866,2024-03-14 01:30:06.052743,purchase
0,POL-414758,2024-03-14 01:33:52.111723,cancellation
0,POL-627916,2024-03-14 03:04:47.419176,renewal
0,POL-346857,2024-03-14 03:20:02.911269,purchase
0,POL-302233,2024-03-14 03:29:56.481636,renewal
0,POL-241694,2024-03-14 05:02:26.008182,renewal
0,POL-658223,2024-03-14 05:22:17.560545,claim
0,POL-304944,2024-03-14 06:24:48.260388,claim
0,POL-907959,2024-03-14 07:29:59.684135,purchase
0,POL-115932,2024-03-14 09:19:25.336806,renewal
0,POL-076957,2024-03-14 09:41:40.252630,purchase
0,POL-114262,2024-03-14 09:43:10.602611,purchase
0,POL-684326,2024-03-14 11:30:07.179665,claim
0,POL-628026,2024-03-14 11:38:14.406284,claim
0,POL-168893,2024-03-14 12:05:23.226567,renewal
0,POL-130938,2024-03-14 14:30:54.051344,purchase
0,POL-019488,2024-03-14 14:50:45.231689,cancellation
0,POL-077056,2024-03-14 15:28:20.524321,claim
0,POL-759589,2024-03-14 16:15:47.431929,renewal
0,POL-088827,2024-03-14 16:28:45.993906,cancellation
0,POL-761984,2024-03-14 18:10:28.578353,cancellation
0,POL-629690,2024-03-14 18:36:01.879803,renewal
0,POL-756185,2024-03-14 18:42:54.313365,purchase
0,POL-127588,2024-03-14 19:45:52.291169,cancellation
0,POL-126142,2024-03-14 21:00:59.556661,renewal
0,POL-947995,2024-03-14 23:53:32.070372,claim
0,POL-748748,2024-03-15 00:00:45.369443,renewal
0,POL-768143,2024-03-15 01:22:45.644337,purchase
0,POL-648008,2024-03-15 01:43:22.952525,renewal
0,POL-062923,2024-03-15 01:54:26.440901,purchase
0,POL-316374,2024-03-15 02:25:36.549176,cancellation
0,POL-521556,2024-03-15 04:55:49.226720,claim
0,POL-388906,2024-03-15 11:21:31.296600,purchase
0,POL-955474,2024-03-15 12:30:00.947976,cancellation
0,POL-534437,2024-03-15 12:35:31.362224,cancellation
0,POL-749307,2024-03-15 13:06:12.666097,claim
0,POL-495440,2024-03-15 13:18:00.631069,renewal
0,POL-015256,2024-03-15 14:08:30.538639,cancellation
0,POL-765114,2024-03-15 14:59:43.460440,claim
0,POL-228795,2024-03-15 16:50:22.121260,renewal
0,POL-959615,2024-03-15 19:01:20.371524,purchase
0,POL-057874,2024-03-15 19:20:41.870527,cancellation
0,POL-466841,2024-03-15 19:40:55.005541,purchase
0,POL-199202,2024-03-15 20:05:06.139134,claim
0,POL-127588,2024-03-15 20:28:41.754995,cancellation
0,POL-059628,2024-03-15 21:03:08.174736,purchase
0,POL-668550,2024-03-15 22:14:37.374346,claim
0,POL-779652,2024-03-15 23:10:27.300282,purchase
0,POL-180334,2024-03-15 23:37:15.181165,claim
0,POL-974424,2024-03-15 23:41:23.926558,purchase
0,POL-435832,2024-03-16 00:42:07.463393,renewal
0,POL-795252,2024-03-16 04:33:01.311026,purchase
0,POL-013726,2024-03-16 05:18:38.916966,renewal
0,POL-952528,2024-03-16 08:25:38.210316,claim
0,POL-624918,2024-03-16 10:02:13.050661,cancellation
0,POL-124537,2024-03-16 11:08:15.816024,cancellation
0,909701,2024-03-16 11:33:35.853472,purchase
0,POL-479282,2024-03-16 12:03:13.973699,purchase
0,POL-532348,2024-03-16 12:22:28.757167,claim
0,POL-570047,2024-03-16 12:52:42.023977,renewal
0,POL-010067,2024-03-16 13:03:34.880341,renewal
0,POL-632663,2024-03-16 14:30:06.174457,renewal
0,POL-446324,2024-03-16 14:41:34.883048,cancellation
0,POL-441895,2024-03-16 14:45:28.279496,purchase
0,POL-119669,2024-03-16 15:29:08.411592,renewal
0,POL-952366,2024-03-16 17:05:04.459381,claim
0,POL-016004,2024-03-16 18:36:51.080554,renewal
0,POL-961083,2024-03-16 18:57:24.340165,purchase
0,POL-836595,2024-03-16 19:51:18.277614,renewal
0,POL-377393,2024-03-16 20:36:14.529850,renewal
0,POL-135826,2024-03-16 21:17:32.852603,renewal
0,POL-284934,2024-03-16 21:41:53.459384,claim
0,POL-522748,2024-03-16 21:45:25.182837,purchase
0,POL-454109,2024-03-16 21:56:18.293466,purchase
0,POL-238777,2024-03-16 23:38:58.220729,cancellation
0,POL-161684,2024-03-17 00:07:12.822346,claim
0,POL-154439,2024-03-17 01:05:58.933971,cancellation
0,POL-925665,2024-03-17 01:20:12.122527,cancellation
0,POL-460872,2024-03-17 01:21:56.689121,renewal
0,POL-415187,2024-03-17 02:30:32.782554,purchase
0,POL-843659,2024-03-17 02:43:20.301357,cancellation
0,POL-615371,2024-03-17 05:07:59.466061,claim
0,POL-742813,2024-03-17 05:14:52.400264,renewal
0,POL-440516,2024-03-17 08:05:09.877387,renewal
0,POL-877560,2024-03-17 09:43:02.561188,purchase
0,POL-453482,2024-03-17 11:54:38.127486,claim
0,POL-127267,2024-03-17 12:03:36.399825,cancellation
0,POL-544176,2024-03-17 13:21:53.155330,renewal
0,POL-882658,2024-03-17 14:27:30.757416,renewal
0,POL-230507,2024-03-17 14:52:45.657851,renewal
0,POL-542601,2024-03-17 17:47:14.623285,claim
0,POL-381364,2024-03-17 19:02:52.639710,renewal
0,POL-285676,2024-03-17 19:03:59.742656,cancellation
0,POL-036853,2024-03-17 20:07:42.622384,cancellation
0,POL-295798,2024-03-17 20:46:09.717723,renewal
0,POL-495284,2024-03-17 21:36:39.232475,cancellation
0,POL-987914,2024-03-17 22:06:50.701512,renewal
0,POL-080313,2024-03-17 22:58:59.452741,cancellation
0,POL-293940,2024-03-17 23:10:57.596020,purchase
0,POL-019556,2024-03-18 01:26:34.021500,renewal
0,POL-688902,2024-03-18 03:23:21.186145,renewal
0,POL-939643,2024-03-18 04:39:16.975033,claim
0,POL-822220,2024-03-18 05:19:34.001533,claim
0,POL-598182,2024-03-18 05:35:28.985627,claim
0,POL-290438,2024-03-18 06:00:31.666451,claim
0,POL-055528,2024-03-18 06:31:07.369241,claim
0,POL-301092,2024-03-18 07:04:05.420872,renewal
0,POL-153216,2024-03-18 08:17:31.752545,purchase
0,POL-724116,2024-03-18 09:01:08.286678,renewal
0,POL-366203,2024-03-18 09:05:57.038128,cancellation
0,POL-570501,2024-03-18 09:50:44.399350,cancellation
0,POL-076888,2024-03-18 12:19:52.119297,cancellation
0,POL-319896,2024-03-18 13:58:35.541932,purchase
0,POL-753352,2024-03-18 14:03:08.318079,renewal
0,POL-662613,2024-03-18 18:22:55.612181,claim
0,POL-136876,2024-03-18 18:36:12.650154,purchase
0,POL-553268,2024-03-18 20:47:08.166904,renewal
0,POL-978952,2024-03-18 21:50:31.825818,renewal
0,POL-009821,2024-03-18 23:06:49.839224,purchase
0,POL-776989,2024-03-18 23:29:56.250827,purchase
0,POL-215639,2024-03-19 00:43:48.069022,claim
0,POL-249978,2024-03-19 02:04:23.192348,cancellation
0,324908,2024-03-19 02:57:57.172411,renewal
0,POL-913034,2024-03-19 03:59:11.003519,cancellation
0,POL-620067,2024-03-19 07:58:04.128293,renewal
0,POL-559204,2024-03-19 08:18:51.497095,purchase
0,POL-604381,2024-03-19 09:18:03.349524,purchase
0,POL-532352,2024-03-19 10:08:14.406655,renewal
0,930500,2024-03-19 10:46:18.855371,claim
0,POL-198500,2024-03-19 11:00:55.362333,cancellation
0,POL-257339,2024-03-19 11:41:34.760623,purchase
0,POL-034979,2024-03-19 12:47:46.145528,claim
0,POL-590463,2024-03-19 14:44:56.937716,claim
0,POL-897724,2024-03-19 14:58:47.952694,renewal
0,POL-046032,2024-03-19 15:07:00.619394,claim
0,POL-759625,2024-03-19 16:52:11.447365,purchase
0,POL-298819,2024-03-19 18:40:41.351296,purchase
0,POL-389681,2024-03-19 19:21:57.601504,cancellation
0,POL-390849,2024-03-19 20:59:28.236433,purchase
0,POL-821501,2024-03-19 21:18:25.505142,claim
0,POL-319193,2024-03-19 23:03:41.490465,purchase
0,POL-707664,2024-03-19 23:42:20.529544,claim
0,POL-685132,2024-03-19 23:45:11.179859,purchase
0,POL-552732,2024-03-19 23:59:05.884717,renewal
0,POL-129902,2024-03-20 02:34:12.186087,purchase
0,POL-884719,2024-03-20 04:41:22.369288,claim
0,POL-221154,2024-03-20 05:34:20.790043,renewal
0,POL-568860,2024-03-20 06:53:40.933097,renewal
0,POL-414745,2024-03-20 07:56:17.097169,renewal
0,POL-301221,2024-03-20 09:22:12.955309,cancellation
0,POL-854047,2024-03-20 09:24:27.651261,claim
0,POL-133053,2024-03-20 09:51:16.817173,cancellation
0,POL-976840,2024-03-20 10:31:08.944224,purchase
0,POL-872903,2024-03-20 11:01:26.761512,renewal
0,POL-359721,2024-03-20 11:52:31.018454,purchase
0,POL-011496,2024-03-20 14:23:17.313535,renewal
0,POL-321622,2024-03-20 18:10:36.071923,cancellation
0,POL-318964,2024-03-20 19:38:56.760638,renewal
0,POL-593513,2024-03-20 20:01:38.410655,cancellation
0,POL-386851,2024-03-20 20:13:36.195728,renewal
0,327623,2024-03-20 20:25:03.349377,renewal
0,POL-506109,2024-03-20 21:04:09.316065,renewal
0,POL-579022,2024-03-20 21:45:19.011251,renewal
0,POL-889509,2024-03-20 22:02:54.102836,claim
0,POL-669330,2024-03-20 22:16:13.774844,claim
0,POL-496128,2024-03-20 23:50:00.580214,claim
0,POL-911572,2024-03-21 00:51:58.496262,cancellation
0,POL-297239,2024-03-21 02:50:01.124486,purchase
0,POL-552821,2024-03-21 03:00:04.321932,purchase
0,POL-542316,2024-03-21 04:36:31.552699,renewal
0,POL-422123,2024-03-21 04:40:34.837416,cancellation
0,POL-917424,2024-03-21 04:56:52.141445,claim
0,POL-089838,2024-03-21 07:44:32.647613,claim
0,POL-953003,2024-03-21 08:12:19.746935,purchase
0,POL-192602,2024-03-21 09:58:31.492923,renewal
0,POL-775621,2024-03-21 12:18:40.153399,cancellation
0,POL-243385,2024-03-21 12:38:36.115636,renewal
0,POL-472221,2024-03-21 12:49:26.130188,claim
0,POL-665365,2024-03-21 13:05:42.113976,claim
0,POL-115272,2024-03-21 14:35:12.725722,purchase
0,POL-404393,2024-03-21 16:27:10.876131,purchase
0,POL-739091,2024-03-21 16:31:54.284814,purchase
0,POL-779779,2024-03-21 17:01:19.176908,cancellation
0,POL-769881,2024-03-21 18:13:54.755634,cancellation
0,POL-152035,2024-03-21 18:19:20.500188,purchase
0,POL-967009,2024-03-21 19:03:45.396672,claim
0,POL-521510,2024-03-21 21:03:45.200300,renewal
0,POL-676399,2024-03-21 22:32:43.523651,claim
0,POL-656398,2024-03-21 22:51:39.277405,renewal
0,POL-362464,2024-03-22 01:30:58.291865,claim
0,POL-644781,2024-03-22 03:00:56.540745,claim
0,POL-121921,2024-03-22 03:01:27.028100,purchase
0,POL-578218,2024-03-22 06:17:25.572612,renewal
0,POL-206467,2024-03-22 06:21:49.337744,claim
0,POL-028781,2024-03-22 06:47:02.510022,claim
0,POL-595104,2024-03-22 06:48:01.888820,renewal
0,POL-521138,2024-03-22 07:44:20.130561,cancellation
0,POL-662378,2024-03-22 07:49:40.778527,purchase
0,POL-527044,2024-03-22 08:12:17.702751,claim
0,POL-309443,2024-03-22 10:09:21.267523,cancellation
0,POL-617112,2024-03-22 12:42:52.296467,cancellation
0,POL-756185,2024-03-22 13:52:25.701308,renewal
0,POL-089379,2024-03-22 15:44:41.011739,purchase
0,POL-505921,2024-03-22 16:08:41.200425,renewal
0,POL-473615,2024-03-22 16:17:53.209493,renewal
0,POL-098448,2024-03-22 17:04:19.543011,renewal
0,POL-028781,2024-03-22 18:08:43.639890,cancellation
0,POL-488803,2024-03-22 18:23:47.764394,purchase
0,POL-218638,2024-03-22 20:05:45.213964,claim
0,POL-230492,2024-03-22 22:05:29.048135,claim
0,POL-618623,2024-03-22 22:20:52.213316,purchase
0,POL-500236,2024-03-22 23:11:58.442920,purchase
0,POL-351183,2024-03-23 04:02:34.541443,renewal
0,POL-660000,2024-03-23 05:57:27.453931,cancellation
0,POL-760009,2024-03-23 08:29:11.790949,cancellation
0,POL-249936,2024-03-23 08:58:25.918540,cancellation
0,POL-198684,2024-03-23 09:18:09.751482,claim
0,POL-292745,2024-03-23 10:25:51.329955,claim
0,POL-473564,2024-03-23 12:20:13.631562,cancellation
0,POL-483074,2024-03-23 12:39:56.415255,cancellation
0,POL-516796,2024-03-23 13:21:11.679756,claim
0,POL-768046,2024-03-23 13:55:10.766586,claim
0,POL-841689,2024-03-23 13:55:54.729993,renewal
0,POL-070686,2024-03-23 16:33:21.166965,claim
0,POL-120481,2024-03-23 17:26:35.297246,claim
0,921989,2024-03-23 17:50:02.082475,claim
0,POL-046292,2024-03-23 18:26:52.064083,renewal
0,POL-174000,2024-03-23 18:44:30.034743,claim
0,POL-948964,2024-03-23 19:05:27.448581,claim
0,POL-061987,2024-03-23 20:14:09.853362,renewal
0,POL-828446,2024-03-23 20:40:51.543220,renewal
0,POL-366203,2024-03-23 22:43:09.100055,claim
0,POL-634608,2024-03-23 23:07:22.720496,claim
0,POL-841347,2024-03-23 23:18:20.437164,cancellation
0,POL-493240,2024-03-23 23:33:59.257119,purchase
0,POL-816502,2024-03-24 01:22:23.500632,renewal
0,POL-569777,2024-03-24 02:40:20.016805,renewal
0,POL-307541,2024-03-24 04:10:59.341934,cancellation
0,POL-889200,2024-03-24 04:12:23.812727,purchase
0,POL-026530,2024-03-24 04:25:20.232995,cancellation
0,POL-389280,2024-03-24 04:36:33.828070,cancellation
0,POL-498512,2024-03-24 05:15:44.982425,renewal
0,POL-046292,2024-03-24 05:38:05.239976,claim
0,POL-377523,2024-03-24 05:59:52.402894,purchase
0,POL-036853,2024-03-24 06:50:30.736468,cancellation
0,POL-987708,2024-03-24 07:33:50.053648,renewal
0,085015,2024-03-24 08:04:35.868656,cancellation
0,POL-764341,2024-03-24 09:04:15.637164,renewal
0,POL-241590,2024-03-24 11:31:25.316768,cancellation
0,POL-153206,2024-03-24 11:36:16.412072,renewal
0,POL-594048,2024-03-24 12:09:32.792885,claim
0,POL-501064,2024-03-24 12:47:58.954309,renewal
0,POL-833019,2024-03-24 13:41:50.789243,claim
0,POL-859154,2024-03-24 13:50:01.691982,renewal
0,POL-301221,2024-03-24 14:09:32.617428,claim
0,POL-857835,2024-03-24 14:30:30.299672,claim
0,POL-478066,2024-03-24 15:06:06.189016,claim
0,POL-898304,2024-03-24 16:12:42.566452,cancellation
0,POL-555463,2024-03-24 17:13:20.173908,renewal
0,POL-142458,2024-03-24 17:48:52.509184,claim
0,POL-154725,2024-03-24 17:54:18.558513,purchase
0,POL-833019,2024-03-24 18:24:06.128945,cancellation
0,POL-500236,2024-03-24 19:58:23.348492,renewal
0,POL-629405,2024-03-24 21:11:30.570732,cancellation
0,POL-224124,2024-03-24 21:43:04.286675,claim
0,POL-850419,2024-03-24 21:43:05.725923,cancellation
0,POL-052523,2024-03-24 23:14:54.159853,cancellation
0,POL-977860,2024-03-24 23:45:21.811169,cancellation
0,POL-885252,2024-03-25 01:03:24.164546,cancellation
0,POL-509731,2024-03-25 02:24:42.032872,purchase
0,POL-483811,2024-03-25 02:29:11.414212,claim
0,POL-872871,2024-03-25 03:07:49.178832,cancellation
0,POL-493923,2024-03-25 03:43:52.025553,purchase
0,POL-084491,2024-03-25 04:17:00.375032,renewal
0,POL-256910,2024-03-25 05:23:24.083365,claim
0,POL-745564,2024-03-25 05:37:58.940305,claim
0,POL-414745,2024-03-25 06:20:43.153566,claim
0,POL-863916,2024-03-25 06:25:02.166645,purchase
0,POL-884230,2024-03-25 07:15:58.799424,cancellation
0,POL-858851,2024-03-25 07:32:14.849419,purchase
0,POL-802313,2024-03-25 10:30:40.910086,claim
0,POL-205622,2024-03-25 14:01:39.965020,claim
0,POL-097538,2024-03-25 14:27:18.487687,purchase
0,POL-619457,2024-03-25 15:43:26.585272,claim
0,POL-597843,2024-03-25 16:03:30.723511,renewal
0,POL-877023,2024-03-25 17:23:12.749858,cancellation
0,POL-929130,2024-03-25 18:13:09.945654,purchase
0,POL-164820,2024-03-25 18:17:25.434564,claim
0,POL-862145,2024-03-25 18:36:25.787674,renewal
0,POL-380817,2024-03-25 19:15:13.941163,claim
0,POL-907509,2024-03-25 21:49:12.330688,claim
0,POL-620668,2024-03-25 22:50:16.164371,claim
0,POL-417800,2024-03-26 00:00:47.173070,cancellation
0,POL-560362,2024-03-26 00:51:18.720231,renewal
0,POL-996526,2024-03-26 02:35:08.638857,purchase
0,POL-509558,2024-03-26 03:04:37.134647,claim
0,POL-620749,2024-03-26 04:33:12.116175,purchase
0,POL-612845,2024-03-26 05:50:40.750955,renewal
0,POL-244891,2024-03-26 07:46:29.870131,purchase
0,POL-342162,2024-03-26 11:07:13.964799,claim
0,POL-128965,2024-03-26 15:13:23.052162,renewal
0,POL-475603,2024-03-26 15:20:01.300412,renewal
0,POL-831949,2024-03-26 16:08:03.351005,purchase
0,POL-161419,2024-03-26 16:21:50.043971,purchase
0,POL-158436,2024-03-26 17:41:14.439467,cancellation
0,439274,2024-03-26 19:11:27.530158,cancellation
0,983145,2024-03-26 19:15:20.164476,purchase
0,POL-704257,2024-03-26 19:38:21.127218,claim
0,POL-680629,2024-03-26 20:16:56.818071,claim
0,POL-836586,2024-03-26 21:46:39.375240,purchase
0,POL-083821,2024-03-26 22:11:39.772682,cancellation
0,POL-026714,2024-03-26 22:56:04.234905,claim
0,POL-492405,2024-03-27 00:54:25.600808,claim
0,POL-545774,2024-03-27 01:14:31.992054,renewal
0,POL-476301,2024-03-27 01:18:44.129249,claim
0,POL-727325,2024-03-27 02:06:27.224509,purchase
0,POL-563487,2024-03-27 02:30:29.185477,purchase
0,POL-560462,2024-03-27 03:38:05.537045,renewal
0,POL-599641,2024-03-27 06:06:05.382457,claim
0,POL-623489,2024-03-27 08:22:21.287892,purchase
0,POL-195089,2024-03-27 11:34:59.977374,cancellation
0,POL-233580,2024-03-27 14:35:23.379847,cancellation
0,POL-874535,2024-03-27 15:50:33.900846,renewal
0,POL-862145,2024-03-27 15:53:00.226142,renewal
0,POL-119288,2024-03-27 18:11:16.619293,renewal
0,POL-230507,2024-03-27 19:25:33.991550,cancellation
0,POL-419723,2024-03-27 19:58:23.826117,renewal
0,POL-190355,2024-03-27 20:31:43.531608,cancellation
0,POL-331197,2024-03-27 20:37:26.872133,cancellation
0,POL-974910,2024-03-27 21:35:28.468443,purchase
0,POL-790081,2024-03-27 22:26:36.367424,cancellation
0,POL-475790,2024-03-27 22:26:48.245373,renewal
0,POL-366301,2024-03-27 22:38:34.775316,claim
0,POL-905544,2024-03-28 01:17:23.621744,renewal
0,POL-325734,2024-03-28 01:40:40.826869,purchase
0,POL-865310,2024-03-28 05:12:53.297466,renewal
0,POL-129925,2024-03-28 07:13:39.625679,purchase
0,POL-292668,2024-03-28 08:12:22.415384,purchase
0,POL-600852,2024-03-28 09:52:02.589306,renewal
0,POL-620643,2024-03-28 10:01:40.573373,renewal
0,POL-814448,2024-03-28 10:29:20.757050,claim
0,POL-903777,2024-03-28 11:52:19.327388,claim
0,POL-999379,2024-03-28 12:06:10.377156,cancellation
0,POL-685760,2024-03-28 13:58:03.632512,claim
0,POL-396524,2024-03-28 14:51:40.327132,renewal
0,POL-489660,2024-03-28 14:54:35.706385,purchase
0,POL-705880,2024-03-28 18:07:27.317266,purchase
0,POL-391832,2024-03-28 18:55:08.814562,renewal
0,POL-502991,2024-03-28 20:38:17.988041,purchase
0,POL-399524,2024-03-28 20:42:05.312252,purchase
0,POL-964846,2024-03-28 20:58:21.540413,purchase
0,POL-572050,2024-03-28 22:14:06.720812,claim
0,POL-025354,2024-03-28 23:36:16.294004,claim
0,POL-814100,2024-03-29 00:25:51.448888,purchase
0,POL-991949,2024-03-29 02:03:40.371280,renewal
0,POL-609871,2024-03-29 03:28:57.668710,purchase
0,POL-514238,2024-03-29 04:37:23.990052,claim
0,POL-662242,2024-03-29 09:18:26.189550,purchase
0,POL-182070,2024-03-29 11:11:34.268309,purchase
0,POL-476244,2024-03-29 11:23:12.031386,cancellation
0,POL-603941,2024-03-29 15:16:14.887139,cancellation
0,POL-137415,2024-03-29 16:48:58.871573,purchase
0,POL-647757,2024-03-29 17:40:00.592188,renewal
0,POL-511829,2024-03-29 19:20:08.977684,purchase
0,POL-823416,2024-03-29 19:34:22.423941,claim
0,POL-670519,2024-03-29 21:26:01.351676,cancellation
0,POL-732779,2024-03-29 22:42:47.719126,purchase
0,POL-924871,2024-03-30 00:17:44.486843,purchase
0,POL-939564,2024-03-30 01:52:59.703268,claim
0,POL-764395,2024-03-30 05:16:27.156246,cancellation
0,POL-182070,2024-03-30 06:44:41.282606,claim
0,POL-014928,2024-03-30 07:48:48.889285,claim
0,POL-854739,2024-03-30 08:11:05.722563,purchase
0,POL-659257,2024-03-30 09:13:26.957368,renewal
0,POL-272861,2024-03-30 09:16:43.332461,renewal
0,POL-374662,2024-03-30 10:08:48.034734,claim
0,POL-313960,2024-03-30 10:43:44.819073,renewal
0,POL-872365,2024-03-30 11:31:20.312169,claim
0,POL-179188,2024-03-30 12:22:43.268591,cancellation
0,POL-894538,2024-03-30 14:04:44.584000,purchase
0,POL-228449,2024-03-30 16:08:26.456863,claim
0,POL-321198,2024-03-30 16:48:14.738067,renewal
0,POL-118461,2024-03-30 17:47:25.419038,renewal
0,POL-694252,2024-03-30 22:14:53.382181,cancellation
0,POL-054443,2024-03-31 00:57:20.862137,renewal
0,POL-745002,2024-03-31 01:43:25.711039,purchase
0,POL-556620,2024-03-31 01:55:56.675375,cancellation
0,POL-132963,2024-03-31 02:03:11.197527,cancellation
0,POL-977835,2024-03-31 03:16:00.781573,claim
0,POL-991176,2024-03-31 07:09:08.731733,renewal
0,POL-631606,2024-03-31 07:30:50.533629,purchase
0,POL-090461,2024-03-31 07:39:51.261700,purchase
0,POL-453320,2024-03-31 07:55:38.960932,renewal
0,POL-515780,2024-03-31 08:13:43.787580,purchase
0,POL-094895,2024-03-31 10:47:12.235624,renewal
0,POL-771229,2024-03-31 11:37:59.763463,renewal
0,POL-792668,2024-03-31 12:54:51.869632,purchase
0,POL-406658,2024-03-31 13:34:19.813521,renewal
0,POL-778696,2024-03-31 15:46:46.604207,renewal
0,POL-785665,2024-03-31 16:44:21.740742,cancellation
0,POL-458172,2024-03-31 19:40:41.811888,cancellation
0,POL-738219,2024-03-31 19:42:32.995491,renewal
0,POL-008923,2024-03-31 21:25:32.490501,cancellation
0,POL-633561,2024-03-31 22:55:52.072168,renewal
0,POL-617112,2024-03-31 23:41:51.738832,cancellation
0,POL-834075,2024-04-01 00:14:47.588496,renewal
0,POL-379205,2024-04-01 01:02:46.003642,claim
0,POL-597843,2024-04-01 01:21:36.144939,cancellation
0,POL-884798,2024-04-01 03:36:24.168175,cancellation
0,POL-038378,2024-04-01 04:58:00.530081,renewal
0,POL-778469,2024-04-01 06:39:58.742153,renewal
0,POL-224109,2024-04-01 06:49:18.212044,cancellation
0,POL-884904,2024-04-01 07:04:48.394762,purchase
0,POL-030457,2024-04-01 07:11:47.723989,purchase
0,POL-872459,2024-04-01 09:38:19.017822,claim
0,POL-924501,2024-04-01 12:14:50.421061,renewal
0,POL-003061,2024-04-01 12:16:01.602424,purchase
0,POL-953003,2024-04-01 12:24:49.345436,cancellation
0,POL-785197,2024-04-01 13:03:20.448975,purchase
0,POL-877812,2024-04-01 13:35:31.287341,claim
0,POL-387140,2024-04-01 16:12:47.464702,claim
0,POL-771996,2024-04-01 17:16:24.403346,claim
0,POL-322560,2024-04-01 17:50:23.865295,renewal
0,POL-386875,2024-04-01 18:26:52.279105,renewal
0,POL-916256,2024-04-01 19:50:34.302687,renewal
0,POL-638521,2024-04-01 22:48:21.568286,claim
0,POL-571310,2024-04-02 01:03:58.891100,cancellation
0,POL-420306,2024-04-02 02:38:26.352235,claim
0,POL-598491,2024-04-02 02:39:03.828994,cancellation
0,POL-445712,2024-04-02 04:23:12.709632,renewal
0,POL-480999,2024-04-02 04:23:19.897721,renewal
0,POL-872871,2024-04-02 05:21:47.691593,cancellation
0,POL-803134,2024-04-02 05:35:12.663487,cancellation
0,POL-759963,2024-04-02 05:44:28.594402,cancellation
0,POL-838322,2024-04-02 06:24:45.317267,renewal
0,POL-852658,2024-04-02 07:03:38.073801,renewal
0,POL-394639,2024-04-02 08:13:38.164100,purchase
0,POL-228795,2024-04-02 08:35:36.646954,cancellation
0,POL-164820,2024-04-02 08:48:51.270400,claim
0,POL-538019,2024-04-02 09:02:48.294616,purchase
0,POL-824912,2024-04-02 10:38:13.744700,renewal
0,POL-053718,2024-04-02 10:52:14.804845,cancellation
0,POL-934880,2024-04-02 13:18:30.010892,renewal
0,POL-950026,2024-04-02 13:34:46.581619,claim
0,POL-808461,2024-04-02 14:05:00.628619,cancellation
0,POL-379817,2024-04-02 14:13:27.623431,renewal
0,POL-987047,2024-04-02 14:19:37.207632,renewal
0,POL-202945,2024-04-02 16:47:16.184614,renewal
0,POL-287679,2024-04-02 18:14:24.469716,claim
0,POL-351789,2024-04-02 19:13:48.807116,cancellation
0,POL-575822,2024-04-02 19:19:06.755800,renewal
0,POL-031485,2024-04-02 20:15:30.225315,cancellation
0,POL-428683,2024-04-02 20:28:48.365649,purchase
0,POL-642977,2024-04-02 20:41:41.233930,purchase
0,POL-723139,2024-04-02 22:09:51.255509,purchase
0,299932,2024-04-02 23:47:55.999643,renewal
0,POL-728674,2024-04-03 00:01:36.179929,cancellation
0,POL-073702,2024-04-03 00:07:53.965656,cancellation
0,POL-096776,2024-04-03 00:28:10.417200,renewal
0,POL-217307,2024-04-03 01:31:02.901040,cancellation
0,POL-384157,2024-04-03 01:55:45.060519,cancellation
0,POL-763615,2024-04-03 01:56:57.348319,cancellation
0,POL-220767,2024-04-03 02:13:20.414142,claim
0,POL-128965,2024-04-03 03:36:44.164501,purchase
0,POL-124972,2024-04-03 09:19:07.148169,claim
0,POL-259656,2024-04-03 09:53:22.899348,purchase
0,POL-538327,2024-04-03 13:09:35.232575,renewal
0,POL-253593,2024-04-03 14:19:19.650742,purchase
0,POL-449748,2024-04-03 19:51:44.479987,purchase
0,POL-742269,2024-04-03 20:08:29.650181,cancellation
0,POL-129627,2024-04-03 20:30:10.926615,purchase
0,POL-730428,2024-04-03 20:45:35.773805,purchase
0,POL-567211,2024-04-03 21:30:20.823022,renewal
0,329351,2024-04-04 02:08:16.759026,purchase
0,POL-221290,2024-04-04 02:57:29.833463,renewal
0,POL-506020,2024-04-04 03:00:37.191909,renewal
0,POL-308347,2024-04-04 05:07:48.265824,cancellation
0,POL-574051,2024-04-04 07:24:36.845342,cancellation
0,POL-145866,2024-04-04 07:32:47.897907,renewal
0,POL-489614,2024-04-04 08:31:27.446096,renewal
0,POL-756136,2024-04-04 09:50:03.949097,purchase
0,POL-062040,2024-04-04 09:50:47.094384,renewal
0,POL-615738,2024-04-04 11:05:46.899699,purchase
0,POL-109039,2024-04-04 12:13:49.781879,cancellation
0,POL-171005,2024-04-04 12:36:17.762936,renewal
0,POL-584172,2024-04-04 12:58:24.889081,purchase
0,POL-366119,2024-04-04 13:49:12.645719,cancellation
0,POL-384157,2024-04-04 15:04:39.590795,renewal
0,POL-019967,2024-04-04 17:38:52.336029,claim
0,POL-249227,2024-04-04 18:06:24.771928,claim
0,POL-363761,2024-04-04 18:27:06.756653,purchase
0,POL-785667,2024-04-04 18:43:41.187871,claim
0,POL-771740,2024-04-04 19:57:56.125401,purchase
0,POL-297278,2024-04-05 02:58:26.565110,cancellation
0,POL-136195,2024-04-05 03:01:58.418260,cancellation
0,POL-272861,2024-04-05 03:06:38.188877,claim
0,POL-380817,2024-04-05 03:06:58.376284,purchase
0,POL-665339,2024-04-05 03:29:04.726344,renewal
0,POL-328532,2024-04-05 03:36:18.386333,claim
0,POL-495199,2024-04-05 05:10:14.213454,renewal
0,POL-999772,2024-04-05 06:01:53.019221,claim
0,POL-160671,2024-04-05 07:34:27.498174,cancellation
0,POL-774116,2024-04-05 08:34:23.970181,claim
0,POL-735524,2024-04-05 11:41:27.486623,claim
0,POL-450428,2024-04-05 11:51:21.314082,cancellation
0,POL-164820,2024-04-05 12:07:00.284552,purchase
0,POL-281633,2024-04-05 12:23:10.942712,purchase
0,POL-804014,2024-04-05 12:45:44.510198,cancellation
0,POL-150387,2024-04-05 13:17:01.689219,renewal
0,POL-704183,2024-04-05 13:57:50.168447,cancellation
0,859753,2024-04-05 14:33:31.899343,claim
0,POL-502223,2024-04-05 16:52:45.288599,cancellation
0,POL-520876,2024-04-05 17:12:05.569070,renewal
0,POL-164298,2024-04-05 17:39:55.001643,claim
0,POL-712395,2024-04-05 17:42:48.037377,claim
0,POL-162272,2024-04-05 18:45:24.326968,claim
0,POL-231509,2024-04-05 19:45:34.763543,purchase
0,POL-469191,2024-04-05 22:01:25.299270,renewal
0,POL-892899,2024-04-05 23:56:22.168053,renewal
0,POL-344822,2024-04-06 00:34:50.010852,claim
0,POL-514044,2024-04-06 01:00:06.925515,cancellation
0,POL-135418,2024-04-06 01:33:23.047616,claim
0,283591,2024-04-06 01:41:16.874493,purchase
0,POL-054663,2024-04-06 02:29:08.722882,cancellation
0,POL-378084,2024-04-06 03:34:25.129383,renewal
0,POL-446931,2024-04-06 04:20:51.902917,renewal
0,POL-220402,2024-04-06 04:23:53.576331,claim
0,POL-964996,2024-04-06 04:26:32.330406,cancellation
0,POL-088827,2024-04-06 05:08:40.512942,purchase
0,POL-684404,2024-04-06 05:52:39.844283,renewal
0,POL-816591,2024-04-06 06:10:27.943198,renewal
0,POL-867152,2024-04-06 06:47:33.229658,purchase
0,POL-647615,2024-04-06 07:22:06.860160,renewal
0,POL-965283,2024-04-06 08:36:21.150120,renewal
0,POL-172700,2024-04-06 08:36:26.626744,purchase
0,POL-355093,2024-04-06 10:16:03.798887,purchase
0,POL-963530,2024-04-06 10:41:18.947988,claim
0,POL-403884,2024-04-06 10:56:28.709906,cancellation
0,POL-615371,2024-04-06 12:49:56.188993,cancellation
0,POL-744676,2024-04-06 13:32:03.929678,cancellation
0,POL-800254,2024-04-06 16:21:04.503138,cancellation
0,POL-830417,2024-04-06 16:28:42.446475,claim
0,POL-505411,2024-04-06 18:20:10.847459,claim
0,POL-506378,2024-04-06 18:50:47.553809,purchase
0,POL-317087,2024-04-06 19:41:10.231738,renewal
0,POL-748291,2024-04-06 21:27:24.537086,claim
0,POL-277482,2024-04-06 22:49:53.932842,claim
0,POL-289232,2024-04-06 23:27:34.755418,claim
0,POL-931308,2024-04-07 00:57:16.064619,cancellation
0,POL-166636,2024-04-07 01:52:04.982094,purchase
0,POL-088827,2024-04-07 05:03:50.973608,claim
0,POL-908462,2024-04-07 05:56:41.043830,claim
0,POL-785392,2024-04-07 06:10:56.736982,purchase
0,POL-609871,2024-04-07 06:11:01.341957,renewal
0,POL-950619,2024-04-07 06:33:54.843891,purchase
0,POL-336478,2024-04-07 07:25:53.873183,claim
0,POL-949047,2024-04-07 08:27:23.941837,renewal
0,POL-016361,2024-04-07 10:28:12.720531,renewal
0,POL-964996,2024-04-07 12:24:41.048010,cancellation
0,POL-293524,2024-04-07 14:51:06.145900,renewal
0,POL-478181,2024-04-07 16:29:18.422044,renewal
0,POL-540769,2024-04-07 18:12:58.838080,claim
0,930500,2024-04-07 21:16:43.116504,renewal
0,POL-493923,2024-04-07 22:06:34.269450,cancellation
0,POL-521438,2024-04-07 23:02:02.591142,renewal
0,POL-185293,2024-04-07 23:32:19.772719,claim
0,POL-550784,2024-04-08 00:41:46.468271,renewal
0,POL-175168,2024-04-08 01:13:33.190652,claim
0,POL-726525,2024-04-08 01:23:43.488890,renewal
0,POL-118917,2024-04-08 01:50:03.070995,renewal
0,POL-018812,2024-04-08 02:06:25.517938,renewal
0,POL-966106,2024-04-08 02:24:46.127616,purchase
0,POL-880120,2024-04-08 04:44:13.104491,cancellation
0,POL-947995,2024-04-08 04:50:25.806498,renewal
0,POL-507811,2024-04-08 08:01:24.735518,claim
0,POL-292839,2024-04-08 08:10:52.764682,purchase
0,POL-833699,2024-04-08 09:02:02.695699,claim
0,POL-613957,2024-04-08 09:10:25.803353,cancellation
0,POL-840427,2024-04-08 09:16:13.892133,renewal
0,POL-174774,2024-04-08 11:19:52.907617,renewal
0,POL-976840,2024-04-08 13:01:28.344341,cancellation
0,POL-160505,2024-04-08 13:23:28.159744,renewal
0,POL-589736,2024-04-08 13:27:53.059532,purchase
0,POL-518580,2024-04-08 15:56:33.384987,purchase
0,POL-999964,2024-04-08 18:09:17.036944,purchase
0,POL-332830,2024-04-08 18:15:21.648874,cancellation
0,POL-840111,2024-04-08 19:40:18.782471,purchase
0,POL-375023,2024-04-08 23:43:49.789039,claim
0,167463,2024-04-08 23:48:01.881700,cancellation
0,POL-054543,2024-04-08 23:59:09.123263,cancellation
0,POL-050948,2024-04-09 00:31:54.139592,claim
0,POL-232685,2024-04-09 00:33:01.615858,purchase
0,POL-678212,2024-04-09 00:58:10.051176,renewal
0,POL-948729,2024-04-09 01:28:43.068933,purchase
0,POL-748291,2024-04-09 01:32:50.208901,renewal
0,POL-931068,2024-04-09 02:06:04.745921,renewal
0,POL-552760,2024-04-09 02:44:30.064294,renewal
0,POL-574051,2024-04-09 03:26:49.645879,cancellation
0,POL-679165,2024-04-09 05:08:14.745970,renewal
0,POL-857321,2024-04-09 07:01:24.198355,cancellation
0,POL-579479,2024-04-09 07:42:16.633059,cancellation
0,POL-691373,2024-04-09 07:44:10.090957,cancellation
0,POL-948964,2024-04-09 08:39:35.295750,claim
0,POL-446351,2024-04-09 09:02:19.530525,cancellation
0,POL-150006,2024-04-09 09:18:24.787467,renewal
0,POL-838122,2024-04-09 10:08:02.022930,renewal
0,POL-745901,2024-04-09 13:43:30.828652,renewal
0,POL-398156,2024-04-09 14:22:17.891772,claim
0,POL-590516,2024-04-09 14:48:28.678128,claim
0,POL-052523,2024-04-09 16:30:42.684947,renewal
0,POL-980035,2024-04-09 17:42:54.238652,renewal
0,POL-715098,2024-04-09 18:53:20.711138,claim
0,POL-802612,2024-04-09 19:46:05.845393,claim
0,POL-115092,2024-04-09 21:05:35.790985,claim
0,POL-501884,2024-04-09 21:51:53.439722,renewal
0,POL-640887,2024-04-09 22:52:59.567308,claim
0,POL-922860,2024-04-09 23:32:38.426048,purchase
0,POL-481155,2024-04-10 00:25:05.085463,claim
0,POL-952366,2024-04-10 02:10:54.995221,claim
0,POL-627770,2024-04-10 02:19:31.244407,claim
0,POL-656462,2024-04-10 03:43:34.249890,claim
0,406243,2024-04-10 04:21:11.166407,purchase
0,POL-488618,2024-04-10 06:00:09.865491,cancellation
0,POL-147197,2024-04-10 06:20:53.545280,purchase
0,POL-430631,2024-04-10 07:21:55.574164,claim
0,POL-324768,2024-04-10 09:06:40.775229,renewal
0,POL-080538,2024-04-10 12:33:02.277766,purchase
0,POL-832570,2024-04-10 17:22:48.897506,purchase
0,POL-202718,2024-04-10 17:45:14.628007,cancellation
0,POL-203642,2024-04-10 18:10:08.797373,claim
0,POL-250178,2024-04-10 19:34:43.399703,renewal
0,POL-825805,2024-04-10 20:02:14.757931,claim
0,POL-448301,2024-04-10 21:34:02.854319,cancellation
0,POL-484022,2024-04-10 21:41:22.721053,renewal
0,POL-653672,2024-04-10 22:00:01.608451,renewal
0,POL-633687,2024-04-11 00:03:27.786057,purchase
0,POL-731935,2024-04-11 00:28:29.022228,cancellation
0,POL-150387,2024-04-11 00:32:40.768973,purchase
0,POL-852470,2024-04-11 02:14:54.959135,purchase
0,POL-516504,2024-04-11 04:01:29.604582,purchase
0,POL-222188,2024-04-11 04:39:34.769382,purchase
0,POL-913034,2024-04-11 06:49:12.014302,purchase
0,POL-879094,2024-04-11 08:48:31.493406,purchase
0,POL-483680,2024-04-11 11:09:48.956259,claim
0,POL-073648,2024-04-11 12:17:01.277664,purchase
0,POL-091207,2024-04-11 13:26:35.660719,cancellation
0,POL-448301,2024-04-11 13:55:19.469981,cancellation
0,POL-518368,2024-04-11 14:26:10.644366,renewal
0,315402,2024-04-11 15:56:48.795755,renewal
0,POL-205622,2024-04-11 16:12:32.864640,purchase
0,POL-115092,2024-04-11 16:26:31.873343,renewal
0,POL-152843,2024-04-11 16:37:44.511402,renewal
0,POL-297748,2024-04-11 19:50:51.834050,claim
0,POL-769640,2024-04-11 21:02:58.508682,renewal
0,POL-872111,2024-04-11 21:04:08.434516,cancellation
0,POL-180094,2024-04-11 21:06:31.705198,purchase
0,POL-966242,2024-04-11 21:57:09.976870,purchase
0,POL-386215,2024-04-11 22:26:39.937509,cancellation
0,POL-293099,2024-04-11 22:55:55.452178,purchase
0,POL-122335,2024-04-11 23:15:41.446278,purchase
0,POL-003293,2024-04-11 23:54:59.851562,cancellation
0,POL-408957,2024-04-12 05:35:35.927698,cancellation
0,POL-620679,2024-04-12 06:12:56.304441,claim
0,POL-935764,2024-04-12 07:46:50.866562,purchase
0,POL-102147,2024-04-12 07:57:26.687860,renewal
0,POL-450688,2024-04-12 08:00:42.232426,renewal
0,POL-141111,2024-04-12 08:33:42.762328,purchase
0,POL-582268,2024-04-12 09:05:25.362273,claim
0,POL-464927,2024-04-12 09:16:31.247339,renewal
0,POL-113836,2024-04-12 10:27:32.879923,purchase
0,POL-518580,2024-04-12 10:53:52.803394,claim
0,POL-580376,2024-04-12 11:15:35.397952,renewal
0,POL-423328,2024-04-12 12:12:28.628888,purchase
0,POL-321198,2024-04-12 15:27:07.396082,claim
0,POL-394383,2024-04-12 16:42:44.061204,claim
0,POL-881001,2024-04-12 16:44:23.439488,purchase
0,POL-958297,2024-04-12 18:48:24.526583,purchase
0,POL-821694,2024-04-12 21:00:01.783136,renewal
0,POL-625710,2024-04-12 21:36:01.796327,purchase
0,POL-377861,2024-04-12 23:26:28.636399,purchase
0,POL-664082,2024-04-12 23:40:03.069146,claim
0,POL-736130,2024-04-13 01:15:09.422083,purchase
0,POL-420739,2024-04-13 02:24:59.471094,cancellation
0,POL-745471,2024-04-13 02:43:18.583491,claim
0,POL-752408,2024-04-13 04:32:53.056127,purchase
0,POL-738734,2024-04-13 06:03:54.335049,cancellation
0,POL-043325,2024-04-13 07:01:49.163043,claim
0,POL-856284,2024-04-13 08:29:33.832435,cancellation
0,POL-561658,2024-04-13 10:24:34.202506,claim
0,POL-407197,2024-04-13 10:37:20.125204,purchase
0,POL-867152,2024-04-13 11:56:47.257292,cancellation
0,POL-030722,2024-04-13 12:12:20.579305,renewal
0,POL-516750,2024-04-13 13:15:08.490092,purchase
0,POL-481968,2024-04-13 13:54:28.577534,cancellation
0,POL-583047,2024-04-13 15:45:24.627050,purchase
0,POL-218638,2024-04-13 16:54:12.756931,claim
0,POL-208779,2024-04-13 17:49:34.650816,renewal
0,POL-104629,2024-04-13 18:35:59.224928,purchase
0,POL-408157,2024-04-13 23:09:57.578677,claim
0,POL-963914,2024-04-14 00:15:43.301396,purchase
0,POL-725183,2024-04-14 00:24:41.460422,claim
0,POL-245188,2024-04-14 00:50:50.587377,renewal
0,POL-516750,2024-04-14 00:55:51.607057,renewal
0,POL-716194,2024-04-14 02:15:52.139035,claim
0,POL-744563,2024-04-14 03:57:36.595705,renewal
0,POL-551438,2024-04-14 06:38:42.034521,claim
0,POL-078968,2024-04-14 07:22:32.148464,cancellation
0,POL-781616,2024-04-14 07:25:14.209254,renewal
0,POL-620350,2024-04-14 09:59:01.031180,renewal
0,POL-660663,2024-04-14 10:10:26.401597,renewal
0,POL-815299,2024-04-14 10:12:35.646936,claim
0,POL-572771,2024-04-14 12:02:31.017157,cancellation
0,POL-153393,2024-04-14 12:24:29.824913,claim
0,POL-129627,2024-04-14 13:25:43.388218,claim
0,POL-419723,2024-04-14 14:16:07.271484,purchase
0,POL-665468,2024-04-14 14:32:08.383248,purchase
0,POL-540551,2024-04-14 14:53:26.363561,purchase
0,POL-364380,2024-04-14 15:19:49.533842,claim
0,POL-498512,2024-04-14 16:21:51.077749,cancellation
0,POL-184723,2024-04-14 16:48:51.468280,cancellation
0,POL-929889,2024-04-14 17:34:30.177685,renewal
0,POL-744708,2024-04-14 18:53:51.714299,claim
0,POL-775621,2024-04-14 19:42:08.802084,renewal
0,POL-832042,2024-04-14 20:03:52.141154,purchase
0,POL-287662,2024-04-14 21:02:44.770529,purchase
0,POL-142868,2024-04-14 21:38:41.152833,claim
0,POL-099397,2024-04-14 21:49:07.903583,cancellation
0,POL-193054,2024-04-14 23:09:06.646027,cancellation
0,POL-994499,2024-04-14 23:17:42.208605,renewal
0,POL-809096,2024-04-14 23:40:17.562809,claim
0,POL-164820,2024-04-14 23:54:13.157529,purchase
0,POL-030965,2024-04-15 00:14:38.883439,renewal
0,930500,2024-04-15 01:06:10.689207,renewal
0,POL-708045,2024-04-15 03:22:14.539207,cancellation
0,POL-369883,2024-04-15 03:42:03.487573,claim
0,POL-014310,2024-04-15 03:48:36.517717,purchase
0,POL-763537,2024-04-15 04:08:48.843260,purchase
0,POL-857583,2024-04-15 04:56:06.008305,claim
0,POL-415187,2024-04-15 09:47:34.916915,renewal
0,POL-525904,2024-04-15 17:39:48.023283,claim
0,POL-630180,2024-04-15 18:11:12.944452,claim
0,POL-506694,2024-04-15 18:20:49.909122,claim
0,POL-999832,2024-04-15 18:28:25.115760,purchase
0,POL-890952,2024-04-15 19:08:25.578006,claim
0,POL-798543,2024-04-15 22:41:00.975946,purchase
0,POL-116370,2024-04-15 23:23:43.391497,renewal
0,POL-634945,2024-04-16 00:05:37.353550,renewal
0,POL-493073,2024-04-16 00:19:27.877612,renewal
0,POL-586766,2024-04-16 00:51:21.592626,claim
0,POL-920294,2024-04-16 01:06:52.111969,renewal
0,POL-091448,2024-04-16 02:35:59.625695,purchase
0,POL-444487,2024-04-16 03:07:13.076004,cancellation
0,POL-217694,2024-04-16 04:36:54.625994,cancellation
0,POL-363761,2024-04-16 06:25:56.261209,cancellation
0,POL-151092,2024-04-16 07:54:03.942675,purchase
0,POL-988664,2024-04-16 08:45:16.441557,renewal
0,POL-683415,2024-04-16 09:29:17.515716,cancellation
0,POL-545409,2024-04-16 10:37:31.569982,claim
0,POL-676330,2024-04-16 11:07:24.277092,claim
0,POL-579355,2024-04-16 13:00:52.218919,purchase
0,POL-671463,2024-04-16 13:52:24.950229,claim
0,POL-792668,2024-04-16 14:55:51.821023,renewal
0,POL-948964,2024-04-16 15:44:55.962314,claim
0,POL-954986,2024-04-16 17:31:36.173066,renewal
0,POL-874744,2024-04-16 17:41:35.971758,cancellation
0,POL-832570,2024-04-16 17:42:36.137292,claim
0,POL-091271,2024-04-16 17:51:16.039466,claim
0,POL-846876,2024-04-16 18:37:21.937555,cancellation
0,POL-721477,2024-04-16 19:57:35.739547,renewal
0,POL-955932,2024-04-16 20:03:33.502120,claim
0,POL-190431,2024-04-16 21:00:33.138183,purchase
0,POL-619414,2024-04-16 21:31:39.694348,renewal
0,POL-191521,2024-04-16 22:05:59.552174,renewal
0,POL-572463,2024-04-16 22:26:37.973297,cancellation
0,POL-965286,2024-04-16 23:09:42.863383,claim
0,POL-483597,2024-04-16 23:30:16.386987,cancellation
0,POL-174961,2024-04-17 01:43:24.823405,claim
0,POL-562444,2024-04-17 03:04:50.783304,cancellation
0,POL-528809,2024-04-17 03:57:51.434807,claim
0,POL-285676,2024-04-17 04:51:32.381226,purchase
0,POL-378235,2024-04-17 05:13:38.143315,cancellation
0,POL-389280,2024-04-17 09:31:13.258285,cancellation
0,POL-841318,2024-04-17 09:48:38.721730,cancellation
0,POL-675200,2024-04-17 20:48:14.400642,renewal
0,POL-078800,2024-04-17 22:29:01.986394,renewal
0,POL-298763,2024-04-17 23:19:05.764039,claim
0,POL-494560,2024-04-18 00:38:16.504448,cancellation
0,POL-128096,2024-04-18 01:32:46.822610,purchase
0,POL-017155,2024-04-18 06:11:16.650653,cancellation
0,880809,2024-04-18 07:21:56.976890,cancellation
0,POL-932194,2024-04-18 07:59:53.203042,claim
0,POL-988323,2024-04-18 08:57:15.835932,purchase
0,POL-280649,2024-04-18 10:28:26.966945,cancellation
0,POL-795916,2024-04-18 10:44:18.841604,cancellation
0,POL-697427,2024-04-18 11:42:42.336439,cancellation
0,POL-779513,2024-04-18 14:03:43.134703,purchase
0,POL-193268,2024-04-18 14:25:25.277645,cancellation
0,POL-963014,2024-04-18 14:26:39.594475,purchase
0,POL-546225,2024-04-18 14:58:28.627208,purchase
0,POL-256658,2024-04-18 15:04:21.465993,cancellation
0,POL-652607,2024-04-18 15:34:57.947753,renewal
0,POL-091930,2024-04-18 15:36:38.318274,cancellation
0,POL-652607,2024-04-18 15:42:08.984867,renewal
0,POL-829544,2024-04-18 15:58:47.953814,purchase
0,POL-964406,2024-04-18 17:11:49.886411,purchase
0,POL-197273,2024-04-18 17:36:28.837201,renewal
0,POL-590463,2024-04-18 18:21:26.484653,renewal
0,POL-448301,2024-04-18 20:20:05.077994,claim
0,POL-359721,2024-04-18 21:13:50.242664,claim
0,POL-132963,2024-04-18 23:14:31.419267,renewal
0,POL-959615,2024-04-19 00:01:56.450863,purchase
0,POL-667451,2024-04-19 00:48:13.185485,cancellation
0,POL-920294,2024-04-19 02:33:11.402132,renewal
0,713422,2024-04-19 03:34:32.390059,renewal
0,POL-354195,2024-04-19 04:40:59.755166,claim
0,POL-162589,2024-04-19 04:46:20.269809,cancellation
0,POL-470605,2024-04-19 08:30:40.213549,claim
0,POL-161571,2024-04-19 09:10:10.997474,renewal
0,POL-737078,2024-04-19 09:44:40.654623,purchase
0,POL-934371,2024-04-19 09:47:48.375170,purchase
0,POL-581485,2024-04-19 10:22:35.139190,claim
0,POL-854739,2024-04-19 10:22:56.620481,purchase
0,POL-115995,2024-04-19 12:13:36.004038,renewal
0,POL-390036,2024-04-19 12:57:27.919128,claim
0,POL-888277,2024-04-19 13:31:08.242477,cancellation
0,POL-897509,2024-04-19 13:54:06.139114,purchase
0,POL-744075,2024-04-19 14:18:02.258654,cancellation
0,POL-378689,2024-04-19 14:53:33.013861,claim
0,POL-327770,2024-04-19 15:37:05.819350,cancellation
0,POL-298474,2024-04-19 16:34:11.581208,purchase
0,POL-453320,2024-04-19 17:08:15.060641,cancellation
0,POL-781124,2024-04-19 17:10:31.525683,claim
0,POL-856537,2024-04-19 19:31:46.388171,purchase
0,POL-512860,2024-04-19 21:56:46.993949,purchase
0,POL-022064,2024-04-19 23:01:20.699534,claim
0,POL-073702,2024-04-19 23:43:25.877875,renewal
0,POL-684874,2024-04-19 23:55:07.990452,purchase
0,POL-200959,2024-04-20 00:07:28.351407,renewal
0,POL-222636,2024-04-20 03:29:50.012495,cancellation
0,POL-027494,2024-04-20 05:38:49.890963,claim
0,POL-887424,2024-04-20 06:22:27.126215,purchase
0,POL-618523,2024-04-20 06:51:02.216487,claim
0,POL-697538,2024-04-20 07:44:22.446551,renewal
0,POL-932487,2024-04-20 07:55:31.505514,claim
0,POL-535788,2024-04-20 10:01:32.150557,renewal
0,POL-997833,2024-04-20 11:13:14.786557,claim
0,POL-074890,2024-04-20 12:26:55.671543,claim
0,POL-707664,2024-04-20 13:32:17.700768,renewal
0,POL-615371,2024-04-20 14:23:39.963142,renewal
0,POL-421358,2024-04-20 16:14:24.106670,purchase
0,POL-745002,2024-04-20 16:32:23.190119,claim
0,POL-761156,2024-04-20 22:59:11.781954,renewal
0,POL-759961,2024-04-20 23:43:51.502525,purchase
0,POL-298373,2024-04-21 00:35:15.036559,cancellation
0,POL-834614,2024-04-21 01:16:37.785972,purchase
0,POL-515129,2024-04-21 02:07:00.221230,cancellation
0,POL-050889,2024-04-21 02:12:06.027634,renewal
0,POL-201564,2024-04-21 02:40:53.643678,renewal
0,POL-489143,2024-04-21 03:46:20.827682,cancellation
0,POL-220867,2024-04-21 06:54:59.162991,purchase
0,POL-648965,2024-04-21 07:41:34.846512,claim
0,POL-516618,2024-04-21 10:00:59.087912,claim
0,POL-896608,2024-04-21 13:58:53.957196,purchase
0,POL-925958,2024-04-21 14:33:16.994679,claim
0,POL-279848,2024-04-21 14:57:37.532067,cancellation
0,POL-109474,2024-04-21 15:17:32.700809,claim
0,POL-281832,2024-04-21 16:18:47.012579,purchase
0,POL-856284,2024-04-21 19:15:59.054946,purchase
0,POL-108340,2024-04-21 19:30:00.156569,cancellation
0,POL-268018,2024-04-21 20:39:14.592743,renewal
0,POL-746699,2024-04-21 21:27:09.247604,claim
0,644828,2024-04-21 22:36:55.772004,claim
0,POL-114442,2024-04-21 22:57:22.433288,claim
0,POL-255526,2024-04-22 00:21:27.389821,purchase
0,POL-221290,2024-04-22 00:38:13.715538,cancellation
0,POL-093290,2024-04-22 01:00:24.013494,renewal
0,POL-221633,2024-04-22 04:27:18.593903,renewal
0,POL-628954,2024-04-22 05:22:50.852641,purchase
0,POL-643033,2024-04-22 06:11:45.507150,cancellation
0,POL-577251,2024-04-22 07:07:20.036440,purchase
0,POL-016361,2024-04-22 07:26:57.979935,renewal
0,POL-689457,2024-04-22 08:29:08.836727,purchase
0,POL-210003,2024-04-22 14:01:53.767449,renewal
0,POL-291895,2024-04-22 16:15:41.365997,purchase
0,POL-451915,2024-04-22 16:17:57.045990,purchase
0,POL-049008,2024-04-22 17:13:52.325744,cancellation
0,POL-743106,2024-04-22 20:33:37.291680,renewal
0,POL-910953,2024-04-22 20:54:36.142131,renewal
0,POL-991851,2024-04-22 21:13:33.103342,cancellation
0,POL-824395,2024-04-22 21:37:04.483057,claim
0,POL-881001,2024-04-22 21:57:23.240678,renewal
0,POL-641226,2024-04-23 00:46:08.752033,renewal
0,POL-477701,2024-04-23 01:21:29.957245,cancellation
0,POL-891090,2024-04-23 03:16:48.848958,purchase
0,POL-103393,2024-04-23 04:02:37.667759,purchase
0,POL-019967,2024-04-23 08:24:28.922867,purchase
0,POL-962718,2024-04-23 09:31:47.236581,cancellation
0,POL-518644,2024-04-23 10:01:29.097636,purchase
0,POL-776508,2024-04-23 11:18:59.396497,renewal
0,POL-348144,2024-04-23 11:48:54.524264,purchase
0,POL-419884,2024-04-23 12:08:35.446508,cancellation
0,POL-986434,2024-04-23 14:33:56.412864,claim
0,POL-363184,2024-04-23 16:16:10.345757,purchase
0,POL-822460,2024-04-23 17:40:48.598073,cancellation
0,POL-639750,2024-04-23 19:58:43.102435,purchase
0,POL-619414,2024-04-23 20:47:10.192021,cancellation
0,POL-206081,2024-04-23 21:47:10.870832,purchase
0,POL-658223,2024-04-23 21:47:22.230757,renewal
0,POL-885137,2024-04-23 22:43:47.883919,renewal
0,POL-506220,2024-04-24 00:17:46.764523,cancellation
0,POL-664082,2024-04-24 01:00:43.345429,renewal
0,POL-862145,2024-04-24 01:02:20.015084,claim
0,POL-993548,2024-04-24 02:35:03.733552,claim
0,POL-819543,2024-04-24 03:51:20.326854,purchase
0,POL-247965,2024-04-24 05:37:58.862264,cancellation
0,POL-597843,2024-04-24 05:58:21.621722,renewal
0,POL-282758,2024-04-24 06:34:12.619582,purchase
0,POL-036853,2024-04-24 08:58:16.265691,renewal
0,POL-247366,2024-04-24 09:22:13.951885,claim
0,POL-954986,2024-04-24 09:59:45.666473,cancellation
0,POL-874909,2024-04-24 11:30:06.402087,renewal
0,POL-954178,2024-04-24 12:23:13.801236,claim
0,POL-618295,2024-04-24 13:30:39.783919,cancellation
0,POL-862957,2024-04-24 13:55:06.832119,cancellation
0,POL-693299,2024-04-24 14:07:38.207097,claim
0,POL-574305,2024-04-24 15:10:22.767869,claim
0,POL-063252,2024-04-24 15:50:26.891329,purchase
0,POL-569823,2024-04-24 16:08:39.398521,purchase
0,POL-567048,2024-04-24 16:10:38.085263,claim
0,POL-763347,2024-04-24 16:45:47.366811,cancellation
0,POL-196965,2024-04-24 17:11:03.435385,claim
0,POL-109821,2024-04-24 17:30:39.176863,purchase
0,POL-765625,2024-04-24 18:45:52.205215,cancellation
0,POL-519710,2024-04-24 19:02:36.383382,cancellation
0,POL-703089,2024-04-24 20:21:38.199908,claim
0,POL-643888,2024-04-24 21:30:32.211289,cancellation
0,POL-909672,2024-04-24 21:57:09.604496,claim
0,POL-184844,2024-04-24 23:31:17.834396,claim
0,POL-292234,2024-04-24 23:35:27.774589,purchase
0,POL-683350,2024-04-25 01:01:14.494325,purchase
0,POL-200977,2024-04-25 02:32:10.622456,purchase
0,POL-549561,2024-04-25 04:47:57.794547,cancellation
0,POL-342801,2024-04-25 06:18:53.405909,renewal
0,POL-987708,2024-04-25 07:05:30.121216,renewal
0,POL-296687,2024-04-25 07:30:12.845454,purchase
0,POL-484640,2024-04-25 09:18:03.437139,renewal
0,POL-747674,2024-04-25 09:46:18.860230,purchase
0,POL-434888,2024-04-25 10:54:03.407108,purchase
0,POL-920281,2024-04-25 11:22:45.889282,purchase
0,POL-739091,2024-04-25 11:50:24.929073,purchase
0,POL-962830,2024-04-25 13:26:00.715886,cancellation
0,POL-888175,2024-04-25 14:57:59.169057,claim
0,POL-262923,2024-04-25 15:12:54.714952,cancellation
0,POL-861800,2024-04-25 15:20:48.977464,renewal
0,POL-305219,2024-04-25 16:41:46.209480,purchase
0,POL-192511,2024-04-25 17:27:37.642460,purchase
0,POL-694366,2024-04-25 18:03:39.974387,purchase
0,POL-153349,2024-04-25 18:13:13.979091,claim
0,POL-272498,2024-04-25 19:27:58.953083,renewal
0,POL-665546,2024-04-25 20:37:26.920192,cancellation
0,124159,2024-04-25 21:07:45.281399,purchase
0,POL-924674,2024-04-25 21:17:17.314007,purchase
0,POL-624324,2024-04-25 22:54:33.882955,purchase
0,POL-949102,2024-04-25 23:48:39.409030,purchase
0,POL-026971,2024-04-26 00:09:17.469830,claim
0,POL-154728,2024-04-26 00:38:23.945212,claim
0,POL-090536,2024-04-26 01:09:53.987856,cancellation
0,POL-830304,2024-04-26 02:13:01.384267,renewal
0,POL-830208,2024-04-26 03:46:33.427671,claim
0,POL-567380,2024-04-26 04:45:34.191173,purchase
0,POL-598534,2024-04-26 06:48:36.159962,claim
0,POL-352905,2024-04-26 08:18:56.777457,claim
0,POL-247366,2024-04-26 08:58:28.707205,renewal
0,POL-326932,2024-04-26 10:07:08.632690,purchase
0,POL-464463,2024-04-26 10:31:02.288941,cancellation
0,POL-150109,2024-04-26 10:50:30.047390,cancellation
0,POL-146557,2024-04-26 10:59:19.876688,claim
0,POL-079805,2024-04-26 11:53:59.882470,claim
0,POL-025674,2024-04-26 12:33:36.649346,cancellation
0,POL-495665,2024-04-26 13:37:28.521422,renewal
0,POL-061658,2024-04-26 15:01:49.702841,cancellation
0,POL-215023,2024-04-26 18:42:20.877257,renewal
0,POL-572458,2024-04-26 19:19:53.170366,cancellation
0,POL-540844,2024-04-26 19:21:01.534959,cancellation
0,POL-854047,2024-04-26 20:36:25.281183,purchase
0,POL-773601,2024-04-26 21:23:50.089866,purchase
0,POL-413043,2024-04-26 21:25:15.528755,renewal
0,POL-646486,2024-04-27 00:33:39.214657,cancellation
0,POL-939285,2024-04-27 01:43:45.822948,cancellation
0,POL-325095,2024-04-27 02:37:42.809741,cancellation
0,POL-364446,2024-04-27 05:17:20.683107,purchase
0,POL-188994,2024-04-27 05:32:11.718584,purchase
0,POL-814821,2024-04-27 06:40:50.293996,renewal
0,POL-452740,2024-04-27 08:06:52.200229,purchase
0,POL-769871,2024-04-27 09:26:19.947572,purchase
0,POL-088921,2024-04-27 09:28:18.587177,cancellation
0,POL-126448,2024-04-27 10:32:31.279045,cancellation
0,POL-827335,2024-04-27 13:04:20.705094,claim
0,POL-166636,2024-04-27 13:17:03.721105,purchase
0,POL-140808,2024-04-27 13:59:59.653112,claim
0,POL-218015,2024-04-27 19:02:25.819491,renewal
0,POL-920074,2024-04-27 19:19:40.651259,cancellation
0,POL-924501,2024-04-27 20:36:44.332726,cancellation
0,POL-909672,2024-04-27 20:55:39.693763,claim
0,POL-994028,2024-04-27 21:04:48.166887,purchase
0,POL-082952,2024-04-27 21:39:28.705807,purchase
0,POL-276187,2024-04-27 21:54:46.690746,purchase
0,POL-689554,2024-04-27 22:42:41.397312,claim
0,POL-470605,2024-04-27 23:15:57.968490,purchase
0,POL-065959,2024-04-27 23:22:12.896039,renewal
0,POL-794773,2024-04-27 23:27:11.775289,renewal
0,POL-919113,2024-04-28 04:35:02.348970,purchase
0,POL-771996,2024-04-28 05:13:36.733912,cancellation
0,POL-780289,2024-04-28 07:32:13.252014,renewal
0,POL-518805,2024-04-28 08:01:49.842968,claim
0,POL-666549,2024-04-28 08:30:40.433521,purchase
0,POL-356688,2024-04-28 10:18:20.028612,cancellation
0,POL-108340,2024-04-28 12:06:21.390861,purchase
0,POL-639351,2024-04-28 13:47:14.092031,renewal
0,POL-693299,2024-04-28 19:16:59.762014,cancellation
0,POL-874744,2024-04-28 20:51:35.553014,cancellation
0,POL-356545,2024-04-28 20:52:52.465161,claim
0,POL-940190,2024-04-28 22:41:55.922648,claim
0,POL-233236,2024-04-28 22:52:26.234433,purchase
0,POL-801136,2024-04-28 22:54:58.855885,claim
0,POL-342585,2024-04-28 23:45:18.542038,cancellation
0,POL-376364,2024-04-29 00:17:15.883827,renewal
0,POL-648744,2024-04-29 01:19:09.333190,purchase
0,POL-557432,2024-04-29 01:28:06.163188,claim
0,POL-954178,2024-04-29 02:08:19.361679,cancellation
0,POL-502991,2024-04-29 03:26:51.049768,claim
0,POL-263510,2024-04-29 04:53:45.631096,cancellation
0,POL-125766,2024-04-29 06:42:37.488143,cancellation
0,POL-783931,2024-04-29 07:37:17.514591,renewal
0,POL-729643,2024-04-29 07:45:12.254195,cancellation
0,POL-922496,2024-04-29 10:28:04.677303,renewal
0,POL-432955,2024-04-29 10:48:33.215426,purchase
0,POL-133109,2024-04-29 11:51:50.794105,purchase
0,POL-423328,2024-04-29 12:59:55.537165,purchase
0,POL-366478,2024-04-29 13:04:54.902915,purchase
0,POL-903176,2024-04-29 13:09:09.643599,renewal
0,POL-859514,2024-04-29 13:17:03.420343,cancellation
0,POL-095636,2024-04-29 13:31:32.287791,claim
0,POL-276685,2024-04-29 14:00:26.295623,claim
0,POL-197178,2024-04-29 14:04:05.546227,cancellation
0,POL-696666,2024-04-29 14:38:44.305968,claim
0,POL-485636,2024-04-29 15:05:32.614736,renewal
0,POL-451451,2024-04-29 16:25:16.447852,claim
0,POL-646486,2024-04-29 18:23:30.867020,claim
0,POL-175014,2024-04-29 18:25:40.151478,claim
0,POL-355982,2024-04-29 18:43:36.055026,renewal
0,POL-025992,2024-04-29 19:04:20.748660,purchase
0,POL-958960,2024-04-29 19:12:22.183978,purchase
0,POL-586108,2024-04-30 00:46:32.590507,renewal
0,POL-007265,2024-04-30 02:17:14.841502,renewal
0,POL-196163,2024-04-30 02:42:24.102206,cancellation
0,POL-366119,2024-04-30 03:25:26.119183,claim
0,POL-174395,2024-04-30 04:54:07.942345,purchase
0,POL-552760,2024-04-30 05:14:58.455370,renewal
0,POL-466841,2024-04-30 05:29:30.893082,purchase
0,POL-664082,2024-04-30 08:42:40.620240,renewal
0,POL-923353,2024-04-30 10:33:45.461839,purchase
0,POL-658011,2024-04-30 11:11:27.520241,purchase
0,POL-629638,2024-04-30 11:33:40.763921,renewal
0,POL-445141,2024-04-30 11:49:40.187711,purchase
0,POL-366262,2024-04-30 14:59:19.513739,claim
0,POL-555760,2024-04-30 16:49:20.733658,cancellation
0,POL-988323,2024-04-30 17:08:08.000292,purchase
0,POL-180094,2024-05-01 00:17:03.228410,claim
0,POL-478181,2024-05-01 00:32:48.954168,renewal
0,POL-428556,2024-05-01 01:01:22.564579,cancellation
0,POL-890639,2024-05-01 02:32:42.495175,claim
0,POL-282758,2024-05-01 03:19:43.929814,claim
0,POL-179473,2024-05-01 03:21:52.307986,renewal
0,POL-429947,2024-05-01 04:04:41.907601,purchase
0,POL-689457,2024-05-01 04:11:39.432592,renewal
0,POL-017311,2024-05-01 04:42:25.074718,claim
0,POL-845492,2024-05-01 04:55:52.603169,purchase
0,POL-214194,2024-05-01 06:42:08.726703,cancellation
0,POL-805978,2024-05-01 08:28:28.658580,renewal
0,POL-685760,2024-05-01 10:19:07.279567,cancellation
0,POL-614273,2024-05-01 10:25:51.816389,purchase
0,POL-238803,2024-05-01 10:53:34.191666,renewal
0,POL-318400,2024-05-01 11:38:25.891177,renewal
0,POL-749793,2024-05-01 15:38:45.993429,purchase
0,POL-136195,2024-05-01 17:29:10.630669,purchase
0,POL-906889,2024-05-01 17:43:31.126449,cancellation
0,POL-994615,2024-05-01 18:10:33.966513,purchase
0,POL-205175,2024-05-01 19:14:16.425358,claim
0,POL-423243,2024-05-01 19:17:16.490939,claim
0,POL-236496,2024-05-01 20:38:21.310238,renewal
0,POL-224124,2024-05-01 21:04:37.574211,renewal
0,POL-548625,2024-05-01 22:38:29.126037,renewal
0,POL-719253,2024-05-01 22:48:27.901748,claim
0,POL-514695,2024-05-01 22:51:58.012856,cancellation
0,POL-886626,2024-05-01 23:26:28.778364,cancellation
0,POL-486815,2024-05-02 01:15:49.208311,claim
0,328368,2024-05-02 02:53:50.469037,claim
0,POL-762167,2024-05-02 02:53:51.213032,cancellation
0,POL-089399,2024-05-02 03:56:19.866588,claim
0,POL-846813,2024-05-02 04:51:21.201536,renewal
0,POL-358384,2024-05-02 05:00:53.600598,renewal
0,POL-562154,2024-05-02 05:51:39.030979,purchase
0,POL-276093,2024-05-02 05:56:59.190775,purchase
0,POL-989048,2024-05-02 06:46:31.409694,claim
0,POL-208119,2024-05-02 08:33:52.377002,purchase
0,POL-962230,2024-05-02 09:02:14.125869,claim
0,POL-555141,2024-05-02 09:17:00.737650,claim
0,POL-624377,2024-05-02 09:58:03.595490,purchase
0,POL-203584,2024-05-02 10:11:30.793209,claim
0,POL-840314,2024-05-02 11:52:17.424391,claim
0,POL-748093,2024-05-02 13:30:27.662014,claim
0,POL-060847,2024-05-02 13:37:27.857484,claim
0,POL-618623,2024-05-02 14:06:17.333433,claim
0,POL-489901,2024-05-02 16:00:01.458344,claim
0,POL-389681,2024-05-02 17:02:52.086188,claim
0,POL-072698,2024-05-02 17:11:17.182739,purchase
0,POL-344499,2024-05-02 17:45:25.646497,cancellation
0,POL-688966,2024-05-02 17:55:52.956662,claim
0,POL-742364,2024-05-02 18:40:41.007015,purchase
0,POL-294439,2024-05-02 20:01:10.768433,claim
0,POL-466564,2024-05-02 20:36:01.116575,renewal
0,POL-866706,2024-05-02 21:12:57.117645,renewal
0,POL-475009,2024-05-03 00:04:09.975417,claim
0,POL-733110,2024-05-03 00:13:28.085503,renewal
0,POL-442869,2024-05-03 00:56:52.229722,renewal
0,POL-452347,2024-05-03 06:21:00.362470,renewal
0,POL-999527,2024-05-03 08:18:43.413558,claim
0,POL-492804,2024-05-03 08:41:00.936023,cancellation
0,POL-755754,2024-05-03 09:09:12.714635,claim
0,POL-013115,2024-05-03 09:46:14.881216,purchase
0,POL-358508,2024-05-03 09:55:03.704597,renewal
0,POL-163160,2024-05-03 10:02:27.159506,purchase
0,POL-307541,2024-05-03 10:58:30.721751,purchase
0,POL-078483,2024-05-03 15:50:28.194993,cancellation
0,POL-866382,2024-05-03 16:34:48.217259,claim
0,POL-218766,2024-05-03 18:15:52.045405,cancellation
0,POL-087362,2024-05-03 21:11:56.540512,purchase
0,POL-715081,2024-05-03 21:18:52.535184,claim
0,POL-634608,2024-05-03 21:23:01.452206,cancellation
0,POL-884695,2024-05-03 21:53:02.572936,renewal
0,POL-519595,2024-05-03 22:07:37.444402,purchase
0,POL-837339,2024-05-03 23:27:39.471888,purchase
0,POL-409922,2024-05-04 00:19:57.025533,cancellation
0,POL-505292,2024-05-04 00:30:30.124743,cancellation
0,POL-417266,2024-05-04 00:36:50.239449,claim
0,POL-276187,2024-05-04 01:42:30.155178,claim
0,POL-229058,2024-05-04 03:35:20.099070,renewal
0,POL-760680,2024-05-04 06:08:42.896471,claim
0,POL-873514,2024-05-04 07:02:42.858488,purchase
0,POL-879094,2024-05-04 09:37:00.432289,renewal
0,POL-614273,2024-05-04 10:05:44.380164,renewal
0,POL-342619,2024-05-04 10:37:46.847753,purchase
0,POL-051015,2024-05-04 11:39:58.331661,purchase
0,POL-722428,2024-05-04 11:41:03.115623,claim
0,POL-697893,2024-05-04 12:08:43.460544,renewal
0,POL-222636,2024-05-04 15:06:31.164664,cancellation
0,POL-142458,2024-05-04 15:25:40.512368,claim
0,POL-281944,2024-05-04 16:00:59.566677,claim
0,POL-109039,2024-05-04 16:20:01.204518,renewal
0,POL-232746,2024-05-04 17:08:02.899519,claim
0,203058,2024-05-04 17:46:53.207412,claim
0,POL-564263,2024-05-04 18:54:33.136442,purchase
0,POL-236201,2024-05-04 20:17:42.582331,cancellation
0,POL-406402,2024-05-04 20:21:17.472613,claim
0,POL-005665,2024-05-04 23:16:53.991992,renewal
0,POL-842810,2024-05-04 23:21:32.017251,renewal
0,POL-553268,2024-05-04 23:28:26.811990,cancellation
0,POL-666549,2024-05-04 23:31:09.059399,purchase
0,POL-645059,2024-05-05 01:27:24.250494,purchase
0,POL-174774,2024-05-05 01:29:14.004699,cancellation
0,POL-795643,2024-05-05 03:02:09.665416,purchase
0,POL-790056,2024-05-05 04:25:41.150716,purchase
0,POL-859125,2024-05-05 05:35:42.047848,renewal
0,POL-813533,2024-05-05 06:42:26.864927,claim
0,POL-208779,2024-05-05 07:02:44.168059,claim
0,POL-192461,2024-05-05 07:09:21.726871,cancellation
0,POL-931320,2024-05-05 10:54:46.190481,purchase
0,POL-363953,2024-05-05 11:13:15.725451,purchase
0,POL-477144,2024-05-05 11:38:25.010386,cancellation
0,POL-374073,2024-05-05 12:52:12.036504,renewal
0,POL-390528,2024-05-05 12:59:36.298418,purchase
0,POL-569823,2024-05-05 14:10:53.206809,claim
0,POL-714754,2024-05-05 14:29:39.479424,purchase
0,POL-299249,2024-05-05 14:38:49.315865,claim
0,POL-896630,2024-05-05 15:22:05.105280,purchase
0,POL-423746,2024-05-05 15:25:29.575992,renewal
0,POL-076604,2024-05-05 15:37:42.530037,cancellation
0,POL-573226,2024-05-05 16:12:56.839909,claim
0,POL-616323,2024-05-05 20:52:07.188349,cancellation
0,POL-319896,2024-05-05 22:00:13.040572,claim
0,POL-219176,2024-05-05 22:33:03.720397,purchase
0,POL-554129,2024-05-05 23:06:20.934702,cancellation
0,POL-974107,2024-05-06 00:52:18.145998,purchase
0,POL-391832,2024-05-06 01:29:19.048253,renewal
0,POL-578504,2024-05-06 02:11:53.230581,renewal
0,POL-187579,2024-05-06 10:00:24.712162,cancellation
0,POL-988316,2024-05-06 10:38:21.019507,claim
0,POL-473564,2024-05-06 13:33:44.098491,cancellation
0,POL-867669,2024-05-06 13:51:10.880258,renewal
0,POL-931308,2024-05-06 14:42:46.587903,cancellation
0,POL-172700,2024-05-06 14:43:46.628883,claim
0,POL-484022,2024-05-06 14:52:56.023261,purchase
0,098207,2024-05-06 16:43:47.114340,claim
0,POL-172588,2024-05-06 16:58:39.718678,purchase
0,POL-371367,2024-05-06 17:11:35.663384,cancellation
0,POL-191737,2024-05-06 17:11:38.864680,purchase
0,POL-520876,2024-05-06 17:36:40.895524,cancellation
0,POL-276384,2024-05-06 17:58:23.207195,claim
0,POL-091448,2024-05-06 18:17:00.351098,cancellation
0,POL-888175,2024-05-06 21:59:26.998600,claim
0,POL-934153,2024-05-07 00:01:48.975425,cancellation
0,POL-748094,2024-05-07 01:59:18.292481,claim
0,POL-021467,2024-05-07 04:08:38.278862,claim
0,POL-748291,2024-05-07 05:56:19.136283,purchase
0,POL-771530,2024-05-07 06:21:35.242259,claim
0,POL-202230,2024-05-07 10:39:30.828563,cancellation
0,POL-703707,2024-05-07 10:45:49.803758,purchase
0,POL-279202,2024-05-07 18:42:09.724672,cancellation
0,POL-907708,2024-05-07 19:13:36.952373,claim
0,POL-581418,2024-05-07 19:32:25.439261,renewal
0,POL-465181,2024-05-07 23:11:01.658999,cancellation
0,POL-307128,2024-05-08 04:48:06.536315,purchase
0,POL-200959,2024-05-08 07:54:45.325237,purchase
0,POL-528805,2024-05-08 11:21:11.516654,renewal
0,POL-414296,2024-05-08 13:10:41.468288,purchase
0,POL-690981,2024-05-08 14:21:39.669070,claim
0,POL-850668,2024-05-08 14:41:59.294230,cancellation
0,POL-737078,2024-05-08 18:11:13.376989,purchase
0,POL-039829,2024-05-08 18:28:49.238687,claim
0,POL-451710,2024-05-08 18:58:16.612647,cancellation
0,POL-699829,2024-05-08 20:08:06.055387,renewal
0,POL-105891,2024-05-08 21:24:51.313800,renewal
0,POL-538327,2024-05-08 21:40:27.469858,cancellation
0,POL-100084,2024-05-08 21:41:58.691242,cancellation
0,POL-884230,2024-05-08 22:15:47.696052,renewal
0,POL-821258,2024-05-09 00:31:56.194351,renewal
0,POL-279119,2024-05-09 00:35:45.048935,claim
0,POL-843784,2024-05-09 01:51:09.719333,claim
0,POL-460967,2024-05-09 04:31:55.553429,cancellation
0,POL-418166,2024-05-09 05:36:40.316503,renewal
0,POL-432100,2024-05-09 05:49:57.356681,purchase
0,POL-490880,2024-05-09 07:58:34.870440,renewal
0,POL-490880,2024-05-09 08:29:27.786482,renewal
0,POL-516073,2024-05-09 09:12:36.064878,cancellation
0,POL-192602,2024-05-09 11:07:33.926649,renewal
0,POL-083033,2024-05-09 11:12:53.046152,purchase
0,POL-823660,2024-05-09 13:39:54.958868,purchase
0,POL-435370,2024-05-09 14:06:13.445369,purchase
0,POL-552578,2024-05-09 14:24:05.110362,cancellation
0,POL-839514,2024-05-09 15:49:48.316590,cancellation
0,POL-771530,2024-05-09 17:51:12.086488,cancellation
0,POL-641665,2024-05-09 20:54:15.237925,renewal
0,POL-220867,2024-05-09 22:41:30.757252,cancellation
0,POL-459317,2024-05-10 00:09:50.933236,cancellation
0,POL-949047,2024-05-10 01:26:43.259372,claim
0,POL-376184,2024-05-10 01:51:44.215324,cancellation
0,POL-335607,2024-05-10 02:27:59.503607,purchase
0,POL-771608,2024-05-10 03:44:34.834170,cancellation
0,POL-285681,2024-05-10 03:57:19.562045,renewal
0,POL-662797,2024-05-10 04:24:37.813555,cancellation
0,POL-606148,2024-05-10 05:29:08.364020,claim
0,POL-990222,2024-05-10 05:54:56.545489,purchase
0,POL-133857,2024-05-10 06:37:50.226413,claim
0,POL-566874,2024-05-10 07:29:18.673146,claim
0,POL-205603,2024-05-10 07:41:28.370701,cancellation
0,POL-452552,2024-05-10 07:59:51.894194,purchase
0,POL-524239,2024-05-10 08:21:48.200664,renewal
0,POL-223935,2024-05-10 08:36:04.414176,cancellation
0,POL-664976,2024-05-10 09:50:17.435113,cancellation
0,POL-414758,2024-05-10 10:50:04.319419,purchase
0,POL-364886,2024-05-10 13:40:43.049217,cancellation
0,POL-161419,2024-05-10 14:02:51.968867,claim
0,POL-441810,2024-05-10 15:20:35.897947,claim
0,POL-327370,2024-05-10 16:12:31.614595,claim
0,POL-984891,2024-05-10 18:18:38.347660,cancellation
0,POL-831546,2024-05-10 18:47:11.242113,claim
0,POL-659277,2024-05-10 19:42:53.953328,cancellation
0,POL-961606,2024-05-10 19:57:08.354697,claim
0,POL-129307,2024-05-10 20:48:44.803278,renewal
0,POL-566838,2024-05-10 20:55:44.565715,claim
0,POL-975343,2024-05-10 21:34:05.982169,renewal
0,POL-432100,2024-05-11 00:40:06.624301,cancellation
0,POL-582268,2024-05-11 02:44:30.878638,purchase
0,POL-755726,2024-05-11 05:49:51.266474,purchase
0,POL-178289,2024-05-11 08:23:15.203308,cancellation
0,POL-100084,2024-05-11 08:54:26.350059,renewal
0,POL-619050,2024-05-11 09:48:33.054315,claim
0,POL-314742,2024-05-11 10:18:31.501910,cancellation
0,POL-580608,2024-05-11 11:03:27.953496,claim
0,POL-904979,2024-05-11 11:03:43.989337,renewal
0,POL-074833,2024-05-11 12:00:24.483061,renewal
0,POL-188933,2024-05-11 13:33:20.984854,renewal
0,POL-366203,2024-05-11 13:47:46.258730,cancellation
0,POL-391586,2024-05-11 14:32:25.872882,renewal
0,POL-183432,2024-05-11 15:57:18.596616,claim
0,POL-344842,2024-05-11 16:42:40.519438,purchase
0,339607,2024-05-11 18:08:41.429710,cancellation
0,POL-153962,2024-05-11 18:13:18.453016,purchase
0,POL-991639,2024-05-11 18:53:26.062508,purchase
0,POL-509731,2024-05-11 19:08:15.046558,purchase
0,POL-923777,2024-05-11 19:17:15.933052,claim
0,POL-899700,2024-05-11 19:29:03.828491,renewal
0,POL-932649,2024-05-11 20:33:52.605953,renewal
0,POL-143378,2024-05-11 21:07:11.827676,renewal
0,POL-438007,2024-05-11 22:36:38.825905,claim
0,POL-604381,2024-05-12 01:54:02.531405,purchase
0,POL-961117,2024-05-12 02:35:30.523019,claim
0,POL-014176,2024-05-12 03:24:35.101615,purchase
0,POL-575422,2024-05-12 03:40:02.023337,renewal
0,POL-735524,2024-05-12 04:03:29.703921,purchase
0,POL-409855,2024-05-12 05:21:50.613873,cancellation
0,POL-988613,2024-05-12 06:01:51.398646,purchase
0,POL-410107,2024-05-12 06:58:43.906283,purchase
0,POL-949047,2024-05-12 07:08:20.084739,renewal
0,POL-765625,2024-05-12 09:17:30.085468,cancellation
0,POL-408957,2024-05-12 11:32:41.641282,purchase
0,POL-691373,2024-05-12 12:03:30.485299,purchase
0,POL-967325,2024-05-12 15:14:37.495456,purchase
0,POL-173844,2024-05-12 16:25:15.446455,cancellation
0,POL-283224,2024-05-12 17:52:10.083051,purchase
0,POL-006322,2024-05-12 18:23:42.878114,purchase
0,POL-125379,2024-05-12 18:41:11.666600,renewal
0,POL-339810,2024-05-12 21:16:24.927567,purchase
0,POL-190407,2024-05-12 21:43:10.033581,cancellation
0,POL-436086,2024-05-12 23:06:43.392194,claim
0,POL-486815,2024-05-12 23:27:10.516855,renewal
0,POL-157665,2024-05-12 23:29:32.468341,claim
0,POL-554129,2024-05-13 00:01:04.646416,claim
0,POL-708612,2024-05-13 00:05:08.449289,renewal
0,POL-596093,2024-05-13 00:12:00.947684,cancellation
0,POL-365260,2024-05-13 05:21:16.636425,purchase
0,POL-587698,2024-05-13 06:16:02.864334,purchase
0,POL-285676,2024-05-13 06:26:11.853460,cancellation
0,POL-555463,2024-05-13 08:20:08.911914,renewal
0,POL-381053,2024-05-13 10:03:44.739174,claim
0,POL-732061,2024-05-13 10:12:56.830947,cancellation
0,POL-252166,2024-05-13 12:44:02.694423,purchase
0,POL-171695,2024-05-13 14:20:44.304734,cancellation
0,POL-567828,2024-05-13 16:15:08.079472,cancellation
0,POL-594565,2024-05-13 16:38:55.834989,claim
0,POL-551438,2024-05-13 17:52:15.986746,purchase
0,POL-527474,2024-05-13 19:20:38.631251,purchase
0,POL-713915,2024-05-13 20:26:28.238135,claim
0,POL-744866,2024-05-13 20:48:26.614192,claim
0,POL-945971,2024-05-13 21:19:28.004200,renewal
0,POL-321474,2024-05-13 22:24:06.187486,renewal
0,POL-272781,2024-05-13 23:24:11.916749,claim
0,POL-590274,2024-05-14 00:32:40.730574,cancellation
0,POL-160459,2024-05-14 02:46:32.899179,renewal
0,POL-332041,2024-05-14 02:51:43.403204,purchase
0,POL-754736,2024-05-14 04:06:09.433631,cancellation
0,POL-657278,2024-05-14 04:49:10.086851,cancellation
0,POL-485603,2024-05-14 05:27:51.504052,purchase
0,POL-524527,2024-05-14 05:54:19.357257,cancellation
0,POL-003940,2024-05-14 05:56:04.359421,renewal
0,POL-811937,2024-05-14 06:14:57.211326,renewal
0,POL-832026,2024-05-14 08:26:43.765578,renewal
0,POL-990222,2024-05-14 08:42:30.830307,renewal
0,POL-065572,2024-05-14 09:39:36.845952,purchase
0,POL-483811,2024-05-14 11:01:42.069386,purchase
0,POL-137915,2024-05-14 12:24:58.214388,claim
0,POL-347208,2024-05-14 12:48:22.880313,purchase
0,POL-829274,2024-05-14 13:16:27.997087,renewal
0,POL-228449,2024-05-14 14:28:09.555516,cancellation
0,POL-140822,2024-05-14 19:21:54.797964,renewal
0,POL-285676,2024-05-14 21:05:52.337905,purchase
0,POL-660442,2024-05-14 23:11:56.838759,claim
0,POL-035454,2024-05-15 01:01:51.647592,claim
0,POL-275137,2024-05-15 02:17:42.719894,claim
0,POL-079805,2024-05-15 02:50:29.822857,claim
0,POL-292434,2024-05-15 03:04:05.000028,purchase
0,POL-859154,2024-05-15 05:43:17.381238,renewal
0,POL-003776,2024-05-15 05:50:50.764597,renewal
0,POL-160229,2024-05-15 07:19:50.522512,purchase
0,POL-121498,2024-05-15 10:56:20.926938,claim
0,POL-840111,2024-05-15 13:13:53.288439,purchase
0,POL-608630,2024-05-15 15:38:33.096492,purchase
0,POL-889200,2024-05-15 17:39:27.024071,cancellation
0,POL-961606,2024-05-15 18:24:08.451458,purchase
0,POL-786256,2024-05-15 18:44:32.122056,claim
0,POL-290712,2024-05-15 22:13:47.566410,cancellation
0,POL-248614,2024-05-15 23:04:30.707536,purchase
0,POL-771740,2024-05-16 00:32:41.872556,renewal
0,POL-583047,2024-05-16 00:42:53.233070,renewal
0,POL-957168,2024-05-16 01:09:22.821384,purchase
0,POL-513608,2024-05-16 02:18:50.812123,purchase
0,POL-928257,2024-05-16 02:39:11.106452,claim
0,POL-363999,2024-05-16 04:20:23.573571,purchase
0,POL-100109,2024-05-16 04:47:41.120232,cancellation
0,POL-072899,2024-05-16 04:49:57.838892,purchase
0,POL-368459,2024-05-16 05:28:34.353329,purchase
0,POL-166636,2024-05-16 05:57:40.428635,renewal
0,POL-317087,2024-05-16 05:57:52.341545,cancellation
0,POL-840121,2024-05-16 06:09:46.208220,claim
0,POL-313429,2024-05-16 07:03:26.656977,purchase
0,POL-868796,2024-05-16 07:31:48.814380,renewal
0,POL-394539,2024-05-16 11:08:49.633392,claim
0,POL-162589,2024-05-16 11:22:04.982609,renewal
0,POL-821987,2024-05-16 12:20:30.931091,claim
0,POL-244891,2024-05-16 12:21:37.787656,claim
0,POL-905340,2024-05-16 12:46:15.312253,renewal
0,POL-204356,2024-05-16 14:42:53.193528,renewal
0,POL-321706,2024-05-16 15:39:25.889220,purchase
0,POL-880120,2024-05-16 16:00:05.365724,renewal
0,POL-491248,2024-05-16 16:12:33.631017,claim
0,POL-984370,2024-05-16 16:41:39.597309,purchase
0,POL-204356,2024-05-16 17:22:57.985491,cancellation
0,POL-589512,2024-05-16 17:34:59.748532,claim
0,POL-129136,2024-05-16 17:47:37.398204,purchase
0,POL-129136,2024-05-16 18:19:21.271868,claim
0,POL-266112,2024-05-16 20:15:41.320969,cancellation
0,POL-110022,2024-05-16 21:56:55.098751,purchase
0,POL-583286,2024-05-16 22:15:14.025817,renewal
0,POL-631150,2024-05-16 23:38:35.187470,purchase
0,POL-755632,2024-05-16 23:45:25.369274,claim
0,POL-659433,2024-05-16 23:45:54.594400,cancellation
0,POL-570629,2024-05-16 23:55:10.238025,claim
0,POL-292944,2024-05-17 01:18:32.972097,cancellation
0,POL-722893,2024-05-17 04:22:45.728981,renewal
0,POL-238591,2024-05-17 04:30:58.735619,purchase
0,POL-876817,2024-05-17 06:02:35.188764,purchase
0,POL-782654,2024-05-17 06:24:38.178528,purchase
0,POL-470878,2024-05-17 06:27:16.992053,purchase
0,POL-699829,2024-05-17 09:27:40.423923,cancellation
0,POL-816588,2024-05-17 09:52:45.815761,cancellation
0,POL-507290,2024-05-17 12:07:47.013395,claim
0,POL-676219,2024-05-17 12:19:59.054568,claim
0,POL-186072,2024-05-17 12:22:54.375457,purchase
0,POL-035032,2024-05-17 13:48:05.503994,purchase
0,184337,2024-05-17 14:35:05.507529,purchase
0,POL-321198,2024-05-17 18:31:40.170906,claim
0,POL-316005,2024-05-17 23:05:19.506108,cancellation
0,POL-231518,2024-05-17 23:17:58.483545,renewal
0,POL-464468,2024-05-18 03:49:28.608405,purchase
0,POL-007335,2024-05-18 04:12:08.248991,claim
0,POL-280199,2024-05-18 08:12:30.158640,renewal
0,POL-453482,2024-05-18 10:45:39.701866,purchase
0,POL-656398,2024-05-18 11:49:45.830181,purchase
0,POL-567211,2024-05-18 11:52:23.758955,renewal
0,167077,2024-05-18 13:47:50.143441,purchase
0,POL-534437,2024-05-18 14:45:58.018921,cancellation
0,POL-224468,2024-05-18 18:22:45.014297,claim
0,POL-066934,2024-05-18 22:34:40.056678,renewal
0,POL-419354,2024-05-18 23:53:50.344717,claim
0,POL-706897,2024-05-19 00:05:20.569604,cancellation
0,POL-063051,2024-05-19 00:40:24.017525,cancellation
0,POL-687601,2024-05-19 02:16:24.737486,claim
0,POL-542071,2024-05-19 02:29:29.626815,claim
0,POL-738219,2024-05-19 03:20:49.019588,purchase
0,POL-999964,2024-05-19 03:57:24.730740,purchase
0,POL-318400,2024-05-19 06:33:58.790750,cancellation
0,POL-116872,2024-05-19 06:53:04.550435,claim
0,POL-843659,2024-05-19 09:14:51.125502,cancellation
0,POL-279202,2024-05-19 10:17:48.764845,purchase
0,422958,2024-05-19 11:19:37.320280,purchase
0,POL-939285,2024-05-19 12:08:29.866091,renewal
0,POL-231306,2024-05-19 12:51:33.642292,claim
0,POL-349575,2024-05-19 14:21:41.832502,purchase
0,POL-660442,2024-05-19 14:51:16.841697,claim
0,POL-062923,2024-05-19 17:06:56.968028,purchase
0,POL-420774,2024-05-19 17:46:14.074344,cancellation
0,POL-809154,2024-05-19 18:02:38.565175,purchase
0,POL-977069,2024-05-19 18:03:05.194097,renewal
0,POL-006378,2024-05-19 18:10:29.050933,claim
0,POL-993214,2024-05-19 18:12:01.104475,renewal
0,POL-981674,2024-05-19 18:30:59.219151,cancellation
0,POL-313960,2024-05-19 19:10:07.585160,renewal
0,POL-994615,2024-05-19 19:13:54.314760,cancellation
0,POL-824968,2024-05-19 20:26:19.429327,cancellation
0,POL-961098,2024-05-19 20:57:35.463155,cancellation
0,POL-079386,2024-05-19 21:38:02.859729,cancellation
0,POL-938604,2024-05-19 23:52:23.222525,renewal
0,POL-295850,2024-05-20 00:06:42.761513,purchase
0,POL-040725,2024-05-20 00:43:36.685344,renewal
0,POL-505412,2024-05-20 00:46:30.380918,claim
0,POL-311545,2024-05-20 01:24:28.174602,cancellation
0,POL-680546,2024-05-20 06:11:03.612749,claim
0,POL-607041,2024-05-20 06:12:05.561165,renewal
0,POL-698658,2024-05-20 06:37:22.778740,renewal
0,POL-814100,2024-05-20 06:43:11.766753,claim
0,POL-575808,2024-05-20 07:28:52.077073,purchase
0,POL-950286,2024-05-20 07:42:30.808744,claim
0,POL-466841,2024-05-20 08:45:11.902098,cancellation
0,POL-209128,2024-05-20 10:53:26.901870,claim
0,POL-706518,2024-05-20 13:17:53.256715,claim
0,POL-415718,2024-05-20 14:35:38.951634,claim
0,POL-798761,2024-05-20 14:40:12.193328,purchase
0,POL-701685,2024-05-20 15:31:07.009518,purchase
0,POL-431849,2024-05-20 16:16:10.311642,purchase
0,POL-173209,2024-05-20 16:36:35.186424,cancellation
0,POL-959615,2024-05-20 17:55:35.194410,purchase
0,POL-939564,2024-05-20 19:17:02.848684,purchase
0,POL-226732,2024-05-20 19:32:57.499183,renewal
0,POL-899725,2024-05-20 22:56:46.553984,purchase
0,POL-924171,2024-05-21 00:03:34.091865,cancellation
0,POL-677364,2024-05-21 01:26:31.805085,cancellation
0,POL-691885,2024-05-21 02:21:35.312410,purchase
0,POL-778469,2024-05-21 03:40:42.799975,cancellation
0,POL-514445,2024-05-21 05:35:46.360104,purchase
0,POL-441895,2024-05-21 05:50:25.099985,renewal
0,POL-889071,2024-05-21 06:15:41.118424,cancellation
0,POL-709228,2024-05-21 07:31:21.459332,purchase
0,POL-802313,2024-05-21 08:10:38.716943,claim
0,POL-171005,2024-05-21 12:17:52.329436,cancellation
0,POL-200970,2024-05-21 13:10:40.550334,claim
0,POL-171695,2024-05-21 14:17:28.046703,renewal
0,POL-387140,2024-05-21 16:09:39.119672,claim
0,POL-225915,2024-05-21 16:59:32.467131,claim
0,POL-052523,2024-05-21 18:01:03.335507,purchase
0,POL-379419,2024-05-21 18:07:33.339994,claim
0,POL-885481,2024-05-21 18:20:01.471510,cancellation
0,POL-145576,2024-05-21 19:16:44.789443,renewal
0,POL-901557,2024-05-21 19:45:19.485489,cancellation
0,POL-528027,2024-05-21 19:57:58.420910,renewal
0,POL-692815,2024-05-21 20:05:31.996421,purchase
0,POL-371651,2024-05-21 20:18:06.495232,cancellation
0,POL-136876,2024-05-21 23:38:39.647590,purchase
0,POL-702774,2024-05-22 00:55:44.990227,claim
0,POL-101613,2024-05-22 03:44:41.905667,renewal
0,POL-518805,2024-05-22 05:26:58.411601,purchase
0,POL-889322,2024-05-22 06:50:32.941323,claim
0,POL-978952,2024-05-22 07:23:33.665406,cancellation
0,POL-590463,2024-05-22 09:20:53.445538,purchase
0,POL-765625,2024-05-22 10:23:48.790728,claim
0,POL-250347,2024-05-22 10:45:58.480407,purchase
0,880809,2024-05-22 10:52:32.752021,renewal
0,POL-761074,2024-05-22 10:57:07.475354,purchase
0,POL-377463,2024-05-22 12:14:21.917536,claim
0,POL-680629,2024-05-22 21:24:00.092666,claim
0,POL-138895,2024-05-22 22:35:26.621793,purchase
0,POL-860855,2024-05-22 23:29:26.981216,renewal
0,POL-199828,2024-05-23 00:33:51.521198,renewal
0,POL-174754,2024-05-23 01:19:17.870819,renewal
0,POL-026714,2024-05-23 01:26:05.619339,purchase
0,POL-081717,2024-05-23 02:06:25.270846,renewal
0,POL-303610,2024-05-23 03:32:43.188287,cancellation
0,POL-532869,2024-05-23 03:56:48.948313,cancellation
0,POL-804014,2024-05-23 06:39:35.183744,purchase
0,POL-162501,2024-05-23 06:47:18.647284,cancellation
0,POL-538327,2024-05-23 07:55:23.761604,renewal
0,POL-159395,2024-05-23 07:58:10.244192,claim
0,POL-713798,2024-05-23 08:45:33.299296,renewal
0,POL-364603,2024-05-23 09:59:38.624514,purchase
0,POL-285681,2024-05-23 10:41:35.791075,renewal
0,POL-470064,2024-05-23 11:37:39.208123,renewal
0,POL-608794,2024-05-23 12:57:09.660887,purchase
0,POL-164318,2024-05-23 13:07:43.578042,cancellation
0,POL-165995,2024-05-23 14:12:27.838173,claim
0,POL-059067,2024-05-23 15:02:55.515605,purchase
0,POL-420774,2024-05-23 16:08:03.422229,claim
0,POL-604269,2024-05-23 17:14:28.505152,renewal
0,POL-864996,2024-05-23 18:19:23.250188,purchase
0,POL-055059,2024-05-23 18:23:04.839760,claim
0,POL-638536,2024-05-23 19:35:03.930484,cancellation
0,POL-644781,2024-05-23 20:35:19.979150,renewal
0,POL-276506,2024-05-24 00:07:07.773890,renewal
0,POL-320247,2024-05-24 00:38:20.883158,claim
0,POL-688999,2024-05-24 00:42:38.843380,renewal
0,POL-109821,2024-05-24 01:48:26.436631,cancellation
0,POL-078309,2024-05-24 02:07:08.272351,claim
0,POL-007982,2024-05-24 02:23:56.508417,purchase
0,POL-014769,2024-05-24 02:39:38.413254,renewal
0,POL-386875,2024-05-24 03:30:15.689512,cancellation
0,POL-512263,2024-05-24 04:31:47.972754,purchase
0,POL-250918,2024-05-24 06:34:54.614389,cancellation
0,POL-867618,2024-05-24 06:53:48.707470,renewal
0,POL-930333,2024-05-24 07:01:17.628398,purchase
0,POL-630392,2024-05-24 08:53:55.904274,purchase
0,POL-210881,2024-05-24 10:01:02.529037,purchase
0,POL-159395,2024-05-24 12:58:29.496582,cancellation
0,POL-517604,2024-05-24 14:52:32.189366,cancellation
0,POL-377393,2024-05-24 15:15:21.437745,cancellation
0,POL-003178,2024-05-24 17:02:16.306428,renewal
0,POL-395485,2024-05-24 17:25:07.915543,renewal
0,POL-441424,2024-05-24 18:20:57.557157,cancellation
0,182490,2024-05-24 19:20:06.598724,cancellation
0,POL-809674,2024-05-24 19:21:18.042189,cancellation
0,POL-863720,2024-05-24 19:56:16.594352,cancellation
0,POL-793913,2024-05-24 20:07:47.409827,renewal
0,POL-289108,2024-05-24 22:03:09.518841,cancellation
0,POL-122335,2024-05-24 23:14:44.852609,purchase
0,POL-172394,2024-05-24 23:47:07.936346,claim
0,POL-530771,2024-05-25 00:30:13.169500,cancellation
0,POL-325545,2024-05-25 00:51:30.689075,purchase
0,POL-598182,2024-05-25 01:47:00.829035,purchase
0,POL-426128,2024-05-25 01:55:21.720032,renewal
0,POL-687980,2024-05-25 05:56:19.368924,purchase
0,POL-760888,2024-05-25 06:25:12.824547,purchase
0,POL-095045,2024-05-25 07:18:14.279966,purchase
0,POL-963914,2024-05-25 08:47:34.223062,purchase
0,POL-265076,2024-05-25 09:21:02.542505,cancellation
0,POL-064677,2024-05-25 11:14:06.108087,purchase
0,POL-095045,2024-05-25 11:55:42.631600,renewal
0,POL-209655,2024-05-25 12:34:20.351310,claim
0,POL-342527,2024-05-25 13:35:18.558507,cancellation
0,POL-351852,2024-05-25 13:42:11.505810,cancellation
0,POL-333464,2024-05-25 14:02:07.530658,cancellation
0,POL-676399,2024-05-25 14:02:50.803235,purchase
0,POL-161730,2024-05-25 18:13:29.231591,claim
0,POL-567380,2024-05-25 18:26:05.369431,purchase
0,POL-029830,2024-05-25 18:55:48.199609,cancellation
0,POL-895673,2024-05-25 19:12:39.654406,purchase
0,POL-347857,2024-05-25 20:09:58.243895,claim
0,POL-517208,2024-05-26 01:12:41.072067,cancellation
0,POL-843784,2024-05-26 02:20:57.956860,cancellation
0,POL-686433,2024-05-26 03:06:15.768637,renewal
0,POL-835230,2024-05-26 03:20:21.310571,claim
0,POL-640811,2024-05-26 03:33:42.222641,renewal
0,POL-392745,2024-05-26 03:34:09.173730,claim
0,POL-665365,2024-05-26 03:55:17.329924,claim
0,POL-584372,2024-05-26 06:42:48.402574,renewal
0,POL-120481,2024-05-26 06:46:43.830469,purchase
0,POL-059289,2024-05-26 07:20:28.956998,renewal
0,POL-072998,2024-05-26 09:30:30.019447,purchase
0,POL-364446,2024-05-26 11:21:35.742544,purchase
0,POL-179473,2024-05-26 12:14:58.409182,purchase
0,POL-754543,2024-05-26 12:19:14.085412,renewal
0,POL-977835,2024-05-26 12:57:17.960506,claim
0,POL-420739,2024-05-26 14:33:29.094055,purchase
0,POL-256658,2024-05-26 16:20:50.155322,purchase
0,POL-785513,2024-05-26 18:37:23.920714,renewal
0,POL-621871,2024-05-26 19:03:37.896092,claim
0,POL-555626,2024-05-26 19:04:06.566448,cancellation
0,POL-970796,2024-05-26 21:24:28.853326,cancellation
0,POL-661970,2024-05-26 22:15:44.344073,renewal
0,POL-571844,2024-05-26 22:32:40.142679,claim
0,POL-538316,2024-05-26 22:43:23.322091,claim
0,POL-962998,2024-05-27 00:48:12.772106,purchase
0,POL-331197,2024-05-27 03:34:55.799592,renewal
0,POL-067937,2024-05-27 03:55:04.858475,cancellation
0,POL-790676,2024-05-27 05:04:15.263850,purchase
0,POL-668455,2024-05-27 06:15:31.033111,cancellation
0,POL-683615,2024-05-27 10:37:59.311861,cancellation
0,POL-213042,2024-05-27 11:24:15.713940,cancellation
0,POL-911569,2024-05-27 11:28:50.024602,claim
0,POL-292745,2024-05-27 14:05:12.959060,claim
0,POL-879094,2024-05-27 14:46:04.871306,purchase
0,POL-633687,2024-05-27 15:09:56.738571,renewal
0,POL-927947,2024-05-27 17:11:16.271102,renewal
0,POL-507837,2024-05-27 21:03:52.081366,claim
0,POL-894220,2024-05-27 21:26:47.174940,purchase
0,POL-690614,2024-05-27 21:40:33.408243,renewal
0,POL-280199,2024-05-27 22:53:20.743647,renewal
0,POL-122164,2024-05-28 00:17:39.975380,renewal
0,POL-912239,2024-05-28 00:18:33.005452,claim
0,POL-304999,2024-05-28 00:39:20.650709,claim
0,POL-744563,2024-05-28 01:05:42.385205,claim
0,POL-884230,2024-05-28 01:35:34.820044,cancellation
0,POL-756812,2024-05-28 04:02:23.350096,claim
0,POL-468990,2024-05-28 04:14:47.046379,claim
0,POL-537434,2024-05-28 04:52:08.680327,purchase
0,POL-990222,2024-05-28 06:02:00.537601,purchase
0,POL-364477,2024-05-28 06:07:36.408188,purchase
0,POL-094212,2024-05-28 06:16:22.663423,renewal
0,POL-198766,2024-05-28 06:51:55.031472,claim
0,POL-390036,2024-05-28 06:53:12.746279,purchase
0,POL-381977,2024-05-28 08:16:44.791918,cancellation
0,POL-745284,2024-05-28 09:04:38.889003,cancellation
0,POL-680546,2024-05-28 09:37:55.438427,cancellation
0,POL-646145,2024-05-28 09:40:47.884052,cancellation
0,POL-386411,2024-05-28 10:36:06.056353,renewal
0,POL-528095,2024-05-28 15:46:38.890521,cancellation
0,POL-798835,2024-05-28 16:10:16.456346,claim
0,POL-652165,2024-05-28 16:43:24.258458,cancellation
0,POL-108904,2024-05-28 16:43:44.629582,purchase
0,POL-824912,2024-05-28 17:52:43.093704,claim
0,POL-153521,2024-05-28 18:15:51.247378,cancellation
0,POL-530269,2024-05-28 18:33:39.176985,cancellation
0,POL-357896,2024-05-28 19:55:57.401687,renewal
0,POL-813406,2024-05-28 20:56:10.825494,renewal
0,POL-317663,2024-05-28 23:15:58.610896,renewal
0,POL-639351,2024-05-28 23:33:41.204293,renewal
0,POL-765043,2024-05-29 00:04:08.907528,cancellation
0,POL-631606,2024-05-29 00:30:19.418369,purchase
0,POL-165399,2024-05-29 07:17:22.812742,purchase
0,POL-063051,2024-05-29 07:24:25.807249,cancellation
0,POL-222966,2024-05-29 07:52:42.144506,purchase
0,POL-493073,2024-05-29 10:07:01.945337,purchase
0,POL-238803,2024-05-29 12:10:30.756918,cancellation
0,POL-993257,2024-05-29 12:58:20.640316,cancellation
0,POL-530771,2024-05-29 13:06:38.334634,purchase
0,POL-172714,2024-05-29 13:45:40.042317,renewal
0,POL-194098,2024-05-29 13:58:49.541528,claim
0,POL-112605,2024-05-29 14:07:09.570173,claim
0,POL-599081,2024-05-29 15:02:04.080248,purchase
0,POL-608234,2024-05-29 15:04:39.735321,cancellation
0,POL-084773,2024-05-29 15:34:55.870589,purchase
0,POL-616092,2024-05-29 17:46:58.914282,claim
0,POL-125521,2024-05-29 18:27:53.922493,claim
0,POL-026922,2024-05-29 22:02:08.152104,claim
0,POL-833019,2024-05-29 22:27:26.604681,claim
0,POL-126114,2024-05-30 03:52:32.869664,renewal
0,POL-071873,2024-05-30 04:13:06.839370,cancellation
0,POL-466181,2024-05-30 04:45:06.970428,cancellation
0,POL-237690,2024-05-30 05:45:12.767311,renewal
0,POL-069548,2024-05-30 05:54:03.246890,claim
0,POL-741245,2024-05-30 06:25:57.124933,claim
0,POL-690614,2024-05-30 06:51:43.231865,renewal
0,POL-159807,2024-05-30 07:26:05.561997,cancellation
0,POL-840111,2024-05-30 09:15:55.205270,claim
0,POL-494872,2024-05-30 10:42:37.395679,renewal
0,POL-759589,2024-05-30 11:30:41.440224,cancellation
0,POL-552075,2024-05-30 11:59:42.950195,purchase
0,POL-825805,2024-05-30 12:09:54.260393,cancellation
0,POL-858692,2024-05-30 12:12:58.447180,purchase
0,POL-974424,2024-05-30 12:48:39.988475,claim
0,POL-675918,2024-05-30 13:15:41.036700,renewal
0,POL-218638,2024-05-30 13:55:21.468127,claim
0,POL-342466,2024-05-30 17:51:40.685230,cancellation
0,POL-364343,2024-05-30 18:43:27.100538,renewal
0,POL-665492,2024-05-30 19:45:56.775807,claim
0,POL-492338,2024-05-30 21:04:40.643417,renewal
0,POL-569823,2024-05-30 21:42:17.286134,purchase
0,POL-206370,2024-05-31 01:58:54.751738,claim
0,POL-056124,2024-05-31 05:26:49.626016,renewal
0,POL-925641,2024-05-31 06:00:43.060283,renewal
0,POL-810665,2024-05-31 06:45:50.539896,claim
0,POL-060078,2024-05-31 11:03:14.947105,claim
0,POL-306889,2024-05-31 11:41:15.377958,claim
0,POL-484640,2024-05-31 13:11:25.904706,purchase
0,POL-989860,2024-05-31 15:26:44.919594,cancellation
0,POL-272957,2024-05-31 17:23:04.086086,cancellation
0,POL-761883,2024-05-31 17:38:28.128847,purchase
0,POL-275898,2024-05-31 19:54:37.374749,purchase
0,POL-513608,2024-05-31 20:23:38.776335,claim
0,POL-684986,2024-05-31 20:52:21.063089,purchase
0,POL-521624,2024-05-31 21:50:46.191890,claim
0,POL-845492,2024-05-31 23:27:33.257469,cancellation
0,POL-034703,2024-06-01 01:00:48.382327,purchase
0,POL-882977,2024-06-01 01:48:20.315889,claim
0,POL-928404,2024-06-01 02:02:57.834618,cancellation
0,POL-514044,2024-06-01 02:57:56.237342,renewal
0,POL-238556,2024-06-01 03:38:00.456354,cancellation
0,POL-160321,2024-06-01 03:46:45.003582,purchase
0,POL-824968,2024-06-01 06:23:10.710746,claim
0,POL-030965,2024-06-01 07:06:14.211558,purchase
0,POL-849990,2024-06-01 07:08:55.952587,renewal
0,POL-382243,2024-06-01 09:06:06.429469,purchase
0,POL-642974,2024-06-01 09:43:27.550987,renewal
0,POL-983944,2024-06-01 10:53:00.890739,renewal
0,POL-224109,2024-06-01 11:57:38.728328,cancellation
0,POL-534411,2024-06-01 12:39:38.083396,cancellation
0,POL-986707,2024-06-01 12:46:53.663443,cancellation
0,POL-551761,2024-06-01 13:05:23.860217,claim
0,315402,2024-06-01 14:28:11.247982,purchase
0,POL-146440,2024-06-01 15:50:30.382358,renewal
0,POL-592459,2024-06-01 16:33:40.039532,claim
0,POL-996191,2024-06-01 17:30:38.704341,renewal
0,POL-177362,2024-06-01 17:33:37.051103,renewal
0,POL-174774,2024-06-01 19:06:08.856690,renewal
0,POL-017425,2024-06-01 19:12:08.432709,purchase
0,POL-627495,2024-06-01 19:52:22.825843,purchase
0,POL-935764,2024-06-01 21:39:38.055268,purchase
0,POL-550784,2024-06-01 21:55:31.012402,purchase
0,POL-901936,2024-06-01 22:24:27.236662,renewal
0,POL-533609,2024-06-01 22:26:55.740453,renewal
0,POL-017311,2024-06-01 23:07:51.240594,claim
0,POL-518470,2024-06-02 00:40:35.829280,claim
0,POL-624506,2024-06-02 00:40:59.118948,renewal
0,POL-267400,2024-06-02 00:51:49.335441,renewal
0,POL-904979,2024-06-02 01:36:07.146643,renewal
0,POL-758571,2024-06-02 02:23:37.358583,cancellation
0,POL-096356,2024-06-02 04:16:47.077451,renewal
0,POL-944979,2024-06-02 04:58:47.914497,claim
0,POL-889088,2024-06-02 07:21:31.938828,claim
0,POL-139662,2024-06-02 08:03:46.510765,cancellation
0,POL-769640,2024-06-02 08:18:28.488540,cancellation
0,POL-769580,2024-06-02 09:14:54.270634,renewal
0,POL-374318,2024-06-02 09:22:21.375303,purchase
0,POL-238556,2024-06-02 10:12:04.911566,claim
0,POL-170796,2024-06-02 11:01:08.138313,purchase
0,POL-497887,2024-06-02 11:28:45.218055,cancellation
0,POL-060925,2024-06-02 13:22:51.012133,renewal
0,POL-795104,2024-06-02 13:56:52.317061,cancellation
0,POL-607041,2024-06-02 14:16:52.337295,cancellation
0,POL-116577,2024-06-02 14:52:36.133905,claim
0,POL-439019,2024-06-02 16:07:19.605181,claim
0,POL-283832,2024-06-02 16:37:55.755849,renewal
0,POL-672409,2024-06-02 19:28:23.217742,purchase
0,POL-728674,2024-06-02 20:19:01.641238,purchase
0,POL-019488,2024-06-02 23:14:22.110521,purchase
0,POL-983782,2024-06-03 00:03:38.808020,claim
0,POL-475658,2024-06-03 01:41:10.850743,claim
0,POL-753068,2024-06-03 02:10:11.965070,claim
0,POL-796314,2024-06-03 02:16:16.246646,purchase
0,POL-802907,2024-06-03 09:19:01.445933,claim
0,POL-026493,2024-06-03 17:15:41.594657,claim
0,POL-537877,2024-06-03 17:41:30.092308,claim
0,POL-104809,2024-06-03 18:45:28.462430,claim
0,POL-341722,2024-06-03 21:14:11.406681,purchase
0,POL-899538,2024-06-03 23:30:02.466814,cancellation
0,POL-190407,2024-06-04 01:26:24.940040,renewal
0,POL-166597,2024-06-04 02:00:59.892696,renewal
0,POL-608020,2024-06-04 02:43:22.099992,claim
0,POL-768214,2024-06-04 06:12:19.857311,renewal
0,098647,2024-06-04 06:19:12.805364,purchase
0,POL-221154,2024-06-04 06:30:33.278977,claim
0,POL-934329,2024-06-04 09:48:28.226453,purchase
0,POL-207266,2024-06-04 11:43:07.698952,claim
0,POL-638536,2024-06-04 12:13:13.926920,purchase
0,POL-624324,2024-06-04 14:03:36.672880,claim
0,POL-689303,2024-06-04 14:25:28.344286,renewal
0,POL-133857,2024-06-04 14:30:16.448020,renewal
0,POL-309443,2024-06-04 14:54:14.173673,claim
0,POL-341722,2024-06-04 15:33:58.687731,purchase
0,POL-785665,2024-06-04 15:53:37.887085,claim
0,POL-995366,2024-06-04 18:30:39.499714,claim
0,POL-082184,2024-06-04 20:16:16.089552,cancellation
0,POL-374294,2024-06-04 20:21:00.949717,renewal
0,POL-888175,2024-06-05 00:53:12.025933,cancellation
0,POL-592459,2024-06-05 02:24:41.525915,renewal
0,POL-620668,2024-06-05 04:08:23.889375,cancellation
0,POL-965286,2024-06-05 04:13:43.760340,claim
0,POL-590516,2024-06-05 04:40:01.860591,claim
0,POL-939591,2024-06-05 05:01:33.173055,claim
0,POL-552760,2024-06-05 05:13:23.832719,renewal
0,POL-918744,2024-06-05 05:24:50.179639,purchase
0,POL-291895,2024-06-05 05:40:17.817503,claim
0,POL-504348,2024-06-05 05:59:36.710014,renewal
0,POL-988316,2024-06-05 07:24:21.564055,cancellation
0,POL-362154,2024-06-05 08:17:30.282673,claim
0,POL-419884,2024-06-05 08:18:24.617450,purchase
0,POL-619411,2024-06-05 09:35:13.927345,renewal
0,POL-125720,2024-06-05 13:09:07.198699,purchase
0,POL-926023,2024-06-05 13:13:25.663301,claim
0,POL-827919,2024-06-05 13:27:33.533279,renewal
0,POL-865807,2024-06-05 13:30:34.244741,claim
0,POL-802907,2024-06-05 18:58:33.753438,cancellation
0,POL-339511,2024-06-05 19:35:25.247164,renewal
0,POL-903844,2024-06-05 19:47:48.017963,purchase
0,POL-969118,2024-06-05 19:53:54.713660,claim
0,POL-688436,2024-06-05 20:24:33.336640,cancellation
0,POL-178833,2024-06-05 21:55:28.398856,claim
0,POL-083296,2024-06-05 22:50:43.205097,renewal
0,POL-928404,2024-06-05 23:09:27.747391,renewal
0,POL-306788,2024-06-06 00:12:05.470618,renewal
0,POL-859154,2024-06-06 00:22:32.634459,purchase
0,POL-259502,2024-06-06 00:27:47.466731,claim
0,POL-713021,2024-06-06 00:40:29.420323,claim
0,POL-728674,2024-06-06 02:11:25.006860,renewal
0,POL-373608,2024-06-06 03:34:33.888077,cancellation
0,POL-753681,2024-06-06 04:29:29.066690,renewal
0,POL-765483,2024-06-06 05:41:04.261380,claim
0,POL-308883,2024-06-06 05:52:54.087456,claim
0,POL-435788,2024-06-06 08:26:00.216444,purchase
0,POL-932836,2024-06-06 10:19:29.236567,purchase
0,POL-859125,2024-06-06 10:37:17.034205,cancellation
0,POL-382243,2024-06-06 11:02:03.393826,purchase
0,POL-813533,2024-06-06 11:45:56.406445,cancellation
0,POL-146286,2024-06-06 14:00:08.662992,purchase
0,POL-355655,2024-06-06 14:11:20.962818,purchase
0,POL-667451,2024-06-06 14:21:20.689447,cancellation
0,POL-809473,2024-06-06 15:59:43.558460,purchase
0,POL-070854,2024-06-06 16:20:14.896038,claim
0,POL-456104,2024-06-06 16:20:47.565167,purchase
0,POL-279049,2024-06-06 16:40:24.997668,renewal
0,POL-284547,2024-06-06 16:53:58.346727,cancellation
0,POL-509240,2024-06-06 20:09:00.945063,purchase
0,POL-965604,2024-06-06 20:24:28.043245,claim
0,POL-907959,2024-06-06 20:41:10.954482,renewal
0,POL-200970,2024-06-06 21:47:31.983278,cancellation
0,POL-849990,2024-06-06 22:48:20.022909,purchase
0,POL-442869,2024-06-06 23:03:55.656154,renewal
0,POL-718579,2024-06-07 00:07:15.828845,cancellation
0,POL-540396,2024-06-07 00:41:59.635510,cancellation
0,POL-424608,2024-06-07 03:15:07.689433,claim
0,POL-964575,2024-06-07 03:37:33.802451,renewal
0,POL-329838,2024-06-07 03:37:46.600891,renewal
0,POL-545594,2024-06-07 05:05:01.553389,claim
0,POL-280649,2024-06-07 06:03:04.707265,claim
0,POL-424426,2024-06-07 06:24:33.467644,cancellation
0,POL-040546,2024-06-07 06:28:47.341952,purchase
0,POL-350480,2024-06-07 06:50:13.794381,purchase
0,POL-496919,2024-06-07 07:05:25.885118,renewal
0,POL-506907,2024-06-07 08:40:57.996300,claim
0,POL-563826,2024-06-07 10:13:52.035200,renewal
0,POL-492909,2024-06-07 11:05:07.520497,renewal
0,POL-767033,2024-06-07 11:07:39.553628,claim
0,POL-560152,2024-06-07 11:14:10.404454,renewal
0,POL-369743,2024-06-07 11:49:50.048440,claim
0,POL-669986,2024-06-07 11:55:33.568040,renewal
0,POL-530803,2024-06-07 16:08:06.867059,claim
0,POL-222188,2024-06-07 18:55:33.186976,claim
0,POL-446936,2024-06-08 01:28:29.597140,claim
0,POL-439019,2024-06-08 03:21:24.377827,claim
0,POL-929889,2024-06-08 03:47:23.151582,claim
0,POL-678430,2024-06-08 04:18:15.536641,purchase
0,POL-053195,2024-06-08 04:24:04.058745,claim
0,POL-819101,2024-06-08 05:43:54.141593,claim
0,POL-826402,2024-06-08 06:24:29.426624,cancellation
0,POL-874730,2024-06-08 07:19:57.360581,cancellation
0,POL-594297,2024-06-08 09:23:22.339703,renewal
0,POL-574544,2024-06-08 10:36:58.414620,renewal
0,POL-934329,2024-06-08 11:16:01.792216,claim
0,POL-087402,2024-06-08 13:09:53.206878,renewal
0,POL-138216,2024-06-08 14:49:27.828105,cancellation
0,POL-718391,2024-06-08 15:13:33.392533,cancellation
0,POL-683896,2024-06-08 17:24:19.065983,purchase
0,POL-493240,2024-06-08 17:27:55.113349,renewal
0,POL-289461,2024-06-08 17:55:52.127907,purchase
0,POL-982996,2024-06-08 18:19:40.462949,renewal
0,POL-773069,2024-06-08 18:49:22.845471,renewal
0,POL-359371,2024-06-08 19:18:13.315361,cancellation
0,POL-280055,2024-06-08 21:01:22.263329,claim
0,POL-013726,2024-06-08 21:33:19.336316,cancellation
0,POL-012811,2024-06-08 21:45:44.144093,renewal
0,POL-342341,2024-06-09 05:23:34.429857,purchase
0,POL-499359,2024-06-09 05:35:21.730135,cancellation
0,POL-198128,2024-06-09 05:49:22.993572,renewal
0,POL-346531,2024-06-09 05:49:30.450170,claim
0,POL-821643,2024-06-09 06:27:33.904637,cancellation
0,POL-038378,2024-06-09 08:34:45.990739,cancellation
0,POL-242164,2024-06-09 11:40:00.511434,claim
0,POL-319238,2024-06-09 12:04:14.782200,claim
0,POL-097686,2024-06-09 12:09:42.305731,claim
0,POL-459641,2024-06-09 12:23:00.551922,renewal
0,POL-249978,2024-06-09 13:03:57.312164,cancellation
0,POL-246416,2024-06-09 13:17:27.896033,claim
0,POL-170769,2024-06-09 14:01:34.998202,purchase
0,POL-092755,2024-06-09 16:52:51.633196,purchase
0,POL-532656,2024-06-09 17:28:09.877813,renewal
0,POL-259656,2024-06-09 17:57:34.780212,renewal
0,POL-479931,2024-06-09 18:54:40.750773,cancellation
0,POL-356759,2024-06-09 19:08:34.523219,purchase
0,POL-518134,2024-06-09 19:08:57.516359,renewal
0,POL-123216,2024-06-09 22:44:44.494696,purchase
0,POL-483491,2024-06-10 00:11:44.109649,claim
0,POL-363785,2024-06-10 00:22:36.123981,cancellation
0,POL-696603,2024-06-10 00:28:51.048039,purchase
0,POL-509240,2024-06-10 04:50:50.720277,renewal
0,POL-173355,2024-06-10 05:14:46.261726,claim
0,POL-541838,2024-06-10 05:45:41.653330,claim
0,POL-525904,2024-06-10 05:52:38.415284,purchase
0,POL-988664,2024-06-10 09:49:13.323514,claim
0,POL-056496,2024-06-10 10:09:51.470205,purchase
0,POL-873514,2024-06-10 11:12:16.835690,claim
0,POL-515780,2024-06-10 11:56:02.394099,renewal
0,POL-676399,2024-06-10 13:22:44.759371,claim
0,POL-523620,2024-06-10 15:23:30.411841,purchase
0,POL-841318,2024-06-10 17:07:07.790365,claim
0,POL-170796,2024-06-10 17:24:59.110357,claim
0,POL-159807,2024-06-10 19:31:46.687387,purchase
0,POL-690981,2024-06-10 19:58:43.905757,renewal
0,POL-836431,2024-06-10 20:14:51.999213,renewal
0,POL-710297,2024-06-10 23:48:32.784347,claim
0,POL-967929,2024-06-11 00:41:12.821399,cancellation
0,POL-150563,2024-06-11 01:24:31.907265,renewal
0,POL-143813,2024-06-11 03:13:37.046221,purchase
0,POL-607396,2024-06-11 03:59:14.101800,renewal
0,POL-637932,2024-06-11 05:40:30.605058,claim
0,728705,2024-06-11 08:11:05.526056,claim
0,POL-057374,2024-06-11 10:56:41.015875,purchase
0,POL-005665,2024-06-11 13:47:59.780406,purchase
0,POL-313015,2024-06-11 13:56:40.704843,claim
0,POL-317341,2024-06-11 16:31:01.183648,purchase
0,POL-317087,2024-06-11 22:16:38.661806,claim
0,POL-788017,2024-06-11 23:37:54.194288,claim
0,POL-206726,2024-06-12 00:31:10.509261,cancellation
0,POL-628026,2024-06-12 01:32:37.161056,purchase
0,POL-056124,2024-06-12 02:13:09.149546,cancellation
0,POL-691228,2024-06-12 02:23:44.003100,cancellation
0,POL-098357,2024-06-12 02:28:39.320083,cancellation
0,POL-926023,2024-06-12 03:18:45.861147,renewal
0,POL-239567,2024-06-12 04:37:08.551912,claim
0,POL-405181,2024-06-12 07:27:04.728967,purchase
0,POL-220850,2024-06-12 07:52:59.627859,claim
0,POL-152847,2024-06-12 08:39:06.157802,claim
0,POL-298474,2024-06-12 08:40:27.711946,cancellation
0,POL-763347,2024-06-12 08:43:55.047769,cancellation
0,POL-610406,2024-06-12 11:30:59.055053,renewal
0,POL-589736,2024-06-12 12:20:59.814442,claim
0,POL-356759,2024-06-12 12:56:05.113739,renewal
0,POL-556062,2024-06-12 13:08:22.878173,cancellation
0,POL-773601,2024-06-12 16:26:59.585810,renewal
0,POL-912239,2024-06-12 18:48:00.096225,renewal
0,POL-771530,2024-06-12 23:28:15.641967,claim
0,POL-377861,2024-06-12 23:29:14.624804,claim
0,POL-589512,2024-06-13 00:56:07.387356,renewal
0,POL-736584,2024-06-13 01:52:21.171440,purchase
0,POL-341004,2024-06-13 01:55:29.994672,claim
0,POL-297672,2024-06-13 03:14:24.445909,cancellation
0,POL-502223,2024-06-13 03:18:21.481331,purchase
0,POL-722893,2024-06-13 05:19:58.239156,purchase
0,POL-351100,2024-06-13 05:29:27.862668,claim
0,POL-357698,2024-06-13 05:41:24.772714,renewal
0,POL-626991,2024-06-13 06:31:09.506374,claim
0,POL-683188,2024-06-13 07:51:20.695837,renewal
0,POL-821426,2024-06-13 08:03:51.039631,cancellation
0,POL-118243,2024-06-13 08:50:52.032006,renewal
0,POL-237530,2024-06-13 10:13:59.553972,cancellation
0,POL-592766,2024-06-13 10:24:20.548324,renewal
0,POL-452347,2024-06-13 10:42:41.677742,renewal
0,POL-703089,2024-06-13 12:14:51.917935,purchase
0,POL-683896,2024-06-13 16:25:06.316808,renewal
0,POL-925647,2024-06-13 16:34:03.600042,renewal
0,POL-867618,2024-06-13 18:09:23.756135,claim
0,POL-090461,2024-06-13 20:18:38.915209,cancellation
0,POL-195000,2024-06-13 23:45:58.384286,purchase
0,POL-839749,2024-06-14 00:58:35.482913,claim
0,POL-679337,2024-06-14 02:57:36.385188,renewal
0,POL-844036,2024-06-14 02:58:06.211821,purchase
0,POL-432931,2024-06-14 04:00:29.735483,purchase
0,POL-026351,2024-06-14 04:53:48.778598,purchase
0,POL-276056,2024-06-14 07:38:03.291999,cancellation
0,POL-859925,2024-06-14 08:09:37.199303,purchase
0,POL-460415,2024-06-14 09:42:26.198317,purchase
0,POL-116730,2024-06-14 10:56:48.281058,cancellation
0,POL-050807,2024-06-14 13:20:46.116554,purchase
0,POL-749307,2024-06-14 13:43:16.909586,purchase
0,POL-464463,2024-06-14 14:13:31.599278,purchase
0,POL-587368,2024-06-14 17:20:15.788132,cancellation
0,POL-142021,2024-06-14 17:25:12.572935,renewal
0,POL-613058,2024-06-14 17:30:42.896132,renewal
0,POL-643033,2024-06-14 17:41:47.458891,claim
0,POL-058860,2024-06-14 20:01:54.437568,cancellation
0,POL-366262,2024-06-14 20:03:06.465652,purchase
0,POL-002145,2024-06-14 22:59:50.013074,purchase
0,POL-120433,2024-06-15 00:07:58.600537,claim
0,POL-661643,2024-06-15 00:56:28.979381,claim
0,POL-703707,2024-06-15 01:39:24.792531,claim
0,POL-243929,2024-06-15 01:55:39.111239,purchase
0,348296,2024-06-15 03:42:19.450160,cancellation
0,POL-489370,2024-06-15 05:41:13.944093,claim
0,POL-793374,2024-06-15 06:50:27.395286,claim
0,POL-903108,2024-06-15 07:01:58.366086,purchase
0,POL-747674,2024-06-15 07:24:20.038907,claim
0,806047,2024-06-15 08:48:06.239823,cancellation
0,POL-130938,2024-06-15 08:59:21.080883,purchase
0,POL-803724,2024-06-15 09:21:32.459039,renewal
0,POL-983534,2024-06-15 10:10:37.367696,purchase
0,POL-353480,2024-06-15 10:38:52.234005,claim
0,POL-743497,2024-06-15 10:56:32.500654,claim
0,POL-056496,2024-06-15 12:05:42.382710,renewal
0,POL-835091,2024-06-15 12:16:09.901027,cancellation
0,POL-401753,2024-06-15 12:42:44.256720,claim
0,POL-900429,2024-06-15 12:46:55.992935,renewal
0,POL-570114,2024-06-15 13:09:36.550101,cancellation
0,POL-056124,2024-06-15 13:38:19.633520,renewal
0,POL-924260,2024-06-15 14:02:00.071921,claim
0,POL-210073,2024-06-15 15:46:55.889535,claim
0,POL-375973,2024-06-15 17:37:41.613521,purchase
0,POL-423392,2024-06-15 18:14:33.642852,claim
0,POL-726550,2024-06-15 18:21:25.011754,purchase
0,POL-659257,2024-06-15 18:51:20.942873,purchase
0,POL-475009,2024-06-15 19:47:20.731758,purchase
0,POL-578384,2024-06-15 19:51:17.427364,purchase
0,POL-354195,2024-06-15 20:15:44.260098,cancellation
0,POL-422894,2024-06-15 20:55:09.377461,cancellation
0,POL-652047,2024-06-15 21:19:47.895060,claim
0,POL-474935,2024-06-15 22:22:46.546045,cancellation
0,POL-395685,2024-06-16 01:54:17.708697,renewal
0,POL-110627,2024-06-16 02:31:30.083205,cancellation
0,098647,2024-06-16 03:09:43.780267,cancellation
0,POL-514051,2024-06-16 04:00:45.664088,cancellation
0,POL-912239,2024-06-16 04:10:56.304318,claim
0,POL-306889,2024-06-16 04:46:08.879629,renewal
0,POL-114262,2024-06-16 05:07:24.957896,purchase
0,POL-878255,2024-06-16 09:28:00.805327,claim
0,POL-224124,2024-06-16 15:25:51.917392,claim
0,POL-171922,2024-06-16 16:43:12.785495,renewal
0,POL-823386,2024-06-16 19:07:35.021190,claim
0,POL-409087,2024-06-16 19:28:02.043530,purchase
0,POL-292668,2024-06-16 19:50:29.935995,claim
0,POL-786191,2024-06-16 20:46:49.752328,renewal
0,POL-924752,2024-06-16 20:52:45.468264,purchase
0,POL-321193,2024-06-16 22:59:51.442819,renewal
0,POL-360760,2024-06-16 23:09:03.478456,renewal
0,POL-774143,2024-06-16 23:23:54.917691,cancellation
0,POL-832012,2024-06-16 23:46:34.829878,purchase
0,POL-873392,2024-06-17 01:02:20.965353,claim
0,POL-109659,2024-06-17 01:03:27.408318,purchase
0,POL-953269,2024-06-17 01:12:13.295012,renewal
0,POL-096535,2024-06-17 02:26:36.085398,claim
0,POL-681664,2024-06-17 05:29:50.057128,renewal
0,POL-532135,2024-06-17 06:24:03.367630,renewal
0,POL-579518,2024-06-17 07:29:05.768433,renewal
0,POL-481395,2024-06-17 08:07:39.155120,renewal
0,POL-030026,2024-06-17 08:20:14.001350,purchase
0,POL-113265,2024-06-17 09:15:31.966726,renewal
0,POL-428589,2024-06-17 11:03:18.405728,renewal
0,POL-833094,2024-06-17 11:47:07.825008,claim
0,POL-340623,2024-06-17 13:49:57.066195,cancellation
0,POL-545349,2024-06-17 13:55:17.636250,renewal
0,POL-469191,2024-06-17 14:32:24.183851,cancellation
0,POL-345676,2024-06-17 14:46:57.315618,claim
0,POL-822543,2024-06-17 17:09:14.637361,renewal
0,POL-512263,2024-06-17 17:15:02.487631,purchase
0,POL-323138,2024-06-17 19:19:36.940361,claim
0,POL-856537,2024-06-17 20:20:12.561925,claim
0,POL-119160,2024-06-17 21:27:23.948993,cancellation
0,POL-634608,2024-06-17 22:02:18.429000,renewal
0,POL-999964,2024-06-17 22:29:15.296696,cancellation
0,POL-025674,2024-06-17 22:56:19.273102,cancellation
0,POL-206039,2024-06-18 00:07:16.151520,purchase
0,POL-482139,2024-06-18 00:13:27.348750,cancellation
0,POL-987047,2024-06-18 01:31:29.332328,cancellation
0,POL-246813,2024-06-18 01:48:02.218920,renewal
0,POL-254892,2024-06-18 02:44:29.720008,renewal
0,POL-205412,2024-06-18 03:02:29.607859,renewal
0,POL-427166,2024-06-18 03:57:45.860416,cancellation
0,POL-525666,2024-06-18 04:48:03.336364,renewal
0,POL-294431,2024-06-18 08:01:25.095425,renewal
0,POL-377150,2024-06-18 08:16:23.728939,purchase
0,POL-537567,2024-06-18 08:59:16.976177,claim
0,POL-200970,2024-06-18 11:39:05.461198,purchase
0,POL-174015,2024-06-18 12:04:34.743143,claim
0,POL-367996,2024-06-18 12:09:24.332025,claim
0,POL-561045,2024-06-18 12:46:58.007441,purchase
0,POL-748748,2024-06-18 12:51:22.563853,purchase
0,POL-632868,2024-06-18 13:35:12.651104,purchase
0,POL-257252,2024-06-18 14:38:40.531713,claim
0,POL-805001,2024-06-18 14:51:19.422063,purchase
0,POL-479282,2024-06-18 17:45:31.368999,renewal
0,POL-323561,2024-06-18 17:56:37.530438,renewal
0,POL-485636,2024-06-18 18:37:33.019061,cancellation
0,POL-253179,2024-06-18 18:55:33.120923,claim
0,POL-642974,2024-06-18 20:29:16.680516,claim
0,POL-089694,2024-06-18 21:45:16.049450,renewal
0,POL-770207,2024-06-18 21:56:49.563538,claim
0,POL-841087,2024-06-18 22:56:13.262899,cancellation
0,POL-173421,2024-06-18 23:25:02.654600,purchase
0,301310,2024-06-18 23:27:10.407823,renewal
0,POL-950863,2024-06-19 00:10:31.254651,renewal
0,POL-621471,2024-06-19 06:09:28.104064,claim
0,POL-351852,2024-06-19 06:58:53.764246,renewal
0,POL-442204,2024-06-19 10:39:27.978046,claim
0,POL-021112,2024-06-19 10:51:14.427327,purchase
0,POL-350899,2024-06-19 12:11:38.612486,renewal
0,POL-137921,2024-06-19 15:18:37.341983,claim
0,POL-936061,2024-06-19 16:09:25.870469,cancellation
0,POL-732106,2024-06-19 19:46:08.330244,cancellation
0,POL-078328,2024-06-19 20:19:02.149667,renewal
0,POL-763347,2024-06-19 20:31:34.826687,claim
0,POL-538248,2024-06-19 20:54:53.021857,purchase
0,POL-375916,2024-06-19 21:28:26.940490,cancellation
0,POL-756185,2024-06-20 00:21:03.956010,cancellation
0,POL-383604,2024-06-20 01:15:59.575877,cancellation
0,POL-581393,2024-06-20 01:49:44.311420,cancellation
0,POL-987816,2024-06-20 07:35:01.560378,purchase
0,POL-206081,2024-06-20 08:07:56.191828,purchase
0,POL-145866,2024-06-20 08:44:06.528439,purchase
0,POL-888175,2024-06-20 08:59:08.057277,claim
0,POL-607764,2024-06-20 09:11:00.281159,purchase
0,POL-099513,2024-06-20 10:05:54.491190,renewal
0,POL-236711,2024-06-20 11:03:02.327859,cancellation
0,POL-048869,2024-06-20 11:10:42.207797,cancellation
0,POL-059628,2024-06-20 12:06:14.433116,purchase
0,POL-744854,2024-06-20 12:25:22.890433,renewal
0,POL-046758,2024-06-20 12:54:15.040147,cancellation
0,POL-092755,2024-06-20 13:48:05.303331,cancellation
0,POL-944979,2024-06-20 14:28:38.107320,renewal
0,POL-579500,2024-06-20 16:13:50.824069,purchase
0,POL-008035,2024-06-20 16:13:55.862576,purchase
0,POL-889071,2024-06-20 16:34:57.814813,cancellation
0,POL-950403,2024-06-20 16:40:06.228126,cancellation
0,POL-435370,2024-06-20 17:05:46.641176,renewal
0,POL-737297,2024-06-20 17:06:40.591150,renewal
0,POL-913034,2024-06-20 17:32:28.903166,purchase
0,POL-911668,2024-06-20 17:39:12.972180,renewal
0,POL-257339,2024-06-20 17:44:00.138336,purchase
0,POL-707664,2024-06-20 20:06:27.196063,renewal
0,POL-913639,2024-06-20 21:44:51.979105,renewal
0,POL-195089,2024-06-20 23:59:49.996150,cancellation
0,POL-896608,2024-06-21 01:02:29.160466,purchase
0,POL-502991,2024-06-21 01:06:02.532013,purchase
0,POL-429629,2024-06-21 03:11:11.492532,claim
0,POL-470605,2024-06-21 04:15:55.384645,claim
0,POL-085406,2024-06-21 04:23:51.114394,claim
0,POL-760236,2024-06-21 05:42:34.482132,claim
0,POL-386851,2024-06-21 06:29:57.019159,renewal
0,POL-557675,2024-06-21 07:37:06.670065,purchase
0,POL-617947,2024-06-21 09:00:59.938744,renewal
0,POL-916032,2024-06-21 13:29:34.178306,renewal
0,POL-334711,2024-06-21 16:21:02.484936,renewal
0,POL-920294,2024-06-21 16:31:53.139649,cancellation
0,POL-621920,2024-06-21 17:49:34.300470,claim
0,POL-256647,2024-06-21 18:53:57.427097,purchase
0,POL-364214,2024-06-21 19:27:59.672429,cancellation
0,POL-896197,2024-06-21 20:38:23.258872,claim
0,POL-931232,2024-06-21 21:00:59.883914,claim
0,POL-907944,2024-06-21 21:44:31.702274,cancellation
0,POL-178590,2024-06-21 23:00:02.338399,renewal
0,POL-105891,2024-06-21 23:23:08.785551,renewal
0,POL-365879,2024-06-21 23:34:38.224979,purchase
0,POL-644781,2024-06-21 23:38:38.505930,purchase
0,POL-693299,2024-06-21 23:47:42.233167,renewal
0,POL-925376,2024-06-21 23:54:35.915526,claim
0,POL-318400,2024-06-21 23:55:57.677238,renewal
0,POL-687980,2024-06-22 00:00:42.207385,renewal
0,POL-017311,2024-06-22 01:17:47.029953,renewal
0,POL-698626,2024-06-22 02:58:39.128145,renewal
0,POL-236201,2024-06-22 03:12:38.108907,claim
0,POL-009271,2024-06-22 03:34:33.240822,renewal
0,POL-808461,2024-06-22 04:25:31.622336,claim
0,POL-741784,2024-06-22 04:45:58.676932,claim
0,POL-785392,2024-06-22 05:00:40.625275,purchase
0,POL-602620,2024-06-22 05:57:08.659648,cancellation
0,POL-083296,2024-06-22 06:06:41.625732,renewal
0,POL-916195,2024-06-22 07:19:03.314754,renewal
0,POL-311545,2024-06-22 08:05:31.156389,purchase
0,POL-327247,2024-06-22 09:39:15.430763,purchase
0,POL-517487,2024-06-22 10:45:32.038879,purchase
0,POL-620475,2024-06-22 14:37:11.937913,renewal
0,POL-841547,2024-06-22 15:12:47.758678,purchase
0,POL-929130,2024-06-22 15:57:45.372570,claim
0,POL-962425,2024-06-22 16:48:19.028376,cancellation
0,POL-483797,2024-06-22 16:50:20.061618,claim
0,POL-572281,2024-06-22 17:28:35.729539,renewal
0,POL-028992,2024-06-22 17:48:52.997925,cancellation
0,POL-886418,2024-06-22 18:45:23.707604,claim
0,364454,2024-06-22 18:58:00.386812,claim
0,POL-401753,2024-06-22 20:47:52.812257,renewal
0,983145,2024-06-23 03:00:55.558304,renewal
0,POL-932194,2024-06-23 03:31:30.279400,claim
0,050509,2024-06-23 04:31:28.754054,renewal
0,POL-524123,2024-06-23 05:18:11.133127,renewal
0,POL-509502,2024-06-23 05:36:19.046710,claim
0,POL-615708,2024-06-23 05:44:23.608185,renewal
0,833319,2024-06-23 07:27:53.487708,cancellation
0,POL-569823,2024-06-23 07:29:02.154086,purchase
0,POL-795916,2024-06-23 07:30:21.665087,renewal
0,POL-485841,2024-06-23 08:08:09.870096,renewal
0,POL-062040,2024-06-23 09:17:50.951194,purchase
0,POL-063178,2024-06-23 11:30:35.498689,cancellation
0,POL-262405,2024-06-23 11:46:00.407655,renewal
0,POL-509558,2024-06-23 12:06:55.428509,claim
0,POL-881001,2024-06-23 14:01:16.442647,claim
0,POL-586824,2024-06-23 16:34:42.612020,purchase
0,POL-362464,2024-06-23 19:24:09.991547,claim
0,543987,2024-06-23 21:06:23.654442,cancellation
0,POL-985631,2024-06-23 21:23:02.991023,claim
0,POL-988613,2024-06-24 01:26:11.729008,cancellation
0,POL-501064,2024-06-24 02:54:41.083852,cancellation
0,POL-814448,2024-06-24 04:04:12.376246,renewal
0,POL-017962,2024-06-24 04:25:39.603393,renewal
0,POL-449822,2024-06-24 04:51:50.343703,cancellation
0,POL-232360,2024-06-24 06:12:36.500828,claim
0,POL-433885,2024-06-24 06:37:37.492932,cancellation
0,POL-390849,2024-06-24 06:59:12.679720,purchase
0,POL-870626,2024-06-24 08:36:55.671701,claim
0,POL-887424,2024-06-24 09:05:08.629175,renewal
0,POL-060091,2024-06-24 09:29:12.674990,claim
0,POL-559486,2024-06-24 10:54:42.489374,claim
0,POL-710275,2024-06-24 11:03:19.726505,cancellation
0,POL-379168,2024-06-24 11:53:19.949092,claim
0,POL-501884,2024-06-24 12:28:58.380049,claim
0,POL-770207,2024-06-24 12:40:30.055995,claim
0,POL-127588,2024-06-24 13:44:47.190693,claim
0,POL-282871,2024-06-24 13:56:51.263979,renewal
0,POL-373290,2024-06-24 14:57:57.436299,cancellation
0,POL-897857,2024-06-24 17:20:13.433895,cancellation
0,POL-221154,2024-06-24 18:28:16.916011,cancellation
0,POL-488573,2024-06-24 22:37:09.043272,claim
0,POL-514138,2024-06-25 00:00:30.131555,purchase
0,POL-925370,2024-06-25 03:34:04.175020,renewal
0,POL-308347,2024-06-25 03:38:41.700617,renewal
0,POL-643843,2024-06-25 04:55:49.920059,cancellation
0,POL-914088,2024-06-25 05:22:15.488331,renewal
0,POL-016004,2024-06-25 06:31:41.804120,cancellation
0,POL-742813,2024-06-25 06:34:03.970206,renewal
0,POL-226024,2024-06-25 12:57:54.123841,renewal
0,POL-608351,2024-06-25 13:48:26.199581,claim
0,POL-226272,2024-06-25 15:33:18.959213,claim
0,POL-614633,2024-06-25 15:34:23.069150,renewal
0,POL-435576,2024-06-25 17:35:40.192346,cancellation
0,POL-922860,2024-06-25 17:42:26.893897,cancellation
0,POL-246733,2024-06-25 17:43:30.738501,renewal
0,POL-554254,2024-06-25 17:44:16.896245,claim
0,POL-349787,2024-06-25 18:24:23.747299,claim
0,POL-505412,2024-06-25 19:36:29.961830,cancellation
0,POL-274808,2024-06-25 20:01:06.982366,purchase
0,POL-304275,2024-06-25 20:36:29.840019,cancellation
0,POL-035074,2024-06-25 20:59:04.566346,purchase
0,POL-066934,2024-06-25 21:45:34.989956,renewal
0,POL-385169,2024-06-25 23:18:42.301454,claim
0,POL-731935,2024-06-25 23:52:16.461129,claim
0,POL-160505,2024-06-25 23:58:12.070724,claim
0,POL-745311,2024-06-26 00:06:12.720931,purchase
0,POL-931114,2024-06-26 00:10:17.694544,claim
0,POL-620643,2024-06-26 00:44:31.357347,renewal
0,POL-685123,2024-06-26 01:04:07.656256,claim
0,POL-500542,2024-06-26 01:18:34.892888,renewal
0,POL-776030,2024-06-26 02:20:56.603584,claim
0,POL-320075,2024-06-26 02:28:48.511010,purchase
0,POL-332720,2024-06-26 02:28:57.569817,renewal
0,POL-988302,2024-06-26 03:15:18.795177,renewal
0,POL-804410,2024-06-26 04:52:00.627840,claim
0,POL-468903,2024-06-26 04:55:06.404071,purchase
0,POL-665879,2024-06-26 08:10:58.136241,renewal
0,POL-816809,2024-06-26 10:00:53.228611,renewal
0,POL-649604,2024-06-26 11:32:14.096135,purchase
0,POL-534411,2024-06-26 12:03:25.039917,cancellation
0,POL-884695,2024-06-26 15:16:22.206547,claim
0,POL-277697,2024-06-26 16:10:19.005970,cancellation
0,POL-902519,2024-06-26 16:37:31.707005,claim
0,POL-200970,2024-06-26 18:34:01.201328,cancellation
0,POL-555079,2024-06-26 18:45:23.514349,purchase
0,POL-889322,2024-06-26 19:05:06.522505,renewal
0,POL-698056,2024-06-26 21:33:42.512720,cancellation
0,POL-848746,2024-06-27 01:52:51.934074,cancellation
0,POL-224991,2024-06-27 02:10:00.166574,cancellation
0,POL-384588,2024-06-27 03:48:30.578547,claim
0,POL-835230,2024-06-27 03:54:59.154867,renewal
0,POL-671383,2024-06-27 05:02:51.226164,claim
0,POL-318977,2024-06-27 05:22:16.434893,renewal
0,POL-813151,2024-06-27 07:57:00.071723,renewal
0,POL-633111,2024-06-27 07:58:50.549668,claim
0,POL-313960,2024-06-27 08:49:58.929483,purchase
0,POL-101613,2024-06-27 09:48:18.934455,renewal
0,POL-952052,2024-06-27 10:26:36.254067,purchase
0,POL-674288,2024-06-27 10:35:18.790192,cancellation
0,POL-555878,2024-06-27 12:17:37.842982,claim
0,POL-198684,2024-06-27 13:09:38.788203,cancellation
0,POL-408957,2024-06-27 16:44:17.148820,cancellation
0,POL-346119,2024-06-27 18:48:09.206058,cancellation
0,POL-139485,2024-06-27 21:33:03.908477,purchase
0,POL-215023,2024-06-27 21:40:34.943960,purchase
0,POL-873514,2024-06-27 22:27:47.656475,purchase
0,POL-580376,2024-06-27 22:57:17.106161,renewal
0,POL-528492,2024-06-27 23:05:03.404111,renewal
0,POL-802907,2024-06-28 01:01:27.513240,purchase
0,POL-956364,2024-06-28 01:06:38.803938,renewal
0,POL-173844,2024-06-28 03:01:18.243668,claim
0,POL-426128,2024-06-28 05:27:19.636667,purchase
0,POL-714810,2024-06-28 06:29:48.252115,renewal
0,POL-954468,2024-06-28 08:29:47.953945,purchase
0,POL-350479,2024-06-28 08:53:04.815240,renewal
0,POL-518134,2024-06-28 09:32:50.655057,cancellation
0,POL-889200,2024-06-28 10:54:55.740057,purchase
0,POL-928404,2024-06-28 12:15:12.678514,renewal
0,POL-935904,2024-06-28 12:36:45.418348,purchase
0,POL-607849,2024-06-28 12:53:42.968919,renewal
0,POL-505412,2024-06-28 13:35:39.962310,renewal
0,POL-785667,2024-06-28 16:19:43.300831,purchase
0,POL-993257,2024-06-28 16:27:58.907610,purchase
0,POL-893059,2024-06-28 18:13:49.514936,cancellation
0,POL-768143,2024-06-28 18:38:14.266435,claim
0,POL-165131,2024-06-28 19:09:57.356251,purchase
0,POL-976715,2024-06-28 20:15:15.432669,purchase
0,POL-474470,2024-06-28 23:24:15.315525,cancellation
0,POL-765114,2024-06-28 23:34:12.941698,purchase
0,POL-763615,2024-06-28 23:49:19.477222,renewal
0,POL-118461,2024-06-29 01:53:15.664452,cancellation
0,POL-877023,2024-06-29 02:07:31.157299,claim
0,POL-277957,2024-06-29 03:34:20.573232,claim
0,POL-925665,2024-06-29 04:25:22.685885,purchase
0,POL-084773,2024-06-29 06:35:10.121889,cancellation
0,POL-837208,2024-06-29 07:29:19.371657,purchase
0,POL-282070,2024-06-29 08:13:07.228963,cancellation
0,POL-372433,2024-06-29 10:23:45.858352,renewal
0,POL-357125,2024-06-29 10:51:37.825693,renewal
0,POL-514821,2024-06-29 11:38:10.255380,claim
0,POL-420739,2024-06-29 13:33:47.977579,claim
0,POL-741245,2024-06-29 14:37:47.774841,purchase
0,POL-178590,2024-06-29 14:42:50.669436,purchase
0,POL-287679,2024-06-29 14:49:40.646246,claim
0,POL-892851,2024-06-29 16:26:53.577701,purchase
0,POL-916707,2024-06-29 16:41:45.100814,renewal
0,POL-213259,2024-06-29 18:12:30.939303,renewal
0,POL-372433,2024-06-29 20:44:09.236825,purchase
0,POL-589512,2024-06-29 21:47:28.134219,claim
0,POL-015270,2024-06-29 22:26:22.005454,purchase
0,POL-152869,2024-06-30 00:57:43.123892,cancellation
0,POL-511547,2024-06-30 01:10:21.108880,claim
0,POL-194003,2024-06-30 04:12:57.343464,claim
0,POL-858473,2024-06-30 06:20:02.276645,claim
0,POL-059830,2024-06-30 06:27:20.486893,renewal
0,POL-057374,2024-06-30 07:56:00.019893,renewal
0,POL-731935,2024-06-30 11:03:26.408584,purchase
0,POL-398894,2024-06-30 11:27:13.596591,cancellation
0,POL-392503,2024-06-30 11:36:06.216635,purchase
0,POL-381364,2024-06-30 11:49:13.726469,claim
0,POL-908718,2024-06-30 12:42:38.223194,renewal
0,POL-858629,2024-06-30 13:40:57.108499,claim
0,POL-446351,2024-06-30 13:52:24.435357,claim
0,POL-869027,2024-06-30 18:56:09.745388,claim
0,POL-799864,2024-06-30 20:04:00.173193,purchase
0,POL-226732,2024-06-30 20:49:52.956230,purchase
0,POL-206164,2024-06-30 22:14:40.521952,renewal
0,POL-226381,2024-06-30 22:44:15.697434,purchase
0,POL-055197,2024-06-30 22:57:33.419971,purchase
0,POL-879324,2024-07-01 03:59:58.973674,claim
0,POL-962542,2024-07-01 04:31:47.381685,purchase
0,POL-303617,2024-07-01 06:44:33.080613,claim
0,POL-017863,2024-07-01 07:05:10.015643,purchase
0,POL-879324,2024-07-01 09:50:43.138163,purchase
0,POL-640811,2024-07-01 10:56:53.873747,renewal
0,POL-206039,2024-07-01 11:36:50.296265,purchase
0,POL-816502,2024-07-01 11:54:54.973387,purchase
0,POL-840314,2024-07-01 15:38:41.755227,purchase
0,POL-983534,2024-07-01 15:46:12.678477,claim
0,POL-166636,2024-07-01 17:44:42.261227,claim
0,POL-652165,2024-07-01 19:59:27.451061,claim
0,POL-475792,2024-07-01 23:06:32.005417,renewal
0,POL-246296,2024-07-01 23:19:01.461609,purchase
0,POL-948001,2024-07-01 23:35:56.174879,purchase
0,POL-220402,2024-07-02 00:49:34.075206,claim
0,POL-501884,2024-07-02 03:54:34.167635,renewal
0,POL-466564,2024-07-02 04:39:08.556947,claim
0,POL-696603,2024-07-02 04:49:30.813957,renewal
0,POL-492405,2024-07-02 05:42:32.082880,purchase
0,POL-114262,2024-07-02 06:37:01.102359,renewal
0,POL-305596,2024-07-02 07:31:24.158237,purchase
0,POL-772671,2024-07-02 07:48:34.083796,claim
0,POL-838322,2024-07-02 08:46:53.541954,claim
0,POL-847611,2024-07-02 09:43:29.697613,renewal
0,POL-061296,2024-07-02 10:23:54.240344,claim
0,POL-846373,2024-07-02 10:36:56.647222,cancellation
0,POL-751489,2024-07-02 11:26:38.571375,renewal
0,POL-140808,2024-07-02 13:06:51.103649,purchase
0,POL-239917,2024-07-02 13:22:08.424387,cancellation
0,POL-119389,2024-07-02 13:36:02.688091,claim
0,POL-003293,2024-07-02 13:41:42.901253,renewal
0,POL-318476,2024-07-02 13:45:33.249183,cancellation
0,POL-893991,2024-07-02 14:31:27.842204,cancellation
0,POL-294837,2024-07-02 16:08:54.930726,claim
0,POL-570849,2024-07-02 16:57:09.033202,purchase
0,POL-113594,2024-07-02 19:12:19.618819,cancellation
0,POL-923014,2024-07-02 19:13:28.560811,purchase
0,POL-967896,2024-07-02 21:37:02.564251,renewal
0,POL-396194,2024-07-03 00:42:36.875756,cancellation
0,POL-178833,2024-07-03 02:30:06.699361,cancellation
0,POL-123662,2024-07-03 03:36:56.787619,renewal
0,POL-124086,2024-07-03 03:47:29.273232,cancellation
0,POL-293253,2024-07-03 03:50:54.825156,renewal
0,POL-369371,2024-07-03 05:22:15.211899,renewal
0,POL-945320,2024-07-03 06:22:15.981747,purchase
0,POL-532252,2024-07-03 06:32:54.709855,purchase
0,POL-916032,2024-07-03 08:07:21.551597,claim
0,POL-648423,2024-07-03 08:29:33.445051,purchase
0,POL-468028,2024-07-03 08:43:25.740951,cancellation
0,POL-483797,2024-07-03 09:26:44.694940,cancellation
0,POL-043094,2024-07-03 12:05:23.152496,claim
0,POL-693435,2024-07-03 12:40:45.377150,claim
0,POL-963712,2024-07-03 13:28:46.809589,claim
0,POL-634625,2024-07-03 13:48:08.965503,renewal
0,POL-101645,2024-07-03 17:44:19.466679,purchase
0,POL-859144,2024-07-03 19:02:10.929656,purchase
0,POL-230962,2024-07-03 19:17:25.495008,purchase
0,POL-917424,2024-07-03 20:32:16.075904,renewal
0,POL-195000,2024-07-03 20:46:05.671528,cancellation
0,POL-274808,2024-07-03 23:32:26.568240,renewal
0,POL-767208,2024-07-04 00:55:53.466475,claim
0,POL-572711,2024-07-04 03:29:24.253567,cancellation
0,POL-685760,2024-07-04 06:33:02.099709,claim
0,POL-817219,2024-07-04 07:41:10.865552,purchase
0,POL-790676,2024-07-04 08:50:33.915181,cancellation
0,POL-959615,2024-07-04 09:05:59.587396,purchase
0,POL-455814,2024-07-04 09:13:06.281029,claim
0,POL-600289,2024-07-04 09:33:17.473329,renewal
0,POL-964406,2024-07-04 10:08:42.933596,purchase
0,POL-355093,2024-07-04 11:14:39.395566,purchase
0,POL-616104,2024-07-04 11:33:31.157007,cancellation
0,POL-180334,2024-07-04 12:57:32.871350,cancellation
0,POL-015817,2024-07-04 13:11:04.618588,renewal
0,POL-191737,2024-07-04 16:37:54.953413,cancellation
0,POL-050478,2024-07-04 17:51:48.782275,renewal
0,POL-321193,2024-07-04 18:04:45.167532,claim
0,POL-289623,2024-07-04 22:15:47.395751,cancellation
0,POL-302324,2024-07-04 23:27:00.880481,cancellation
0,POL-423938,2024-07-05 01:04:15.207337,purchase
0,POL-232652,2024-07-05 01:05:15.298360,cancellation
0,POL-909658,2024-07-05 01:08:38.680892,cancellation
0,POL-943350,2024-07-05 03:04:57.747069,purchase
0,POL-663636,2024-07-05 04:28:28.168984,cancellation
0,POL-046758,2024-07-05 05:25:05.612520,cancellation
0,POL-736130,2024-07-05 05:49:24.820076,claim
0,POL-480433,2024-07-05 05:53:25.679184,cancellation
0,POL-962457,2024-07-05 08:39:56.539632,claim
0,POL-998164,2024-07-05 11:38:02.267639,cancellation
0,POL-590274,2024-07-05 13:40:26.736694,claim
0,POL-005235,2024-07-05 14:35:59.158448,purchase
0,POL-321622,2024-07-05 14:50:20.143958,renewal
0,POL-731241,2024-07-05 15:12:02.088626,cancellation
0,POL-241698,2024-07-05 17:19:14.823311,cancellation
0,POL-547618,2024-07-05 18:19:28.784418,claim
0,POL-437876,2024-07-05 19:13:28.020226,renewal
0,POL-179792,2024-07-05 19:26:33.638735,purchase
0,POL-506220,2024-07-05 23:31:14.982325,renewal
0,POL-174015,2024-07-06 00:29:07.659207,cancellation
0,POL-217201,2024-07-06 02:27:48.749842,purchase
0,POL-342341,2024-07-06 02:33:45.811922,cancellation
0,POL-896197,2024-07-06 05:45:15.558927,purchase
0,POL-965604,2024-07-06 07:28:50.491935,renewal
0,POL-374694,2024-07-06 08:22:10.945267,renewal
0,POL-429947,2024-07-06 08:27:59.861420,claim
0,POL-945320,2024-07-06 09:55:25.410117,renewal
0,POL-529834,2024-07-06 12:28:30.417173,cancellation
0,POL-560530,2024-07-06 12:33:38.926017,renewal
0,POL-974107,2024-07-06 13:35:09.933733,renewal
0,POL-556033,2024-07-06 14:06:05.314852,renewal
0,POL-098775,2024-07-06 14:09:55.309757,renewal
0,POL-696728,2024-07-06 14:41:16.155003,renewal
0,POL-449748,2024-07-06 14:58:59.566693,purchase
0,POL-864386,2024-07-06 16:05:13.511199,cancellation
0,POL-234294,2024-07-06 17:29:04.101097,purchase
0,POL-991639,2024-07-06 17:34:00.083735,claim
0,POL-841689,2024-07-06 17:44:58.742111,renewal
0,POL-414269,2024-07-06 18:23:51.004582,cancellation
0,POL-594048,2024-07-06 18:41:11.175242,claim
0,POL-345137,2024-07-06 19:21:26.397519,purchase
0,POL-893071,2024-07-06 19:48:03.305248,renewal
0,POL-112056,2024-07-06 19:50:45.885614,claim
0,POL-224007,2024-07-06 20:44:17.564560,purchase
0,POL-929889,2024-07-06 22:47:05.759343,cancellation
0,POL-897857,2024-07-06 22:48:59.913550,purchase
0,POL-392499,2024-07-07 00:27:05.558863,cancellation
0,POL-023736,2024-07-07 01:11:54.656497,cancellation
0,POL-889509,2024-07-07 01:14:38.083077,cancellation
0,POL-882011,2024-07-07 03:19:56.802533,purchase
0,POL-672452,2024-07-07 04:55:57.682514,claim
0,POL-177397,2024-07-07 05:05:59.752144,purchase
0,POL-165399,2024-07-07 05:06:18.694079,cancellation
0,POL-362416,2024-07-07 05:55:12.341075,purchase
0,POL-207266,2024-07-07 06:47:21.101561,purchase
0,POL-473791,2024-07-07 08:25:20.368184,cancellation
0,POL-751489,2024-07-07 09:50:53.901143,claim
0,POL-708045,2024-07-07 10:46:17.801553,purchase
0,POL-297239,2024-07-07 11:46:56.991095,claim
0,POL-428589,2024-07-07 11:56:01.511352,purchase
0,POL-100627,2024-07-07 12:00:03.448929,renewal
0,POL-924260,2024-07-07 12:37:15.649158,renewal
0,POL-747576,2024-07-07 13:14:36.605464,cancellation
0,POL-270907,2024-07-07 13:48:49.278953,renewal
0,POL-633687,2024-07-07 14:28:13.453561,claim
0,POL-613558,2024-07-07 14:46:39.677233,cancellation
0,POL-461856,2024-07-07 14:58:59.890499,purchase
0,POL-924871,2024-07-07 18:19:56.496948,claim
0,POL-577266,2024-07-07 20:39:26.480566,claim
0,POL-123216,2024-07-07 22:07:27.947224,cancellation
0,POL-067937,2024-07-07 23:09:28.474402,renewal
0,POL-585513,2024-07-07 23:09:52.160961,claim
0,POL-460286,2024-07-08 00:48:38.314036,purchase
0,POL-404943,2024-07-08 01:53:06.087028,cancellation
0,POL-494396,2024-07-08 03:01:13.615207,cancellation
0,POL-897601,2024-07-08 04:03:43.698420,cancellation
0,POL-051015,2024-07-08 04:06:37.269506,purchase
0,POL-278611,2024-07-08 05:09:24.265276,cancellation
0,POL-839514,2024-07-08 05:52:31.962196,cancellation
0,POL-498512,2024-07-08 05:53:48.499889,purchase
0,POL-279933,2024-07-08 07:16:37.795129,purchase
0,POL-298474,2024-07-08 08:11:44.689651,purchase
0,POL-880214,2024-07-08 08:12:20.141667,claim
0,POL-989048,2024-07-08 08:12:51.600885,claim
0,POL-125291,2024-07-08 09:05:01.931233,claim
0,POL-021467,2024-07-08 10:15:00.569178,cancellation
0,POL-016271,2024-07-08 12:05:21.166410,cancellation
0,POL-475790,2024-07-08 12:42:41.005248,cancellation
0,POL-663218,2024-07-08 13:49:45.697346,purchase
0,POL-684064,2024-07-08 14:50:16.394253,renewal
0,POL-040859,2024-07-08 16:46:56.626824,purchase
0,POL-944551,2024-07-08 17:05:15.858663,claim
0,POL-504822,2024-07-08 18:09:21.024881,purchase
0,POL-893581,2024-07-08 18:34:14.328940,cancellation
0,POL-489370,2024-07-08 19:53:25.112132,purchase
0,POL-374694,2024-07-08 19:57:05.411613,claim
0,POL-531273,2024-07-08 21:12:41.871120,purchase
0,POL-127267,2024-07-08 23:21:28.589140,claim
0,POL-200004,2024-07-09 00:56:25.270129,cancellation
0,POL-507811,2024-07-09 02:09:28.736727,claim
0,POL-049759,2024-07-09 02:25:45.867943,purchase
0,POL-922125,2024-07-09 04:32:21.134314,cancellation
0,POL-152704,2024-07-09 05:38:13.154603,cancellation
0,POL-015463,2024-07-09 06:52:49.661971,claim
0,POL-633385,2024-07-09 07:21:15.876398,renewal
0,POL-890940,2024-07-09 07:43:18.385678,renewal
0,POL-464468,2024-07-09 08:08:18.484706,claim
0,POL-774143,2024-07-09 08:36:00.777679,purchase
0,POL-456032,2024-07-09 09:34:07.711513,purchase
0,POL-400638,2024-07-09 11:12:06.644999,purchase
0,POL-178974,2024-07-09 11:50:05.264460,claim
0,POL-217461,2024-07-09 12:27:00.752016,cancellation
0,POL-010067,2024-07-09 13:05:40.877976,cancellation
0,POL-898676,2024-07-09 13:26:15.314034,claim
0,POL-551292,2024-07-09 13:38:19.009157,renewal
0,POL-384234,2024-07-09 14:58:21.212815,purchase
0,POL-929130,2024-07-09 16:31:31.685822,claim
0,POL-406402,2024-07-09 17:01:45.115334,claim
0,POL-386411,2024-07-09 19:35:16.374735,cancellation
0,POL-960476,2024-07-09 20:49:05.393915,cancellation
0,POL-802261,2024-07-09 22:15:25.837834,purchase
0,POL-112756,2024-07-09 22:20:23.992481,cancellation
0,POL-646145,2024-07-09 22:51:37.617473,claim
0,POL-583775,2024-07-09 22:55:34.462050,purchase
0,POL-396524,2024-07-09 23:00:58.268227,cancellation
0,POL-912345,2024-07-09 23:01:55.237659,cancellation
0,POL-322321,2024-07-10 02:11:53.730395,purchase
0,POL-290869,2024-07-10 02:39:19.887667,claim
0,POL-943350,2024-07-10 03:57:17.913315,claim
0,POL-237690,2024-07-10 04:00:32.553825,claim
0,POL-895493,2024-07-10 04:09:18.223400,renewal
0,POL-840037,2024-07-10 04:17:33.955389,purchase
0,POL-327370,2024-07-10 07:06:50.298962,claim
0,POL-163313,2024-07-10 07:51:57.871595,purchase
0,POL-867152,2024-07-10 09:12:15.063048,cancellation
0,POL-610245,2024-07-10 09:44:47.813225,claim
0,POL-587368,2024-07-10 10:13:15.366672,cancellation
0,POL-504822,2024-07-10 10:24:08.563055,cancellation
0,POL-311893,2024-07-10 11:16:29.644655,purchase
0,POL-758571,2024-07-10 12:36:27.115992,purchase
0,POL-953135,2024-07-10 12:43:29.571918,claim
0,POL-563462,2024-07-10 13:27:42.262504,renewal
0,POL-215639,2024-07-10 16:26:08.034507,claim
0,POL-555463,2024-07-10 17:21:02.117359,claim
0,POL-025354,2024-07-10 19:04:05.794577,purchase
0,POL-712623,2024-07-10 19:41:28.203969,purchase
0,POL-236711,2024-07-10 20:38:38.104045,renewal
0,POL-881607,2024-07-10 21:14:32.798497,purchase
0,POL-073702,2024-07-10 21:22:56.018885,purchase
0,POL-015270,2024-07-10 21:47:27.955560,renewal
0,POL-040313,2024-07-10 22:12:03.799669,purchase
0,POL-888856,2024-07-10 23:55:17.733846,purchase
0,POL-231509,2024-07-11 00:12:23.813554,renewal
0,POL-350480,2024-07-11 02:04:22.027150,claim
0,522504,2024-07-11 03:43:12.652285,renewal
0,POL-865686,2024-07-11 04:19:10.166422,cancellation
0,POL-541394,2024-07-11 06:11:01.015423,purchase
0,POL-026534,2024-07-11 06:23:55.251932,cancellation
0,POL-972072,2024-07-11 11:18:15.863650,renewal
0,POL-148457,2024-07-11 12:54:26.382828,renewal
0,POL-605284,2024-07-11 13:29:32.633447,cancellation
0,POL-873514,2024-07-11 13:53:44.765448,claim
0,POL-560210,2024-07-11 14:07:56.835973,cancellation
0,POL-333981,2024-07-11 15:01:20.494870,claim
0,POL-210008,2024-07-11 15:20:32.813656,cancellation
0,POL-254407,2024-07-11 15:31:59.074421,claim
0,POL-003428,2024-07-11 15:34:50.904495,cancellation
0,POL-554129,2024-07-11 16:03:26.256538,purchase
0,POL-218015,2024-07-11 16:06:50.935802,renewal
0,POL-953819,2024-07-11 16:53:41.148326,purchase
0,POL-961636,2024-07-11 17:03:11.297320,purchase
0,POL-089694,2024-07-11 21:34:45.429355,cancellation
0,315402,2024-07-11 22:04:54.379011,purchase
0,POL-312074,2024-07-11 22:12:02.397822,renewal
0,POL-706518,2024-07-11 22:25:49.092932,purchase
0,POL-344822,2024-07-12 00:08:20.901943,cancellation
0,POL-226272,2024-07-12 00:22:18.045294,renewal
0,POL-590461,2024-07-12 00:54:18.284947,purchase
0,POL-630180,2024-07-12 01:06:16.671426,cancellation
0,POL-081827,2024-07-12 02:12:20.410330,claim
0,POL-869257,2024-07-12 02:20:32.283857,claim
0,POL-768748,2024-07-12 02:50:11.255925,renewal
0,POL-821987,2024-07-12 04:16:05.336241,claim
0,POL-735524,2024-07-12 05:25:48.503305,purchase
0,POL-680241,2024-07-12 08:47:25.903948,renewal
0,POL-013726,2024-07-12 12:11:43.193429,purchase
0,POL-499524,2024-07-12 13:48:44.308511,cancellation
0,POL-649388,2024-07-12 14:02:16.545599,renewal
0,276101,2024-07-12 14:22:24.914534,claim
0,POL-694392,2024-07-12 15:05:45.904660,renewal
0,POL-358256,2024-07-12 15:07:53.001894,renewal
0,POL-289505,2024-07-12 16:07:04.139932,cancellation
0,POL-171210,2024-07-12 16:11:33.438650,cancellation
0,POL-710101,2024-07-12 17:16:34.302545,purchase
0,POL-861800,2024-07-12 17:38:29.565954,cancellation
0,004919,2024-07-12 18:57:14.086432,renewal
0,POL-294439,2024-07-12 22:59:23.463104,claim
0,POL-213074,2024-07-12 23:01:20.990394,renewal
0,POL-198684,2024-07-12 23:14:19.071244,claim
0,POL-485636,2024-07-13 00:15:32.876678,claim
0,POL-422259,2024-07-13 02:01:36.401561,renewal
0,POL-599641,2024-07-13 02:11:10.773589,claim
0,POL-965684,2024-07-13 03:30:02.598159,cancellation
0,POL-640887,2024-07-13 04:23:27.294740,purchase
0,POL-050948,2024-07-13 05:21:00.363122,renewal
0,POL-148457,2024-07-13 06:16:02.210832,renewal
0,POL-117937,2024-07-13 07:33:49.727384,purchase
0,POL-514695,2024-07-13 07:58:38.457567,claim
0,POL-163162,2024-07-13 07:59:35.489028,renewal
0,POL-582253,2024-07-13 09:46:07.445596,renewal
0,POL-878083,2024-07-13 10:08:32.265128,renewal
0,POL-098775,2024-07-13 11:08:30.784125,cancellation
0,POL-403884,2024-07-13 12:26:27.227654,purchase
0,POL-675431,2024-07-13 14:06:57.638452,claim
0,POL-864996,2024-07-13 15:00:56.094491,purchase
0,POL-013726,2024-07-13 16:56:13.335655,purchase
0,POL-536884,2024-07-13 17:05:37.574886,cancellation
0,POL-064677,2024-07-13 17:12:17.461167,purchase
0,POL-574511,2024-07-13 17:20:02.877290,claim
0,POL-412984,2024-07-13 17:25:52.172178,purchase
0,POL-796314,2024-07-13 18:12:50.022113,renewal
0,POL-061987,2024-07-13 19:01:03.161602,renewal
0,POL-283382,2024-07-13 22:24:40.765178,claim
0,POL-475009,2024-07-13 22:48:58.071959,claim
0,POL-490086,2024-07-13 23:15:15.805638,claim
0,POL-082389,2024-07-14 01:05:14.605984,purchase
0,POL-429189,2024-07-14 01:40:20.727441,cancellation
0,POL-867230,2024-07-14 03:58:14.380603,claim
0,POL-734068,2024-07-14 05:47:04.965457,cancellation
0,POL-064572,2024-07-14 07:18:20.355326,purchase
0,POL-917835,2024-07-14 09:12:45.899102,purchase
0,POL-137044,2024-07-14 09:31:10.540508,claim
0,POL-614633,2024-07-14 10:46:55.639497,claim
0,POL-950403,2024-07-14 11:06:16.403113,cancellation
0,POL-499933,2024-07-14 12:17:41.585877,claim
0,POL-506109,2024-07-14 12:31:39.543390,cancellation
0,POL-615645,2024-07-14 14:22:35.456993,claim
0,POL-422123,2024-07-14 14:43:36.337967,claim
0,POL-682092,2024-07-14 17:13:27.145524,purchase
0,POL-575829,2024-07-14 19:03:21.112119,renewal
0,POL-903224,2024-07-14 21:21:19.348281,claim
0,POL-276187,2024-07-14 21:26:20.363087,cancellation
0,POL-084468,2024-07-14 22:39:43.423616,purchase
0,POL-600878,2024-07-14 23:27:25.945600,purchase
0,POL-348900,2024-07-15 02:37:23.765286,cancellation
0,POL-058960,2024-07-15 05:36:04.556068,renewal
0,POL-151155,2024-07-15 05:51:25.736958,purchase
0,POL-740862,2024-07-15 06:02:48.573046,cancellation
0,POL-614731,2024-07-15 07:13:15.450169,purchase
0,POL-861800,2024-07-15 07:30:49.320681,claim
0,POL-854173,2024-07-15 08:42:56.545648,renewal
0,POL-954178,2024-07-15 09:05:48.791761,renewal
0,POL-658742,2024-07-15 10:28:30.998384,cancellation
0,POL-133663,2024-07-15 11:15:02.315115,purchase
0,POL-688550,2024-07-15 11:38:28.065960,cancellation
0,POL-332112,2024-07-15 13:01:15.645626,renewal
0,POL-124972,2024-07-15 13:55:54.178434,cancellation
0,POL-316374,2024-07-15 14:42:21.435457,claim
0,POL-528285,2024-07-15 14:48:00.125260,claim
0,POL-779892,2024-07-15 18:38:19.016738,claim
0,POL-515579,2024-07-15 19:55:20.932174,purchase
0,POL-659433,2024-07-15 21:02:21.092667,purchase
0,POL-741622,2024-07-15 21:04:04.874333,renewal
0,POL-938040,2024-07-15 22:09:23.207653,purchase
0,POL-652512,2024-07-15 22:33:22.676229,claim
0,POL-583648,2024-07-15 23:18:20.707855,purchase
0,POL-477732,2024-07-15 23:28:11.806923,cancellation
0,POL-189872,2024-07-16 01:43:54.328564,renewal
0,POL-130968,2024-07-16 03:23:29.564210,renewal
0,POL-181669,2024-07-16 06:39:42.013705,renewal
0,POL-351183,2024-07-16 08:34:08.129872,renewal
0,POL-242164,2024-07-16 10:53:38.484063,purchase
0,POL-874146,2024-07-16 11:01:00.995582,cancellation
0,POL-958960,2024-07-16 13:26:41.448549,purchase
0,184337,2024-07-16 14:45:55.635441,renewal
0,POL-903421,2024-07-16 14:55:39.333358,purchase
0,POL-717142,2024-07-16 16:31:52.713485,claim
0,POL-555079,2024-07-16 17:14:56.975651,cancellation
0,POL-202945,2024-07-16 18:19:48.118475,renewal
0,POL-589512,2024-07-16 19:16:37.717980,renewal
0,POL-900661,2024-07-16 19:30:48.802067,renewal
0,POL-646628,2024-07-16 20:38:09.332151,claim
0,POL-884294,2024-07-16 21:43:27.302609,cancellation
0,POL-645965,2024-07-16 23:11:36.380471,cancellation
0,POL-420739,2024-07-17 01:38:21.002409,purchase
0,POL-449822,2024-07-17 04:10:30.937275,cancellation
0,POL-109821,2024-07-17 04:25:50.962590,purchase
0,POL-838122,2024-07-17 05:15:51.816044,cancellation
0,POL-691228,2024-07-17 06:54:17.036466,claim
0,POL-127588,2024-07-17 07:14:56.155698,renewal
0,POL-962998,2024-07-17 08:18:27.409847,cancellation
0,POL-503382,2024-07-17 11:27:39.910832,purchase
0,POL-543756,2024-07-17 13:22:26.125289,claim
0,POL-836595,2024-07-17 13:54:24.469991,claim
0,POL-059830,2024-07-17 13:56:40.386578,purchase
0,POL-697513,2024-07-17 14:26:55.106996,cancellation
0,POL-406402,2024-07-17 14:31:17.523432,renewal
0,POL-328973,2024-07-17 15:17:34.303037,claim
0,POL-936367,2024-07-17 16:45:37.787859,claim
0,POL-321622,2024-07-17 16:58:56.906697,purchase
0,POL-924871,2024-07-17 18:09:45.998681,cancellation
0,POL-151292,2024-07-17 19:24:12.245921,purchase
0,POL-828545,2024-07-17 21:20:53.243828,purchase
0,POL-916311,2024-07-17 21:24:22.509748,renewal
0,POL-415718,2024-07-17 21:51:58.161304,renewal
0,POL-882525,2024-07-17 22:34:57.412876,renewal
0,POL-453482,2024-07-18 01:18:26.382279,claim
0,POL-411326,2024-07-18 01:24:57.709170,purchase
0,POL-827066,2024-07-18 02:19:45.167040,cancellation
0,POL-283382,2024-07-18 04:22:10.787447,renewal
0,POL-342162,2024-07-18 05:55:52.239446,cancellation
0,POL-371651,2024-07-18 07:23:32.984369,claim
0,POL-910866,2024-07-18 09:14:24.817239,purchase
0,POL-319193,2024-07-18 11:05:43.889146,renewal
0,POL-867669,2024-07-18 12:00:59.326397,renewal
0,POL-618880,2024-07-18 13:21:15.555010,renewal
0,POL-647757,2024-07-18 13:57:02.692734,cancellation
0,POL-610901,2024-07-18 14:00:57.533072,purchase
0,POL-885350,2024-07-18 14:49:38.481743,renewal
0,POL-007982,2024-07-18 15:24:39.763758,renewal
0,POL-077056,2024-07-18 15:44:21.981680,claim
0,POL-661028,2024-07-18 18:35:38.653585,cancellation
0,POL-283762,2024-07-18 20:09:48.459598,cancellation
0,POL-176534,2024-07-18 20:17:30.734428,claim
0,POL-840037,2024-07-18 20:41:35.405467,purchase
0,POL-034216,2024-07-18 20:47:48.146495,purchase
0,176229,2024-07-18 21:38:16.823430,claim
0,POL-078800,2024-07-19 00:37:59.379464,cancellation
0,POL-226732,2024-07-19 01:08:55.776872,purchase
0,POL-358384,2024-07-19 01:19:41.062027,purchase
0,POL-967929,2024-07-19 01:39:56.597388,claim
0,POL-982249,2024-07-19 02:29:16.909595,claim
0,POL-250473,2024-07-19 04:20:01.953880,cancellation
0,POL-300403,2024-07-19 04:42:00.116037,purchase
0,POL-184709,2024-07-19 05:46:26.150994,claim
0,POL-082860,2024-07-19 05:55:20.560276,claim
0,POL-514339,2024-07-19 07:04:22.501585,cancellation
0,POL-004878,2024-07-19 07:11:35.080554,purchase
0,POL-659809,2024-07-19 09:19:38.715260,cancellation
0,POL-310038,2024-07-19 10:34:12.966385,purchase
0,POL-279049,2024-07-19 10:54:11.426266,claim
0,POL-816591,2024-07-19 11:07:10.412087,purchase
0,POL-333236,2024-07-19 11:57:21.421467,purchase
0,POL-668455,2024-07-19 15:09:57.049122,cancellation
0,POL-282871,2024-07-19 15:44:03.907621,renewal
0,POL-463366,2024-07-19 16:28:53.772349,cancellation
0,POL-026992,2024-07-19 17:54:50.955389,claim
0,POL-781579,2024-07-19 19:00:05.687236,renewal
0,POL-693299,2024-07-19 20:11:41.107193,cancellation
0,POL-019987,2024-07-19 20:17:40.495093,cancellation
0,POL-452069,2024-07-19 20:58:59.242482,claim
0,POL-244895,2024-07-19 20:59:43.158527,cancellation
0,POL-793570,2024-07-19 21:27:13.971050,purchase
0,POL-962425,2024-07-19 21:55:51.120026,claim
0,POL-178673,2024-07-19 22:22:24.114494,claim
0,POL-919216,2024-07-19 23:01:25.826754,cancellation
0,POL-771456,2024-07-19 23:26:43.711539,cancellation
0,POL-007359,2024-07-19 23:50:05.704568,purchase
0,POL-506020,2024-07-19 23:55:53.398710,claim
0,POL-245044,2024-07-20 03:35:10.572946,renewal
0,POL-880120,2024-07-20 05:36:56.680243,claim
0,POL-991949,2024-07-20 05:37:48.476758,purchase
0,POL-790037,2024-07-20 05:59:47.576175,claim
0,POL-952052,2024-07-20 12:35:39.755381,renewal
0,POL-142884,2024-07-20 14:26:11.555500,claim
0,POL-125365,2024-07-20 15:17:15.340452,renewal
0,POL-152847,2024-07-20 15:54:11.496853,renewal
0,POL-129925,2024-07-20 16:06:58.057851,claim
0,POL-780960,2024-07-20 19:23:00.667129,renewal
0,POL-061658,2024-07-20 22:04:42.514993,claim
0,POL-190355,2024-07-21 00:08:30.455582,purchase
0,POL-076957,2024-07-21 00:46:05.954991,cancellation
0,POL-740038,2024-07-21 01:40:24.230224,purchase
0,POL-715962,2024-07-21 02:47:29.555287,renewal
0,POL-200004,2024-07-21 05:41:57.403187,renewal
0,POL-173236,2024-07-21 05:42:40.632193,purchase
0,POL-226024,2024-07-21 05:55:00.460196,purchase
0,POL-912615,2024-07-21 08:12:20.890000,claim
0,POL-300462,2024-07-21 08:56:30.939871,purchase
0,POL-939582,2024-07-21 09:37:12.387889,cancellation
0,POL-357830,2024-07-21 11:58:45.350547,cancellation
0,POL-169951,2024-07-21 12:08:41.396297,cancellation
0,POL-049008,2024-07-21 12:34:09.424360,purchase
0,POL-710275,2024-07-21 14:19:04.830907,claim
0,POL-818191,2024-07-21 15:22:56.649208,purchase
0,POL-941828,2024-07-21 15:55:37.513206,cancellation
0,POL-683502,2024-07-21 16:13:27.978550,renewal
0,POL-715081,2024-07-21 17:13:34.918730,renewal
0,POL-721661,2024-07-21 17:37:25.307726,claim
0,POL-624918,2024-07-21 18:19:01.582362,purchase
0,POL-249650,2024-07-21 18:25:32.256912,cancellation
0,POL-177240,2024-07-21 18:56:40.231272,purchase
0,POL-132371,2024-07-21 18:59:00.095634,purchase
0,POL-249650,2024-07-21 23:18:48.018285,cancellation
0,POL-093112,2024-07-22 01:09:57.956518,purchase
0,POL-753065,2024-07-22 03:40:36.243956,renewal
0,POL-449748,2024-07-22 06:58:54.258457,cancellation
0,POL-170796,2024-07-22 07:38:10.098332,purchase
0,POL-401181,2024-07-22 07:39:58.364310,cancellation
0,POL-523792,2024-07-22 11:38:50.961048,renewal
0,POL-716004,2024-07-22 12:58:48.148310,renewal
0,POL-505292,2024-07-22 13:18:55.271347,claim
0,POL-963456,2024-07-22 13:52:54.904567,purchase
0,POL-060925,2024-07-22 15:33:58.100561,purchase
0,POL-028036,2024-07-22 15:55:05.999647,cancellation
0,POL-821987,2024-07-22 18:02:06.044442,purchase
0,POL-565686,2024-07-22 18:43:52.631818,cancellation
0,POL-724116,2024-07-22 22:33:00.614030,renewal
0,POL-547618,2024-07-22 22:39:17.847095,cancellation
0,POL-624359,2024-07-22 22:49:02.929334,renewal
0,POL-435832,2024-07-22 23:17:35.569245,claim
0,POL-402374,2024-07-22 23:23:44.060534,purchase
0,POL-072840,2024-07-23 00:19:01.552225,cancellation
0,POL-505292,2024-07-23 01:12:42.174883,claim
0,POL-387971,2024-07-23 01:15:20.615066,cancellation
0,POL-116730,2024-07-23 01:24:39.600376,cancellation
0,POL-429947,2024-07-23 03:34:30.638277,cancellation
0,POL-340547,2024-07-23 03:43:24.071561,purchase
0,POL-535429,2024-07-23 05:00:13.981989,claim
0,POL-684234,2024-07-23 05:22:09.431746,purchase
0,POL-374694,2024-07-23 08:24:20.471661,renewal
0,POL-341004,2024-07-23 09:00:42.852138,cancellation
0,POL-572889,2024-07-23 09:01:03.544381,cancellation
0,POL-750855,2024-07-23 09:28:08.472932,renewal
0,POL-218159,2024-07-23 10:29:38.662440,renewal
0,POL-248757,2024-07-23 16:14:42.866724,renewal
0,POL-952462,2024-07-23 18:13:10.805290,purchase
0,POL-552760,2024-07-23 21:43:23.110355,purchase
0,POL-720341,2024-07-24 00:20:34.820479,purchase
0,POL-638707,2024-07-24 02:32:46.620315,claim
0,POL-027494,2024-07-24 03:59:25.782271,purchase
0,POL-104809,2024-07-24 04:12:43.323132,cancellation
0,050509,2024-07-24 05:22:41.835049,claim
0,POL-816068,2024-07-24 09:31:06.131103,purchase
0,POL-293940,2024-07-24 11:12:35.428382,claim
0,POL-624506,2024-07-24 12:03:04.938721,purchase
0,POL-331141,2024-07-24 12:48:47.110168,renewal
0,POL-391586,2024-07-24 14:08:23.888442,claim
0,POL-142884,2024-07-24 15:02:55.777586,cancellation
0,POL-512724,2024-07-24 15:25:20.224209,renewal
0,POL-500099,2024-07-24 16:56:24.114922,cancellation
0,POL-833019,2024-07-24 19:35:44.694450,claim
0,POL-096356,2024-07-24 20:08:26.284361,claim
0,880809,2024-07-24 20:44:06.592728,purchase
0,POL-160229,2024-07-24 22:32:49.891083,cancellation
0,POL-927947,2024-07-24 22:35:16.009926,claim
0,POL-891090,2024-07-25 01:11:04.815723,renewal
0,POL-342341,2024-07-25 02:04:52.636178,renewal
0,POL-996526,2024-07-25 02:21:55.450342,renewal
0,POL-070370,2024-07-25 03:36:14.678656,claim
0,POL-095324,2024-07-25 04:10:52.147199,purchase
0,POL-469191,2024-07-25 04:57:49.831436,purchase
0,POL-228370,2024-07-25 05:45:51.398504,claim
0,POL-983782,2024-07-25 06:14:53.690953,claim
0,POL-124086,2024-07-25 07:01:19.781326,cancellation
0,POL-014176,2024-07-25 07:29:16.914673,purchase
0,POL-623489,2024-07-25 07:52:40.923237,claim
0,POL-285681,2024-07-25 08:38:08.195756,renewal
0,POL-938537,2024-07-25 09:19:18.189663,renewal
0,POL-939591,2024-07-25 10:35:12.351117,claim
0,POL-854739,2024-07-25 11:51:57.916340,renewal
0,POL-595633,2024-07-25 13:24:35.388086,cancellation
0,POL-697529,2024-07-25 13:56:35.469397,purchase
0,POL-962230,2024-07-25 14:38:38.114655,claim
0,POL-349575,2024-07-25 15:30:29.855163,purchase
0,POL-408256,2024-07-25 15:31:17.947308,cancellation
0,POL-745284,2024-07-25 16:12:43.318143,claim
0,POL-469377,2024-07-25 16:57:22.831856,renewal
0,POL-618295,2024-07-25 17:07:58.203547,claim
0,POL-530771,2024-07-25 19:23:49.430580,purchase
0,POL-769580,2024-07-25 19:40:32.500348,cancellation
0,POL-630392,2024-07-25 19:49:58.170356,purchase
0,POL-665365,2024-07-25 20:11:51.887464,purchase
0,POL-171273,2024-07-25 20:14:32.706156,claim
0,POL-850653,2024-07-25 22:12:48.238698,renewal
0,POL-693844,2024-07-25 22:44:14.809806,cancellation
0,POL-799864,2024-07-25 23:06:40.420103,purchase
0,POL-952528,2024-07-25 23:53:54.986445,renewal
0,POL-493725,2024-07-26 00:13:24.002024,claim
0,POL-313312,2024-07-26 00:58:49.240117,claim
0,POL-427715,2024-07-26 02:44:15.376164,purchase
0,POL-684986,2024-07-26 03:53:14.897530,cancellation
0,POL-549641,2024-07-26 04:38:33.631549,renewal
0,POL-624359,2024-07-26 07:55:01.490173,purchase
0,POL-997859,2024-07-26 08:59:24.574878,purchase
0,POL-803510,2024-07-26 09:37:19.054148,purchase
0,POL-206726,2024-07-26 12:50:58.192575,claim
0,POL-473791,2024-07-26 13:09:16.020460,cancellation
0,POL-907317,2024-07-26 14:14:11.834957,cancellation
0,POL-757828,2024-07-26 15:33:59.165253,claim
0,POL-783931,2024-07-26 17:17:03.148272,purchase
0,POL-394714,2024-07-26 17:57:01.373291,purchase
0,POL-690301,2024-07-26 18:08:20.722462,cancellation
0,POL-676305,2024-07-26 20:03:03.648961,purchase
0,POL-840180,2024-07-26 20:50:07.011864,claim
0,POL-217461,2024-07-26 21:07:17.645153,cancellation
0,POL-939285,2024-07-26 22:16:26.406356,claim
0,POL-928257,2024-07-26 22:29:29.889891,claim
0,POL-297239,2024-07-26 23:24:16.127221,purchase
0,POL-854173,2024-07-27 01:47:10.600517,cancellation
0,POL-695192,2024-07-27 02:31:16.338396,renewal
0,POL-809807,2024-07-27 03:14:00.797741,cancellation
0,POL-228449,2024-07-27 03:28:44.122955,cancellation
0,POL-620350,2024-07-27 04:02:12.529701,purchase
0,POL-711232,2024-07-27 04:36:41.247172,cancellation
0,POL-845451,2024-07-27 04:58:53.881169,cancellation
0,POL-836431,2024-07-27 06:54:21.117045,renewal
0,POL-484022,2024-07-27 06:56:18.487260,renewal
0,POL-669986,2024-07-27 08:29:44.408389,renewal
0,POL-555760,2024-07-27 09:57:56.425222,renewal
0,POL-283832,2024-07-27 10:53:14.681273,purchase
0,POL-550006,2024-07-27 13:11:38.593913,cancellation
0,POL-686097,2024-07-27 13:44:31.582253,claim
0,POL-578218,2024-07-27 14:00:46.373141,cancellation
0,POL-003293,2024-07-27 14:12:49.984880,cancellation
0,POL-974424,2024-07-27 15:26:05.576795,renewal
0,POL-738414,2024-07-27 15:52:02.466443,claim
0,POL-461213,2024-07-27 17:01:38.562169,claim
0,POL-673135,2024-07-27 17:25:50.125690,cancellation
0,POL-680145,2024-07-27 18:13:37.340242,cancellation
0,POL-049208,2024-07-27 19:53:12.833296,renewal
0,POL-439553,2024-07-27 22:14:43.383949,purchase
0,POL-686433,2024-07-27 22:28:21.731977,claim
0,POL-869027,2024-07-27 23:09:29.138975,claim
0,POL-332779,2024-07-27 23:54:44.887437,purchase
0,POL-694243,2024-07-28 00:21:34.547240,cancellation
0,POL-015090,2024-07-28 00:48:35.190461,renewal
0,POL-480999,2024-07-28 01:32:41.958930,claim
0,299932,2024-07-28 01:55:59.697804,claim
0,POL-220829,2024-07-28 07:30:54.564884,claim
0,POL-954250,2024-07-28 08:15:55.606928,cancellation
0,POL-399526,2024-07-28 08:33:04.338033,claim
0,POL-877146,2024-07-28 08:33:25.366423,claim
0,POL-292745,2024-07-28 10:23:45.277369,cancellation
0,POL-229058,2024-07-28 10:29:14.381582,cancellation
0,POL-971958,2024-07-28 11:42:34.194078,claim
0,POL-866382,2024-07-28 12:21:40.312914,cancellation
0,POL-188521,2024-07-28 12:44:46.118365,renewal
0,POL-992778,2024-07-28 15:38:30.088868,cancellation
0,POL-814923,2024-07-28 17:50:34.192522,cancellation
0,POL-073702,2024-07-28 17:54:53.178001,renewal
0,POL-829544,2024-07-28 19:32:33.235455,cancellation
0,POL-501232,2024-07-28 20:32:25.173220,renewal
0,POL-701685,2024-07-28 20:47:56.933965,renewal
0,POL-619050,2024-07-28 21:27:05.559763,purchase
0,POL-091271,2024-07-28 21:38:27.437182,cancellation
0,POL-168893,2024-07-28 22:32:24.351728,purchase
0,POL-748748,2024-07-29 02:42:46.805326,claim
0,POL-130938,2024-07-29 04:25:00.571203,purchase
0,POL-240941,2024-07-29 04:41:27.747893,claim
0,POL-138090,2024-07-29 05:16:14.630138,cancellation
0,POL-403284,2024-07-29 08:18:41.457608,cancellation
0,POL-955060,2024-07-29 09:32:12.755297,purchase
0,POL-745704,2024-07-29 10:06:50.031072,cancellation
0,POL-938040,2024-07-29 11:02:37.326591,cancellation
0,POL-708992,2024-07-29 14:45:56.166374,purchase
0,POL-659809,2024-07-29 15:40:24.580830,cancellation
0,POL-071873,2024-07-29 19:15:04.427136,renewal
0,POL-593513,2024-07-29 20:09:31.174884,cancellation
0,POL-832847,2024-07-29 23:25:41.584010,renewal
0,POL-446908,2024-07-30 00:07:00.024292,renewal
0,POL-257252,2024-07-30 00:13:55.524683,renewal
0,POL-818245,2024-07-30 00:45:14.899204,purchase
0,POL-350154,2024-07-30 01:07:17.440856,claim
0,POL-804410,2024-07-30 02:03:05.190313,purchase
0,POL-133857,2024-07-30 02:38:49.860492,cancellation
0,POL-621393,2024-07-30 03:00:27.355589,claim
0,POL-832501,2024-07-30 03:03:45.008614,renewal
0,POL-950403,2024-07-30 03:07:06.025410,cancellation
0,POL-564374,2024-07-30 05:06:11.042843,cancellation
0,POL-814026,2024-07-30 05:32:22.428016,purchase
0,POL-026922,2024-07-30 05:37:31.760924,purchase
0,POL-580740,2024-07-30 05:48:33.039504,claim
0,POL-783378,2024-07-30 05:49:03.225873,renewal
0,POL-931114,2024-07-30 05:51:38.627491,purchase
0,POL-004547,2024-07-30 07:14:18.974067,purchase
0,POL-526679,2024-07-30 07:27:49.722486,cancellation
0,POL-701685,2024-07-30 07:54:09.753486,claim
0,POL-543817,2024-07-30 07:58:25.330241,cancellation
0,POL-359943,2024-07-30 09:41:01.205320,purchase
0,POL-683346,2024-07-30 10:01:44.329319,purchase
0,POL-498841,2024-07-30 10:33:53.950963,claim
0,POL-688550,2024-07-30 11:21:00.721133,cancellation
0,POL-223935,2024-07-30 12:10:23.215985,purchase
0,POL-212930,2024-07-30 12:38:45.365663,claim
0,POL-326049,2024-07-30 16:33:37.369026,renewal
0,POL-877812,2024-07-30 17:26:21.041327,claim
0,POL-713459,2024-07-30 18:13:03.596456,claim
0,POL-924260,2024-07-30 18:29:31.300370,cancellation
0,167077,2024-07-30 20:38:01.738562,purchase
0,POL-300549,2024-07-30 22:32:23.972314,purchase
0,POL-692066,2024-07-30 23:36:42.411191,renewal
0,POL-576085,2024-07-30 23:47:11.411622,renewal
0,POL-978209,2024-07-30 23:48:01.950079,purchase
0,POL-455379,2024-07-31 01:07:33.064667,claim
0,POL-253718,2024-07-31 02:06:12.255715,cancellation
0,POL-445141,2024-07-31 03:14:24.072758,claim
0,POL-931342,2024-07-31 04:40:49.497084,cancellation
0,POL-249649,2024-07-31 06:28:06.126995,purchase
0,POL-936521,2024-07-31 10:02:12.077461,renewal
0,POL-477643,2024-07-31 10:25:45.488432,cancellation
0,POL-499933,2024-07-31 10:34:24.050946,claim
0,POL-560262,2024-07-31 13:32:32.197025,cancellation
0,POL-124869,2024-07-31 15:00:21.998181,cancellation
0,POL-973097,2024-07-31 15:19:00.269423,claim
0,POL-535628,2024-07-31 15:19:55.512364,purchase
0,POL-090446,2024-07-31 18:18:48.254795,purchase
0,POL-825314,2024-07-31 18:31:38.473701,cancellation
0,POL-053310,2024-07-31 18:36:44.805516,claim
0,POL-151096,2024-07-31 22:17:26.974232,renewal
0,POL-109603,2024-07-31 23:29:36.402291,claim
0,POL-627770,2024-07-31 23:54:03.159361,cancellation
0,POL-246813,2024-08-01 00:56:05.991729,cancellation
0,POL-238453,2024-08-01 01:41:44.123222,claim
0,POL-197273,2024-08-01 02:08:42.144978,cancellation
0,POL-268423,2024-08-01 02:15:57.610142,purchase
0,POL-381815,2024-08-01 03:01:25.715158,claim
0,POL-926023,2024-08-01 03:42:58.315016,cancellation
0,POL-521616,2024-08-01 05:07:10.056950,claim
0,POL-856537,2024-08-01 06:40:45.367325,cancellation
0,POL-897857,2024-08-01 07:40:17.580062,cancellation
0,POL-301221,2024-08-01 09:56:05.081410,claim
0,POL-435576,2024-08-01 11:02:14.673134,cancellation
0,POL-614389,2024-08-01 13:47:40.928997,cancellation
0,POL-374318,2024-08-01 14:10:41.174912,cancellation
0,POL-416213,2024-08-01 14:19:28.753471,cancellation
0,POL-754736,2024-08-01 15:26:33.417062,purchase
0,POL-477732,2024-08-01 17:55:59.094542,renewal
0,POL-190738,2024-08-01 18:05:34.810190,cancellation
0,POL-905880,2024-08-01 19:32:52.482111,purchase
0,POL-228795,2024-08-01 20:05:33.825141,cancellation
0,POL-660418,2024-08-01 20:39:10.347875,claim
0,513554,2024-08-01 20:58:07.157837,renewal
0,POL-336698,2024-08-02 00:21:49.218260,purchase
0,POL-375973,2024-08-02 01:42:52.034987,renewal
0,POL-885350,2024-08-02 02:10:32.928342,renewal
0,POL-922288,2024-08-02 02:24:38.264208,claim
0,POL-476301,2024-08-02 02:32:33.679146,cancellation
0,POL-321193,2024-08-02 03:03:33.967263,cancellation
0,POL-903566,2024-08-02 04:03:43.719079,renewal
0,POL-601287,2024-08-02 04:08:13.726091,renewal
0,POL-338562,2024-08-02 04:15:58.552125,renewal
0,POL-214612,2024-08-02 04:24:41.647933,renewal
0,POL-285676,2024-08-02 05:07:47.498899,purchase
0,POL-521556,2024-08-02 06:33:44.115850,claim
0,POL-065526,2024-08-02 06:36:39.231826,renewal
0,167463,2024-08-02 08:39:13.609881,renewal
0,POL-159395,2024-08-02 09:16:08.577642,claim
0,POL-624324,2024-08-02 12:40:32.302258,purchase
0,POL-995556,2024-08-02 13:45:39.454006,cancellation
0,POL-785513,2024-08-02 19:32:35.560440,renewal
0,POL-785392,2024-08-02 21:16:40.031587,claim
0,POL-419814,2024-08-02 23:18:04.985843,cancellation
0,POL-734485,2024-08-02 23:18:47.581509,renewal
0,POL-594048,2024-08-03 03:43:40.245170,purchase
0,POL-556424,2024-08-03 06:13:08.637135,cancellation
0,POL-055059,2024-08-03 09:02:29.146479,claim
0,POL-420810,2024-08-03 09:37:40.017463,cancellation
0,POL-092436,2024-08-03 10:31:32.546543,claim
0,POL-233580,2024-08-03 11:16:32.279280,claim
0,POL-808924,2024-08-03 11:46:18.133536,renewal
0,POL-830208,2024-08-03 12:04:44.397991,purchase
0,POL-058570,2024-08-03 12:05:26.441315,cancellation
0,POL-514339,2024-08-03 12:26:25.713237,claim
0,POL-977137,2024-08-03 14:48:28.178568,claim
0,POL-889366,2024-08-03 15:07:42.319517,claim
0,POL-952366,2024-08-03 16:05:01.846649,cancellation
0,POL-461270,2024-08-03 17:01:16.760170,cancellation
0,POL-420752,2024-08-03 18:46:41.883910,claim
0,POL-790056,2024-08-03 21:54:19.764007,purchase
0,POL-575808,2024-08-03 22:24:02.875684,cancellation
0,POL-193054,2024-08-03 22:31:46.611747,cancellation
0,POL-205356,2024-08-03 22:33:23.869066,cancellation
0,POL-693571,2024-08-03 23:15:41.955364,cancellation
0,POL-178673,2024-08-04 01:30:39.140665,cancellation
0,POL-334970,2024-08-04 02:37:30.602574,renewal
0,POL-095614,2024-08-04 03:10:21.959958,renewal
0,POL-859925,2024-08-04 04:55:25.738820,cancellation
0,POL-375023,2024-08-04 06:25:28.091735,claim
0,POL-795104,2024-08-04 07:56:00.432514,cancellation
0,POL-934329,2024-08-04 08:19:46.368681,cancellation
0,POL-409922,2024-08-04 09:40:00.954484,cancellation
0,POL-253570,2024-08-04 10:13:58.265491,renewal
0,POL-287687,2024-08-04 11:28:38.312355,claim
0,POL-206039,2024-08-04 11:37:24.233840,renewal
0,POL-578823,2024-08-04 12:38:09.044901,renewal
0,POL-916311,2024-08-04 13:50:18.230282,renewal
0,POL-334970,2024-08-04 15:28:31.020988,purchase
0,POL-502989,2024-08-04 16:39:41.500027,claim
0,POL-889322,2024-08-04 16:46:37.392731,purchase
0,POL-124537,2024-08-04 20:13:13.159735,claim
0,POL-296670,2024-08-04 23:42:27.747480,purchase
0,POL-782256,2024-08-05 02:01:59.570487,purchase
0,POL-227708,2024-08-05 03:17:57.007012,cancellation
0,POL-596065,2024-08-05 03:51:14.977570,cancellation
0,POL-641379,2024-08-05 06:47:13.697745,renewal
0,POL-239917,2024-08-05 09:37:25.394376,cancellation
0,POL-581393,2024-08-05 11:50:42.461970,renewal
0,POL-961606,2024-08-05 12:23:02.517980,renewal
0,POL-529685,2024-08-05 12:48:25.668186,cancellation
0,POL-784025,2024-08-05 13:16:21.757215,purchase
0,POL-321287,2024-08-05 14:09:09.863556,purchase
0,POL-144023,2024-08-05 15:28:54.967083,claim
0,POL-455814,2024-08-05 16:31:37.997623,cancellation
0,POL-854173,2024-08-05 20:50:55.482278,purchase
0,POL-377445,2024-08-05 23:05:46.485012,claim
0,POL-796314,2024-08-05 23:06:20.701340,cancellation
0,POL-642808,2024-08-06 01:16:02.075632,renewal
0,POL-128965,2024-08-06 02:24:20.848710,claim
0,POL-501721,2024-08-06 02:45:16.285567,renewal
0,POL-091448,2024-08-06 02:47:02.120241,purchase
0,POL-718013,2024-08-06 03:33:49.048843,purchase
0,POL-570723,2024-08-06 05:12:01.309965,renewal
0,POL-521624,2024-08-06 05:19:01.669899,purchase
0,POL-697893,2024-08-06 07:08:55.449296,renewal
0,POL-164905,2024-08-06 09:30:59.108068,claim
0,POL-126790,2024-08-06 10:37:54.134862,cancellation
0,POL-239917,2024-08-06 10:39:19.129978,purchase
0,POL-076888,2024-08-06 12:56:19.010618,renewal
0,POL-444341,2024-08-06 13:29:54.403495,renewal
0,POL-547601,2024-08-06 14:26:05.352829,renewal
0,POL-089838,2024-08-06 15:19:54.124448,purchase
0,POL-078535,2024-08-06 16:05:28.841021,renewal
0,POL-194003,2024-08-06 16:18:56.287652,cancellation
0,POL-460401,2024-08-06 16:49:14.501884,claim
0,POL-523658,2024-08-06 19:24:37.802846,cancellation
0,POL-105092,2024-08-06 20:51:29.438827,purchase
0,POL-272781,2024-08-06 21:50:24.421095,claim
0,POL-377861,2024-08-06 22:35:12.691360,claim
0,POL-778469,2024-08-07 00:20:10.793847,claim
0,POL-497326,2024-08-07 01:00:21.936158,purchase
0,POL-235751,2024-08-07 02:25:50.897904,purchase
0,POL-120858,2024-08-07 03:20:11.902977,claim
0,POL-605649,2024-08-07 05:48:09.961571,cancellation
0,POL-727741,2024-08-07 06:31:54.546077,purchase
0,POL-860855,2024-08-07 07:09:31.119447,claim
0,POL-697671,2024-08-07 07:54:42.810269,renewal
0,POL-367996,2024-08-07 08:36:36.076006,claim
0,POL-246944,2024-08-07 10:26:13.984381,purchase
0,POL-240171,2024-08-07 10:57:09.555076,claim
0,POL-501770,2024-08-07 11:45:55.772853,purchase
0,POL-016004,2024-08-07 15:22:41.003423,cancellation
0,POL-837208,2024-08-07 15:46:19.007724,cancellation
0,POL-592766,2024-08-07 16:33:37.888039,claim
0,POL-148783,2024-08-07 17:59:31.764749,renewal
0,POL-790056,2024-08-07 20:46:02.073633,renewal
0,POL-485841,2024-08-07 21:14:07.870308,cancellation
0,POL-767033,2024-08-07 21:15:55.538667,claim
0,POL-890964,2024-08-07 22:03:35.866889,purchase
0,POL-470878,2024-08-07 23:16:23.365281,claim
0,POL-848746,2024-08-07 23:31:09.153823,cancellation
0,POL-120106,2024-08-08 00:21:17.806547,renewal
0,POL-976840,2024-08-08 03:48:06.663970,renewal
0,POL-015270,2024-08-08 05:09:08.963822,purchase
0,POL-774173,2024-08-08 07:02:40.180835,purchase
0,POL-567380,2024-08-08 09:49:56.768617,purchase
0,POL-197076,2024-08-08 12:06:35.970860,renewal
0,POL-113097,2024-08-08 15:45:41.717758,purchase
0,POL-053310,2024-08-08 18:21:59.121941,purchase
0,POL-222010,2024-08-08 20:06:34.399313,purchase
0,POL-281014,2024-08-08 20:27:44.185756,renewal
0,POL-364276,2024-08-08 20:56:46.924852,renewal
0,POL-077056,2024-08-08 21:59:16.844664,purchase
0,POL-792413,2024-08-08 22:11:47.727985,claim
0,POL-702034,2024-08-08 22:24:37.057607,purchase
0,POL-180094,2024-08-08 22:32:15.444559,cancellation
0,POL-887647,2024-08-08 22:33:44.960288,claim
0,POL-920294,2024-08-08 23:23:27.165881,cancellation
0,POL-334736,2024-08-08 23:33:12.299174,purchase
0,POL-818245,2024-08-08 23:42:31.909473,cancellation
0,POL-181669,2024-08-09 00:59:22.892577,renewal
0,POL-943483,2024-08-09 01:12:30.539430,cancellation
0,POL-741185,2024-08-09 02:01:33.773353,renewal
0,POL-059067,2024-08-09 03:21:58.964589,purchase
0,POL-582560,2024-08-09 03:57:17.151570,claim
0,POL-139857,2024-08-09 05:00:13.052392,purchase
0,POL-939564,2024-08-09 05:25:54.576073,purchase
0,POL-971555,2024-08-09 05:50:36.185668,cancellation
0,POL-776736,2024-08-09 06:05:26.650144,cancellation
0,POL-381053,2024-08-09 08:26:14.774643,cancellation
0,POL-222966,2024-08-09 12:23:30.523283,claim
0,POL-062277,2024-08-09 12:36:01.420312,claim
0,POL-765017,2024-08-09 12:40:59.971985,purchase
0,POL-684435,2024-08-09 13:22:42.855818,cancellation
0,POL-016187,2024-08-09 17:02:25.274991,claim
0,POL-059289,2024-08-09 17:27:05.020058,cancellation
0,POL-142321,2024-08-09 17:43:17.326681,claim
0,POL-479254,2024-08-09 18:12:55.966502,purchase
0,POL-221376,2024-08-09 18:58:33.862254,cancellation
0,POL-594930,2024-08-09 19:30:57.479047,cancellation
0,POL-635194,2024-08-09 20:00:37.273287,purchase
0,POL-786191,2024-08-09 20:29:51.463298,renewal
0,POL-565343,2024-08-09 20:45:00.751595,renewal
0,POL-375916,2024-08-09 20:52:17.189488,purchase
0,POL-074476,2024-08-09 21:15:25.212716,renewal
0,POL-306149,2024-08-09 22:31:53.015448,renewal
0,POL-632152,2024-08-09 23:44:11.350370,claim
0,POL-827726,2024-08-09 23:53:31.157536,claim
0,POL-129902,2024-08-10 00:01:13.325117,purchase
0,POL-942126,2024-08-10 01:15:10.143281,cancellation
0,POL-903838,2024-08-10 02:06:10.486151,claim
0,POL-475964,2024-08-10 03:00:03.187305,cancellation
0,POL-688966,2024-08-10 03:50:56.616254,purchase
0,POL-255526,2024-08-10 04:32:07.652308,renewal
0,POL-308883,2024-08-10 04:48:00.499826,claim
0,POL-083796,2024-08-10 05:31:36.093353,claim
0,POL-962542,2024-08-10 05:35:35.401035,purchase
0,POL-904614,2024-08-10 05:39:28.341393,cancellation
0,POL-779787,2024-08-10 05:55:26.625108,cancellation
0,POL-535032,2024-08-10 07:02:18.776797,purchase
0,POL-008083,2024-08-10 07:07:08.517019,renewal
0,POL-029830,2024-08-10 07:42:44.134724,cancellation
0,POL-015463,2024-08-10 08:44:01.081409,renewal
0,POL-589007,2024-08-10 08:53:25.283200,claim
0,POL-213042,2024-08-10 11:42:46.306155,purchase
0,POL-641665,2024-08-10 12:28:30.423670,renewal
0,POL-224420,2024-08-10 12:38:34.417137,cancellation
0,POL-857177,2024-08-10 13:00:48.615293,claim
0,POL-132632,2024-08-10 13:28:41.754741,cancellation
0,POL-646368,2024-08-10 15:52:58.711925,purchase
0,POL-919160,2024-08-10 17:49:19.090290,renewal
0,POL-122164,2024-08-10 17:53:20.545294,renewal
0,POL-232878,2024-08-10 18:38:44.456932,purchase
0,POL-139857,2024-08-10 19:45:56.732615,cancellation
0,POL-125053,2024-08-10 19:55:01.277864,renewal
0,POL-809473,2024-08-10 22:14:22.599048,claim
0,209500,2024-08-10 22:36:01.866219,purchase
0,POL-815501,2024-08-10 22:38:16.621526,renewal
0,POL-120858,2024-08-10 23:56:19.585287,claim
0,POL-124869,2024-08-11 00:19:21.462938,purchase
0,POL-311545,2024-08-11 02:33:14.820760,cancellation
0,POL-293254,2024-08-11 04:38:33.662290,claim
0,POL-132949,2024-08-11 06:56:21.627234,purchase
0,POL-246681,2024-08-11 08:37:02.566262,renewal
0,POL-118110,2024-08-11 09:02:22.914423,claim
0,POL-026922,2024-08-11 10:31:35.219250,claim
0,POL-279172,2024-08-11 11:37:04.375910,cancellation
0,POL-257252,2024-08-11 12:05:05.245982,purchase
0,POL-567146,2024-08-11 12:21:41.856755,purchase
0,POL-089399,2024-08-11 13:36:52.651604,renewal
0,POL-404893,2024-08-11 14:45:03.975558,purchase
0,POL-026530,2024-08-11 14:48:34.210693,claim
0,POL-091271,2024-08-11 17:11:32.618602,purchase
0,POL-887424,2024-08-11 18:31:20.167418,claim
0,POL-084468,2024-08-11 18:40:10.149102,renewal
0,POL-807692,2024-08-11 19:08:18.339018,renewal
0,POL-528095,2024-08-11 19:50:10.636207,claim
0,POL-356688,2024-08-11 21:30:42.542569,cancellation
0,POL-344097,2024-08-11 23:10:20.839572,cancellation
0,POL-633073,2024-08-11 23:11:01.777370,purchase
0,POL-339810,2024-08-12 00:49:44.670328,purchase
0,POL-139630,2024-08-12 01:12:03.309663,renewal
0,POL-088921,2024-08-12 01:43:30.934806,renewal
0,POL-593016,2024-08-12 02:30:13.843742,purchase
0,POL-552821,2024-08-12 02:31:11.214504,renewal
0,POL-925647,2024-08-12 04:06:19.831615,cancellation
0,POL-026407,2024-08-12 09:25:13.173868,claim
0,POL-831546,2024-08-12 09:36:34.165125,renewal
0,POL-794987,2024-08-12 11:14:17.794135,claim
0,POL-658742,2024-08-12 11:56:04.425490,renewal
0,POL-881618,2024-08-12 12:51:37.424164,cancellation
0,POL-161571,2024-08-12 14:13:38.395523,renewal
0,POL-007359,2024-08-12 15:00:50.243698,purchase
0,POL-540160,2024-08-12 15:50:35.669874,claim
0,POL-182070,2024-08-12 16:23:50.725281,renewal
0,POL-007337,2024-08-12 17:09:01.412454,cancellation
0,POL-837033,2024-08-12 19:04:52.150508,claim
0,POL-016004,2024-08-12 20:26:29.334915,purchase
0,POL-244130,2024-08-12 21:09:23.933951,cancellation
0,POL-129902,2024-08-12 21:14:13.891508,cancellation
0,POL-803134,2024-08-12 22:02:29.538518,renewal
0,POL-531966,2024-08-12 22:30:50.642544,purchase
0,POL-966822,2024-08-12 22:36:30.834106,claim
0,POL-130592,2024-08-13 00:50:59.799704,renewal
0,POL-423392,2024-08-13 01:57:13.674605,purchase
0,POL-711030,2024-08-13 05:32:15.864470,cancellation
0,POL-861976,2024-08-13 07:10:06.113874,claim
0,POL-108796,2024-08-13 07:10:26.368363,purchase
0,POL-683615,2024-08-13 07:59:55.787624,cancellation
0,POL-993548,2024-08-13 09:58:35.267210,renewal
0,POL-117066,2024-08-13 10:10:48.260015,claim
0,POL-529850,2024-08-13 10:17:03.551741,cancellation
0,POL-214029,2024-08-13 10:24:18.171731,purchase
0,POL-314105,2024-08-13 11:30:22.417399,purchase
0,POL-484764,2024-08-13 12:49:19.921216,cancellation
0,POL-037612,2024-08-13 13:44:49.299054,renewal
0,POL-731935,2024-08-13 14:20:28.602556,claim
0,POL-708337,2024-08-13 17:56:26.847856,renewal
0,POL-628831,2024-08-13 18:11:54.776883,purchase
0,POL-376222,2024-08-13 19:57:38.849946,renewal
0,POL-030303,2024-08-13 20:23:15.604851,purchase
0,POL-074833,2024-08-13 20:36:39.365020,renewal
0,POL-133663,2024-08-13 21:05:34.796914,cancellation
0,POL-084468,2024-08-13 21:10:18.346300,purchase
0,POL-146190,2024-08-13 23:39:23.768218,claim
0,POL-040859,2024-08-14 00:15:20.706240,purchase
0,POL-752844,2024-08-14 00:42:44.033674,purchase
0,POL-744866,2024-08-14 02:38:40.061121,claim
0,POL-523440,2024-08-14 04:06:54.983047,cancellation
0,POL-809096,2024-08-14 04:22:05.642738,claim
0,POL-329838,2024-08-14 05:31:13.058197,cancellation
0,POL-950286,2024-08-14 06:01:56.847557,cancellation
0,POL-745661,2024-08-14 07:22:02.521190,cancellation
0,POL-053406,2024-08-14 07:32:43.109550,claim
0,POL-443574,2024-08-14 07:52:09.443241,cancellation
0,POL-842306,2024-08-14 08:26:01.945195,renewal
0,POL-518580,2024-08-14 10:32:35.851326,purchase
0,POL-161684,2024-08-14 10:54:27.684131,claim
0,POL-412984,2024-08-14 12:57:22.133161,renewal
0,POL-293035,2024-08-14 12:59:17.400162,renewal
0,POL-829274,2024-08-14 13:30:03.749835,cancellation
0,POL-340547,2024-08-14 13:38:21.561583,claim
0,POL-884230,2024-08-14 13:40:52.724216,purchase
0,POL-214331,2024-08-14 15:18:10.890281,cancellation
0,POL-074476,2024-08-14 15:52:39.869726,purchase
0,POL-173209,2024-08-14 15:54:32.115446,renewal
0,POL-830304,2024-08-14 17:17:34.512264,purchase
0,POL-707664,2024-08-14 17:20:05.281519,cancellation
0,POL-523792,2024-08-14 18:42:51.720925,cancellation
0,POL-563009,2024-08-14 19:06:35.265868,claim
0,POL-769580,2024-08-14 19:52:28.588427,renewal
0,POL-452069,2024-08-14 20:20:44.590927,purchase
0,POL-077056,2024-08-14 20:50:13.172660,purchase
0,POL-377523,2024-08-14 22:26:41.291893,renewal
0,POL-620643,2024-08-14 22:38:56.251246,renewal
0,POL-551480,2024-08-15 00:45:48.988464,purchase
0,POL-427643,2024-08-15 01:54:09.380538,claim
0,POL-506020,2024-08-15 02:11:37.394853,purchase
0,806047,2024-08-15 04:15:14.048728,cancellation
0,POL-514339,2024-08-15 06:42:50.609716,cancellation
0,POL-377523,2024-08-15 09:39:50.754239,cancellation
0,POL-192821,2024-08-15 09:40:22.972791,purchase
0,POL-750558,2024-08-15 10:28:15.015165,cancellation
0,POL-210881,2024-08-15 11:16:38.034518,purchase
0,POL-217322,2024-08-15 13:41:08.533955,claim
0,POL-066219,2024-08-15 14:44:14.461329,renewal
0,POL-887424,2024-08-15 16:51:05.815282,cancellation
0,POL-386411,2024-08-15 18:19:06.452138,renewal
0,POL-036853,2024-08-15 20:52:51.837392,renewal
0,POL-263511,2024-08-15 22:23:00.665427,claim
0,POL-254503,2024-08-16 03:34:19.277146,cancellation
0,POL-005805,2024-08-16 04:03:14.823812,purchase
0,POL-601463,2024-08-16 05:07:12.463657,claim
0,POL-967821,2024-08-16 06:58:27.254167,claim
0,POL-457590,2024-08-16 07:20:34.013539,claim
0,POL-527044,2024-08-16 07:50:46.377383,renewal
0,POL-521624,2024-08-16 12:19:24.315846,renewal
0,POL-036853,2024-08-16 12:21:52.683085,claim
0,POL-922287,2024-08-16 12:47:23.897287,cancellation
0,POL-279072,2024-08-16 12:55:32.259201,claim
0,POL-913034,2024-08-16 12:58:22.915411,cancellation
0,POL-452421,2024-08-16 13:00:36.224149,cancellation
0,POL-365879,2024-08-16 13:59:34.676557,cancellation
0,POL-441424,2024-08-16 15:01:48.325016,purchase
0,POL-978209,2024-08-16 15:26:02.407959,claim
0,POL-850061,2024-08-16 15:34:45.782614,claim
0,POL-867407,2024-08-16 16:07:16.249732,purchase
0,POL-501770,2024-08-16 18:18:02.390406,claim
0,POL-141474,2024-08-16 18:24:12.142280,renewal
0,POL-769192,2024-08-16 19:27:17.057728,claim
0,POL-460428,2024-08-16 20:21:18.435940,purchase
0,POL-163414,2024-08-16 20:21:44.160306,purchase
0,POL-534437,2024-08-16 21:04:37.762825,cancellation
0,POL-346531,2024-08-16 21:16:34.968800,renewal
0,POL-903176,2024-08-16 21:23:37.987486,renewal
0,POL-655161,2024-08-16 21:24:14.945074,cancellation
0,POL-205689,2024-08-16 22:08:03.393544,cancellation
0,POL-277957,2024-08-17 00:05:58.048868,cancellation
0,POL-292414,2024-08-17 00:39:07.389965,claim
0,POL-743497,2024-08-17 00:59:37.408191,cancellation
0,POL-707138,2024-08-17 02:04:39.288552,renewal
0,POL-959634,2024-08-17 02:45:29.569528,renewal
0,POL-455814,2024-08-17 04:04:37.321856,purchase
0,POL-051633,2024-08-17 04:29:54.635182,claim
0,POL-843817,2024-08-17 06:29:50.653541,cancellation
0,POL-249650,2024-08-17 06:41:42.449768,claim
0,POL-943962,2024-08-17 08:10:19.153586,claim
0,POL-579479,2024-08-17 10:17:11.949748,cancellation
0,POL-833019,2024-08-17 11:28:21.878676,claim
0,POL-586292,2024-08-17 12:46:22.540272,renewal
0,364454,2024-08-17 13:19:54.364116,claim
0,POL-027576,2024-08-17 13:48:31.286340,renewal
0,POL-715962,2024-08-17 15:00:14.082252,renewal
0,POL-884719,2024-08-17 16:59:00.543991,purchase
0,POL-628831,2024-08-17 17:33:04.505155,claim
0,POL-026971,2024-08-17 18:45:37.071273,claim
0,POL-897509,2024-08-17 18:55:26.785022,renewal
0,POL-442512,2024-08-17 18:56:13.349388,cancellation
0,POL-384588,2024-08-17 19:35:03.044977,cancellation
0,POL-220402,2024-08-17 19:46:38.513907,cancellation
0,POL-633561,2024-08-17 20:53:21.887351,cancellation
0,POL-060058,2024-08-17 20:58:36.089477,claim
0,POL-475790,2024-08-17 21:03:20.047309,purchase
0,POL-427750,2024-08-17 21:31:49.421648,claim
0,POL-070852,2024-08-17 22:03:53.745867,renewal
0,POL-350440,2024-08-17 23:17:15.073626,renewal
0,POL-521357,2024-08-18 01:09:06.871503,renewal
0,POL-995556,2024-08-18 01:24:45.137250,purchase
0,POL-090446,2024-08-18 01:52:32.488462,purchase
0,POL-279119,2024-08-18 02:31:29.015459,cancellation
0,POL-488618,2024-08-18 03:51:07.376375,renewal
0,POL-962230,2024-08-18 06:15:20.626086,cancellation
0,POL-046953,2024-08-18 06:58:08.666730,renewal
0,POL-977695,2024-08-18 08:06:20.151695,cancellation
0,POL-928499,2024-08-18 08:35:22.240653,renewal
0,POL-429370,2024-08-18 08:44:12.872982,claim
0,POL-833094,2024-08-18 09:56:17.212370,renewal
0,POL-830304,2024-08-18 10:24:40.378822,purchase
0,POL-925647,2024-08-18 10:58:14.531620,renewal
0,POL-338237,2024-08-18 11:29:39.744110,renewal
0,POL-413034,2024-08-18 12:23:46.332921,cancellation
0,POL-442869,2024-08-18 12:28:42.831909,cancellation
0,POL-237530,2024-08-18 13:17:11.054984,claim
0,POL-583790,2024-08-18 13:18:38.476597,claim
0,POL-999832,2024-08-18 15:25:57.065490,renewal
0,POL-532690,2024-08-18 15:38:13.939100,renewal
0,POL-125936,2024-08-18 17:19:48.108536,cancellation
0,POL-403175,2024-08-18 17:37:54.057048,cancellation
0,POL-802660,2024-08-18 17:42:50.796740,cancellation
0,POL-856318,2024-08-18 18:03:43.647183,renewal
0,POL-283196,2024-08-18 18:29:46.002045,renewal
0,POL-030965,2024-08-18 18:37:37.971822,claim
0,POL-839167,2024-08-18 19:24:50.118689,cancellation
0,POL-116577,2024-08-18 20:02:40.260409,claim
0,POL-544033,2024-08-18 20:45:56.404913,claim
0,POL-055197,2024-08-18 21:10:07.945640,claim
0,POL-256647,2024-08-18 22:19:51.923926,cancellation
0,POL-571844,2024-08-18 23:32:03.970365,purchase
0,POL-744676,2024-08-19 02:57:05.370680,renewal
0,POL-976019,2024-08-19 04:34:47.411391,cancellation
0,POL-835551,2024-08-19 07:30:37.544649,cancellation
0,POL-620643,2024-08-19 07:37:16.945451,cancellation
0,POL-193890,2024-08-19 08:32:07.455173,purchase
0,POL-364343,2024-08-19 09:11:55.433729,purchase
0,POL-408256,2024-08-19 09:14:31.912676,renewal
0,POL-283436,2024-08-19 11:49:59.239055,claim
0,POL-386411,2024-08-19 14:01:15.930205,purchase
0,POL-045999,2024-08-19 14:32:58.386605,purchase
0,POL-904979,2024-08-19 15:44:57.317594,purchase
0,POL-259548,2024-08-19 17:03:54.023592,claim
0,POL-694126,2024-08-19 17:11:38.877743,cancellation
0,POL-777125,2024-08-19 18:11:59.618911,renewal
0,POL-189292,2024-08-19 18:32:22.357670,renewal
0,POL-992354,2024-08-19 19:35:41.340133,renewal
0,POL-901557,2024-08-19 20:28:44.093419,renewal
0,POL-332112,2024-08-19 21:28:45.221005,renewal
0,POL-560462,2024-08-19 23:19:01.761857,cancellation
0,POL-661643,2024-08-19 23:22:50.396948,cancellation
0,488685,2024-08-20 00:17:02.594075,claim
0,POL-278713,2024-08-20 00:27:20.144400,purchase
0,POL-921895,2024-08-20 00:51:04.887587,cancellation
0,POL-850668,2024-08-20 02:23:16.156088,cancellation
0,POL-150006,2024-08-20 04:36:40.899647,purchase
0,POL-912345,2024-08-20 06:33:22.750726,renewal
0,POL-610901,2024-08-20 07:10:57.860181,renewal
0,POL-817294,2024-08-20 07:46:22.627709,renewal
0,POL-013726,2024-08-20 07:57:04.183927,cancellation
0,POL-827919,2024-08-20 09:25:26.538936,renewal
0,POL-776166,2024-08-20 09:39:47.165563,claim
0,POL-575808,2024-08-20 10:01:52.436197,cancellation
0,POL-441939,2024-08-20 14:52:47.332088,claim
0,POL-999772,2024-08-20 15:22:50.004190,claim
0,POL-350154,2024-08-20 16:02:42.014360,cancellation
0,POL-974424,2024-08-20 16:31:15.802196,purchase
0,POL-856537,2024-08-20 16:36:50.405916,cancellation
0,POL-296036,2024-08-20 16:40:59.802253,renewal
0,POL-838611,2024-08-20 16:49:20.262965,renewal
0,POL-327770,2024-08-20 17:50:05.135549,cancellation
0,POL-573226,2024-08-20 18:23:46.993525,claim
0,POL-270548,2024-08-20 18:27:28.517237,claim
0,POL-514238,2024-08-20 18:38:17.602593,renewal
0,POL-373518,2024-08-20 20:24:25.732230,renewal
0,POL-026530,2024-08-20 20:53:33.208272,cancellation
0,POL-633561,2024-08-20 21:35:30.419161,claim
0,POL-534552,2024-08-20 23:22:25.957539,claim
0,POL-858851,2024-08-21 00:50:50.176554,cancellation
0,POL-347208,2024-08-21 01:06:26.931177,cancellation
0,POL-864907,2024-08-21 02:13:48.183566,purchase
0,POL-150387,2024-08-21 02:33:10.669562,claim
0,POL-353434,2024-08-21 02:57:56.340019,purchase
0,POL-043862,2024-08-21 03:49:58.970174,purchase
0,POL-309443,2024-08-21 03:54:29.511735,renewal
0,POL-351733,2024-08-21 05:21:07.247369,claim
0,POL-469034,2024-08-21 05:30:40.311316,purchase
0,POL-813820,2024-08-21 07:07:23.940881,cancellation
0,POL-680241,2024-08-21 07:55:45.051936,renewal
0,POL-341722,2024-08-21 09:41:00.959559,renewal
0,POL-374594,2024-08-21 10:07:38.906545,renewal
0,POL-171922,2024-08-21 10:29:31.469655,purchase
0,POL-651779,2024-08-21 10:59:07.321424,purchase
0,POL-767033,2024-08-21 11:27:36.351198,claim
0,POL-351789,2024-08-21 11:40:27.167486,claim
0,POL-543817,2024-08-21 12:02:08.017572,renewal
0,POL-828545,2024-08-21 13:04:05.564837,renewal
0,POL-679862,2024-08-21 13:36:17.722465,renewal
0,POL-305219,2024-08-21 16:59:10.073490,claim
0,POL-143722,2024-08-21 17:15:40.567733,cancellation
0,POL-198309,2024-08-21 19:48:39.111685,purchase
0,POL-164298,2024-08-21 23:15:50.280085,claim
0,POL-933942,2024-08-21 23:43:41.102878,claim
0,POL-113508,2024-08-22 00:15:44.697174,renewal
0,POL-057874,2024-08-22 01:34:26.196528,claim
0,713422,2024-08-22 01:41:12.228628,purchase
0,POL-174961,2024-08-22 03:11:23.993492,purchase
0,POL-571437,2024-08-22 07:07:12.213000,renewal
0,POL-537915,2024-08-22 08:37:52.147420,renewal
0,POL-360760,2024-08-22 09:43:03.500340,purchase
0,POL-498841,2024-08-22 10:00:43.792974,claim
0,POL-003211,2024-08-22 10:29:17.102903,cancellation
0,POL-009997,2024-08-22 10:47:22.842220,purchase
0,POL-181669,2024-08-22 11:36:09.311421,renewal
0,POL-817219,2024-08-22 12:39:00.983114,purchase
0,POL-806937,2024-08-22 12:43:44.186402,renewal
0,POL-449822,2024-08-22 13:07:22.893311,claim
0,POL-116676,2024-08-22 14:10:41.852986,claim
0,POL-154007,2024-08-22 14:46:50.617466,cancellation
0,POL-905340,2024-08-22 15:35:14.359637,purchase
0,POL-364603,2024-08-22 17:36:22.958978,claim
0,POL-293099,2024-08-22 18:11:50.441452,purchase
0,POL-852505,2024-08-22 20:41:48.017494,cancellation
0,POL-252253,2024-08-22 21:31:42.441711,renewal
0,POL-083296,2024-08-22 22:57:04.695897,renewal
0,POL-974107,2024-08-22 23:25:47.976254,claim
0,POL-997918,2024-08-22 23:29:22.666485,cancellation
0,POL-768214,2024-08-22 23:42:41.291238,renewal
0,POL-892851,2024-08-23 00:18:23.044508,claim
0,POL-962542,2024-08-23 01:27:54.861079,claim
0,POL-864782,2024-08-23 02:18:11.948670,claim
0,POL-246944,2024-08-23 03:03:11.233438,cancellation
0,POL-253593,2024-08-23 03:21:37.354186,claim
0,POL-912345,2024-08-23 03:25:45.834752,purchase
0,POL-499327,2024-08-23 03:31:48.451146,cancellation
0,POL-769290,2024-08-23 08:54:45.758303,cancellation
0,POL-721128,2024-08-23 09:07:06.351962,claim
0,POL-859144,2024-08-23 10:27:04.688197,renewal
0,099346,2024-08-23 10:29:32.720920,cancellation
0,POL-677364,2024-08-23 10:39:21.680528,cancellation
0,POL-095647,2024-08-23 11:53:07.407694,cancellation
0,POL-555463,2024-08-23 13:48:56.810393,renewal
0,POL-096356,2024-08-23 14:44:55.724301,cancellation
0,POL-441362,2024-08-23 16:13:51.469207,cancellation
0,POL-132612,2024-08-23 16:41:25.959723,renewal
0,POL-579518,2024-08-23 16:41:57.478972,renewal
0,POL-840037,2024-08-23 19:34:34.392426,claim
0,POL-761156,2024-08-23 20:43:50.356922,cancellation
0,POL-613142,2024-08-23 21:08:53.512475,cancellation
0,POL-423890,2024-08-23 21:28:33.367288,purchase
0,POL-723072,2024-08-23 21:33:57.116129,claim
0,POL-154555,2024-08-23 22:29:42.695695,renewal
0,POL-625710,2024-08-24 03:22:00.008483,cancellation
0,POL-804253,2024-08-24 04:09:25.806714,renewal
0,POL-359951,2024-08-24 06:46:02.231047,claim
0,POL-723139,2024-08-24 07:30:02.973677,claim
0,POL-919160,2024-08-24 10:51:16.992051,claim
0,POL-832045,2024-08-24 11:49:09.158163,renewal
0,POL-060703,2024-08-24 12:17:45.545276,claim
0,POL-165290,2024-08-24 13:18:41.597590,purchase
0,POL-479282,2024-08-24 13:36:48.810940,purchase
0,POL-226715,2024-08-24 15:44:12.815261,renewal
0,POL-793913,2024-08-24 16:46:47.201526,purchase
0,POL-039639,2024-08-24 17:57:32.749319,cancellation
0,POL-218638,2024-08-24 18:06:43.170294,claim
0,POL-201835,2024-08-24 19:12:18.572875,cancellation
0,POL-403284,2024-08-24 19:33:08.841118,renewal
0,141709,2024-08-24 20:18:31.847700,cancellation
0,POL-986409,2024-08-24 21:57:29.262122,purchase
0,POL-862145,2024-08-24 22:25:50.033368,purchase
0,POL-420739,2024-08-24 23:18:38.583441,purchase
0,POL-614273,2024-08-25 02:43:18.525390,renewal
0,POL-200004,2024-08-25 02:45:12.912363,cancellation
0,POL-928513,2024-08-25 03:45:15.643255,purchase
0,POL-209487,2024-08-25 04:00:55.044840,claim
0,POL-308916,2024-08-25 04:33:28.535151,claim
0,POL-754736,2024-08-25 06:26:22.567294,cancellation
0,POL-608234,2024-08-25 07:01:33.094626,claim
0,POL-141111,2024-08-25 09:08:49.113504,cancellation
0,POL-852737,2024-08-25 10:11:45.327693,purchase
0,POL-526679,2024-08-25 10:47:25.971999,purchase
0,POL-269887,2024-08-25 10:56:55.324860,cancellation
0,POL-163414,2024-08-25 11:26:28.800894,claim
0,POL-293131,2024-08-25 11:41:24.760975,renewal
0,POL-975096,2024-08-25 12:01:06.324628,renewal
0,POL-082532,2024-08-25 12:12:25.697686,cancellation
0,POL-714754,2024-08-25 13:26:02.380921,cancellation
0,POL-715087,2024-08-25 15:45:46.041944,claim
0,POL-135418,2024-08-25 15:59:14.717138,renewal
0,POL-897624,2024-08-25 16:23:33.369545,claim
0,POL-880120,2024-08-25 19:35:13.826996,cancellation
0,POL-082860,2024-08-25 21:29:04.952888,renewal
0,POL-684874,2024-08-25 21:56:47.967285,claim
0,POL-085471,2024-08-25 22:35:40.184514,claim
0,POL-834075,2024-08-26 00:11:40.655008,claim
0,POL-574305,2024-08-26 01:30:43.984129,purchase
0,POL-852101,2024-08-26 02:31:12.185098,cancellation
0,POL-250918,2024-08-26 02:46:47.091953,cancellation
0,POL-781616,2024-08-26 04:34:20.863702,claim
0,POL-662242,2024-08-26 04:51:16.471822,claim
0,POL-085471,2024-08-26 05:36:19.426039,claim
0,POL-455043,2024-08-26 06:06:23.911188,claim
0,POL-957168,2024-08-26 07:10:24.162443,purchase
0,POL-985660,2024-08-26 07:56:08.125572,purchase
0,POL-377617,2024-08-26 09:23:28.249298,purchase
0,POL-186318,2024-08-26 10:16:05.812859,cancellation
0,POL-883134,2024-08-26 12:11:14.176481,claim
0,POL-977695,2024-08-26 12:24:21.181644,claim
0,POL-019872,2024-08-26 13:36:37.784100,renewal
0,POL-729222,2024-08-26 17:18:05.756916,claim
0,POL-579022,2024-08-26 20:05:51.614415,renewal
0,POL-661575,2024-08-26 21:20:33.530407,claim
0,POL-738432,2024-08-26 22:10:03.014905,purchase
0,POL-923720,2024-08-26 22:13:53.316989,purchase
0,POL-376184,2024-08-26 22:26:11.935740,cancellation
0,POL-026320,2024-08-26 23:42:09.120466,renewal
0,POL-196344,2024-08-27 02:43:49.882936,cancellation
0,POL-659033,2024-08-27 03:07:40.205241,renewal
0,POL-190355,2024-08-27 04:08:11.243880,purchase
0,POL-233649,2024-08-27 04:25:50.079007,purchase
0,POL-254260,2024-08-27 06:23:12.082082,purchase
0,POL-885418,2024-08-27 06:37:15.697890,cancellation
0,POL-856924,2024-08-27 06:45:55.482385,cancellation
0,POL-482487,2024-08-27 07:39:06.302686,claim
0,POL-833699,2024-08-27 13:52:24.446300,claim
0,POL-084773,2024-08-27 16:18:09.920969,cancellation
0,POL-723072,2024-08-27 17:59:09.312657,renewal
0,POL-113594,2024-08-27 18:35:51.550451,claim
0,POL-049725,2024-08-27 19:24:59.356056,cancellation
0,POL-856924,2024-08-27 19:28:38.819941,renewal
0,POL-519304,2024-08-27 19:37:39.068408,cancellation
0,POL-528027,2024-08-27 19:49:36.020743,purchase
0,POL-054663,2024-08-27 21:14:30.029207,claim
0,POL-293131,2024-08-27 21:46:42.258358,cancellation
0,POL-607041,2024-08-28 01:26:18.331225,purchase
0,POL-715332,2024-08-28 02:08:23.911888,claim
0,POL-591842,2024-08-28 02:37:40.809118,claim
0,POL-567104,2024-08-28 02:52:28.195079,renewal
0,POL-519304,2024-08-28 02:58:25.633570,claim
0,POL-616343,2024-08-28 04:37:13.086535,claim
0,POL-124086,2024-08-28 08:53:07.997915,renewal
0,POL-346531,2024-08-28 09:29:55.624958,cancellation
0,POL-133053,2024-08-28 15:10:55.029601,claim
0,POL-618273,2024-08-28 16:21:17.015646,purchase
0,POL-765043,2024-08-28 16:30:08.747883,cancellation
0,POL-460141,2024-08-28 17:50:32.666854,cancellation
0,POL-355093,2024-08-28 18:35:09.014532,purchase
0,POL-666549,2024-08-28 18:50:20.990354,cancellation
0,POL-795104,2024-08-29 02:46:00.666074,claim
0,POL-297239,2024-08-29 02:50:52.683365,cancellation
0,POL-332139,2024-08-29 02:58:38.207745,cancellation
0,POL-003940,2024-08-29 02:59:39.384214,claim
0,POL-230022,2024-08-29 04:07:38.400448,claim
0,POL-591842,2024-08-29 06:12:39.407020,renewal
0,POL-378689,2024-08-29 07:42:04.664835,purchase
0,POL-784115,2024-08-29 08:20:17.355878,claim
0,POL-379806,2024-08-29 11:28:06.656399,claim
0,POL-143200,2024-08-29 12:13:32.592525,renewal
0,POL-938604,2024-08-29 14:52:47.349952,cancellation
0,POL-551418,2024-08-29 15:34:48.178730,renewal
0,POL-733160,2024-08-29 15:39:16.476486,cancellation
0,POL-761883,2024-08-29 17:36:31.608923,claim
0,POL-923720,2024-08-29 20:07:42.322239,cancellation
0,POL-549561,2024-08-29 21:33:43.444245,purchase
0,POL-801136,2024-08-29 22:00:57.401966,cancellation
0,POL-272957,2024-08-29 23:27:05.769561,purchase
0,POL-318119,2024-08-30 01:28:41.144979,renewal
0,POL-660000,2024-08-30 01:41:43.017145,cancellation
0,POL-505412,2024-08-30 03:33:43.092847,claim
0,POL-528095,2024-08-30 03:46:35.715291,cancellation
0,POL-662242,2024-08-30 04:30:36.454093,renewal
0,POL-336552,2024-08-30 04:36:23.616375,claim
0,POL-646096,2024-08-30 06:34:54.975274,cancellation
0,POL-370829,2024-08-30 07:20:22.105033,renewal
0,POL-350440,2024-08-30 07:23:54.755330,claim
0,POL-174388,2024-08-30 07:28:47.522128,claim
0,POL-294256,2024-08-30 07:46:52.466434,renewal
0,POL-967896,2024-08-30 09:21:17.600712,cancellation
0,POL-398894,2024-08-30 09:21:21.997694,cancellation
0,POL-621860,2024-08-30 09:45:05.581036,renewal
0,POL-980035,2024-08-30 10:35:23.285564,claim
0,POL-173421,2024-08-30 10:47:21.807068,claim
0,POL-412766,2024-08-30 11:48:08.355145,renewal
0,POL-263402,2024-08-30 17:59:34.861968,purchase
0,POL-535500,2024-08-30 18:43:29.913985,cancellation
0,POL-586755,2024-08-30 19:26:02.511595,claim
0,POL-616323,2024-08-30 20:32:53.132294,purchase
0,POL-006322,2024-08-30 21:52:06.584056,renewal
0,POL-573652,2024-08-30 22:10:27.131267,purchase
0,POL-354097,2024-08-30 22:39:52.387429,purchase
0,POL-867669,2024-08-30 23:31:43.315506,renewal
0,POL-931320,2024-08-31 01:06:22.153221,purchase
0,POL-151096,2024-08-31 02:47:13.180330,purchase
0,POL-238591,2024-08-31 03:15:50.079954,renewal
0,POL-229965,2024-08-31 03:54:13.918071,claim
0,POL-171792,2024-08-31 04:39:10.127165,renewal
0,POL-164820,2024-08-31 05:23:35.758331,claim
0,POL-747576,2024-08-31 06:28:44.558732,claim
0,POL-551523,2024-08-31 08:47:39.562024,renewal
0,POL-499327,2024-08-31 09:45:09.092916,cancellation
0,POL-475790,2024-08-31 09:49:36.073399,cancellation
0,POL-951962,2024-08-31 11:11:17.584038,cancellation
0,POL-713082,2024-08-31 11:16:03.400478,claim
0,POL-621393,2024-08-31 12:03:29.740380,cancellation
0,POL-790081,2024-08-31 13:15:15.979446,purchase
0,POL-389073,2024-08-31 14:37:44.708843,purchase
0,POL-665546,2024-08-31 15:20:31.169614,cancellation
0,POL-232623,2024-08-31 15:35:15.209402,cancellation
0,POL-146796,2024-08-31 17:35:13.331142,cancellation
0,POL-704420,2024-08-31 19:07:13.452323,renewal
0,POL-304954,2024-08-31 19:10:41.179208,claim
0,POL-742813,2024-08-31 22:12:33.811853,claim
0,POL-778469,2024-08-31 23:28:37.589374,claim
0,POL-038115,2024-09-01 00:12:34.101558,purchase
0,POL-488244,2024-09-01 00:31:31.696742,claim
0,POL-829208,2024-09-01 01:24:04.689526,purchase
0,POL-294431,2024-09-01 03:17:26.135098,claim
0,POL-804279,2024-09-01 05:16:50.629303,renewal
0,POL-468903,2024-09-01 06:50:02.715142,renewal
0,POL-681573,2024-09-01 07:16:29.974262,renewal
0,POL-748291,2024-09-01 07:18:37.343151,claim
0,POL-754543,2024-09-01 07:45:01.875072,claim
0,POL-805848,2024-09-01 08:17:22.365897,purchase
0,POL-036035,2024-09-01 09:21:08.155727,purchase
0,POL-701877,2024-09-01 10:38:28.270062,renewal
0,POL-289505,2024-09-01 11:20:30.087025,renewal
0,POL-696603,2024-09-01 11:34:26.022259,renewal
0,POL-356997,2024-09-01 11:58:56.867934,renewal
0,POL-727741,2024-09-01 14:04:21.875210,purchase
0,POL-477031,2024-09-01 16:21:00.164804,purchase
0,POL-242321,2024-09-01 16:56:33.419102,renewal
0,POL-997859,2024-09-01 19:19:36.087617,purchase
0,POL-879094,2024-09-01 20:05:52.949490,claim
0,POL-178590,2024-09-01 20:13:47.485828,cancellation
0,POL-625376,2024-09-01 21:26:38.490593,purchase
0,POL-152994,2024-09-01 22:43:01.840013,cancellation
0,POL-675431,2024-09-01 22:55:08.452539,cancellation
0,POL-964215,2024-09-02 00:28:54.169652,cancellation
0,POL-108724,2024-09-02 00:33:05.150636,cancellation
0,POL-188521,2024-09-02 01:50:55.084759,purchase
0,POL-726961,2024-09-02 02:06:30.368942,renewal
0,POL-446324,2024-09-02 02:39:18.162967,cancellation
0,POL-881379,2024-09-02 02:41:13.066231,renewal
0,POL-409855,2024-09-02 04:02:31.744898,purchase
0,POL-890710,2024-09-02 04:58:13.737022,claim
0,POL-882744,2024-09-02 05:32:46.416745,claim
0,POL-091448,2024-09-02 06:44:41.090093,claim
0,POL-509752,2024-09-02 08:30:27.032808,purchase
0,POL-941828,2024-09-02 12:22:54.337736,cancellation
0,POL-159084,2024-09-02 12:52:46.378663,renewal
0,POL-949943,2024-09-02 14:15:28.419252,purchase
0,POL-192602,2024-09-02 14:28:35.919384,purchase
0,POL-503627,2024-09-02 14:35:56.144094,renewal
0,POL-208119,2024-09-02 18:22:14.679627,purchase
0,POL-630392,2024-09-02 19:07:21.965175,purchase
0,POL-907864,2024-09-02 23:00:03.565476,purchase
0,POL-578823,2024-09-02 23:24:17.320097,cancellation
0,POL-657142,2024-09-03 00:06:23.404661,claim
0,POL-619489,2024-09-03 02:19:49.393586,claim
0,POL-505592,2024-09-03 02:45:35.981513,claim
0,POL-546225,2024-09-03 02:56:53.580451,claim
0,POL-539794,2024-09-03 03:46:27.316475,purchase
0,POL-829544,2024-09-03 04:38:48.209900,cancellation
0,POL-518773,2024-09-03 05:02:29.986076,claim
0,POL-228693,2024-09-03 06:06:40.750254,purchase
0,POL-716374,2024-09-03 08:46:13.821453,cancellation
0,POL-888655,2024-09-03 12:37:45.068331,renewal
0,POL-958727,2024-09-03 12:52:20.950379,cancellation
0,POL-245188,2024-09-03 13:20:40.150469,renewal
0,POL-089694,2024-09-03 13:55:33.993619,claim
0,POL-015463,2024-09-03 14:51:52.151366,renewal
0,POL-881001,2024-09-03 14:53:37.136408,claim
0,POL-423392,2024-09-03 15:25:55.501841,purchase
0,POL-040859,2024-09-03 19:10:34.066358,claim
0,POL-321399,2024-09-03 19:46:06.987425,cancellation
0,POL-255088,2024-09-03 20:04:19.968444,cancellation
0,POL-008793,2024-09-03 20:42:00.221893,cancellation
0,POL-253593,2024-09-03 21:26:09.227806,claim
0,POL-124869,2024-09-03 21:29:47.795648,claim
0,POL-095614,2024-09-03 21:53:13.194709,purchase
0,POL-310684,2024-09-03 22:00:01.868206,claim
0,POL-479282,2024-09-03 23:22:57.343647,renewal
0,POL-177857,2024-09-03 23:31:06.660703,renewal
0,POL-586292,2024-09-03 23:32:12.379120,renewal
0,POL-132456,2024-09-04 00:23:37.318428,purchase
0,POL-572281,2024-09-04 02:40:05.225505,claim
0,POL-162596,2024-09-04 04:37:26.805446,purchase
0,POL-822481,2024-09-04 05:56:57.246974,renewal
0,POL-203652,2024-09-04 06:39:52.535570,claim
0,POL-659579,2024-09-04 07:32:52.313601,renewal
0,POL-038115,2024-09-04 12:06:59.782261,renewal
0,POL-011496,2024-09-04 14:36:22.834876,renewal
0,POL-586292,2024-09-04 17:44:50.052213,purchase
0,POL-332139,2024-09-04 18:14:40.599077,renewal
0,POL-360853,2024-09-04 18:18:49.624297,renewal
0,POL-504921,2024-09-04 18:25:22.399841,renewal
0,POL-618003,2024-09-04 19:16:36.391725,renewal
0,POL-370829,2024-09-04 19:16:59.038027,claim
0,POL-730137,2024-09-04 21:48:41.048920,purchase
0,POL-478653,2024-09-04 22:16:31.105070,purchase
0,POL-750512,2024-09-05 00:12:16.153446,renewal
0,POL-649446,2024-09-05 00:12:36.224214,purchase
0,POL-846858,2024-09-05 00:17:49.813424,renewal
0,POL-382168,2024-09-05 01:54:23.367338,renewal
0,POL-202945,2024-09-05 02:40:53.576485,renewal
0,POL-483811,2024-09-05 04:41:36.729187,cancellation
0,POL-032131,2024-09-05 05:00:56.779938,purchase
0,POL-464463,2024-09-05 05:09:02.327613,purchase
0,POL-472796,2024-09-05 05:49:19.193509,purchase
0,POL-534411,2024-09-05 07:00:22.069667,claim
0,POL-397797,2024-09-05 07:16:19.126143,claim
0,POL-950619,2024-09-05 07:35:45.749224,purchase
0,POL-558405,2024-09-05 09:05:30.422978,purchase
0,020602,2024-09-05 10:28:15.413368,purchase
0,595054,2024-09-05 10:57:05.404910,cancellation
0,POL-807692,2024-09-05 10:57:46.194949,claim
0,POL-886626,2024-09-05 12:40:19.308081,cancellation
0,POL-840427,2024-09-05 15:44:44.306973,cancellation
0,POL-414243,2024-09-05 16:30:18.514514,purchase
0,POL-186141,2024-09-05 16:40:12.011376,cancellation
0,POL-390528,2024-09-05 17:20:12.031583,claim
0,POL-508293,2024-09-05 17:23:30.262085,claim
0,POL-496732,2024-09-05 22:27:16.370886,purchase
0,POL-416213,2024-09-05 22:32:27.221155,cancellation
0,POL-053310,2024-09-05 22:59:31.477028,claim
0,POL-152843,2024-09-05 23:10:06.544106,purchase
0,POL-415067,2024-09-05 23:34:42.221334,claim
0,POL-531966,2024-09-05 23:40:34.613898,renewal
0,POL-445712,2024-09-06 00:05:20.533422,purchase
0,POL-822460,2024-09-06 00:16:35.715356,renewal
0,POL-006322,2024-09-06 01:27:44.727099,renewal
0,POL-677364,2024-09-06 01:47:29.126610,renewal
0,POL-369743,2024-09-06 02:21:43.716448,renewal
0,POL-713618,2024-09-06 05:10:07.458026,cancellation
0,POL-292013,2024-09-06 05:35:21.417348,cancellation
0,POL-146440,2024-09-06 05:40:12.879089,purchase
0,POL-112667,2024-09-06 10:41:06.555517,cancellation
0,POL-857193,2024-09-06 11:25:58.149504,claim
0,POL-782654,2024-09-06 12:13:30.988919,renewal
0,POL-040546,2024-09-06 12:50:59.389155,purchase
0,POL-292446,2024-09-06 15:12:13.745961,claim
0,POL-171695,2024-09-06 16:21:53.440435,renewal
0,POL-351852,2024-09-06 16:49:48.507451,renewal
0,POL-115947,2024-09-06 21:50:16.259515,purchase
0,POL-925469,2024-09-06 22:56:42.409986,claim
0,POL-009339,2024-09-06 23:02:31.350889,cancellation
0,POL-267035,2024-09-06 23:21:21.347923,purchase
0,POL-238661,2024-09-07 03:23:34.822166,cancellation
0,POL-822394,2024-09-07 03:47:11.923572,renewal
0,POL-142321,2024-09-07 05:23:54.214900,purchase
0,POL-131579,2024-09-07 05:47:13.918756,purchase
0,POL-907317,2024-09-07 06:44:24.857379,cancellation
0,POL-368303,2024-09-07 08:54:11.916565,purchase
0,POL-456032,2024-09-07 09:58:07.906441,claim
0,POL-230507,2024-09-07 10:08:58.292363,purchase
0,POL-574040,2024-09-07 11:46:41.168746,cancellation
0,POL-257252,2024-09-07 13:14:15.365529,claim
0,POL-809562,2024-09-07 13:19:48.459182,claim
0,POL-948001,2024-09-07 16:15:13.866544,renewal
0,POL-279119,2024-09-07 17:03:23.323148,renewal
0,POL-310140,2024-09-07 17:25:18.034600,purchase
0,POL-177465,2024-09-07 18:09:46.006453,claim
0,POL-580608,2024-09-07 19:05:52.496682,cancellation
0,POL-516618,2024-09-07 19:11:40.029770,renewal
0,POL-327770,2024-09-07 19:52:55.414198,renewal
0,POL-889088,2024-09-07 19:55:24.342246,purchase
0,POL-256658,2024-09-07 19:56:52.018451,cancellation
0,POL-305596,2024-09-07 20:49:19.236163,cancellation
0,POL-289623,2024-09-07 22:15:15.789522,purchase
0,POL-660663,2024-09-07 23:22:22.541825,renewal
0,POL-800298,2024-09-07 23:27:49.921352,claim
0,POL-431285,2024-09-07 23:44:39.109998,claim
0,POL-039829,2024-09-07 23:50:00.029711,renewal
0,POL-991318,2024-09-08 00:46:58.390882,cancellation
0,POL-909202,2024-09-08 02:01:59.176762,claim
0,POL-685760,2024-09-08 03:10:00.379825,renewal
0,POL-740862,2024-09-08 05:26:48.019309,purchase
0,POL-862957,2024-09-08 05:47:45.020548,renewal
0,POL-394714,2024-09-08 07:05:33.873967,claim
0,POL-279848,2024-09-08 07:23:22.088570,renewal
0,POL-822460,2024-09-08 08:22:54.617268,cancellation
0,POL-696603,2024-09-08 09:20:11.885309,purchase
0,POL-961606,2024-09-08 09:32:41.080976,claim
0,POL-708612,2024-09-08 09:55:32.035187,purchase
0,POL-900571,2024-09-08 10:30:40.982100,cancellation
0,POL-111523,2024-09-08 11:00:08.193521,claim
0,POL-378743,2024-09-08 13:06:12.602294,cancellation
0,POL-651012,2024-09-08 13:24:11.637867,cancellation
0,POL-930278,2024-09-08 14:37:35.279419,renewal
0,POL-157665,2024-09-08 16:24:49.833506,renewal
0,POL-560608,2024-09-08 17:02:10.870507,cancellation
0,POL-903704,2024-09-08 18:43:26.855731,cancellation
0,POL-062040,2024-09-08 20:11:41.683329,renewal
0,POL-506981,2024-09-08 21:01:45.414941,purchase
0,POL-001876,2024-09-08 22:05:38.742044,claim
0,POL-059309,2024-09-09 00:12:08.218835,renewal
0,POL-008923,2024-09-09 00:54:17.268088,claim
0,POL-160948,2024-09-09 01:26:51.962829,purchase
0,POL-463366,2024-09-09 02:37:17.731467,renewal
0,POL-062040,2024-09-09 02:49:26.072287,cancellation
0,POL-590516,2024-09-09 04:06:26.812047,claim
0,POL-007004,2024-09-09 04:29:28.377479,cancellation
0,POL-638536,2024-09-09 04:36:44.681313,claim
0,POL-528965,2024-09-09 04:49:04.987676,purchase
0,POL-769871,2024-09-09 05:08:31.780810,cancellation
0,POL-062713,2024-09-09 07:03:51.238940,claim
0,POL-091207,2024-09-09 07:15:05.589460,purchase
0,POL-479119,2024-09-09 08:41:07.638008,cancellation
0,POL-366262,2024-09-09 09:01:37.324861,renewal
0,POL-901042,2024-09-09 10:09:45.136419,renewal
0,POL-056253,2024-09-09 11:10:28.153505,claim
0,POL-687566,2024-09-09 12:15:17.393036,cancellation
0,POL-551523,2024-09-09 13:09:34.042180,purchase
0,POL-759589,2024-09-09 13:14:56.744406,cancellation
0,POL-648397,2024-09-09 13:33:28.927461,renewal
0,POL-580740,2024-09-09 16:05:50.035324,cancellation
0,POL-203584,2024-09-09 16:22:21.135894,purchase
0,POL-240941,2024-09-09 17:24:19.012708,claim
0,POL-898304,2024-09-09 17:29:52.166070,purchase
0,POL-324768,2024-09-09 18:39:38.529966,purchase
0,POL-205746,2024-09-09 18:58:46.601818,renewal
0,POL-171273,2024-09-09 19:58:05.799757,claim
0,POL-183714,2024-09-09 20:51:13.014491,purchase
0,POL-147846,2024-09-09 20:58:26.580601,cancellation
0,POL-250347,2024-09-09 21:24:42.308627,renewal
0,POL-233649,2024-09-09 22:31:31.293010,cancellation
0,POL-586755,2024-09-09 23:15:21.455640,claim
0,POL-357830,2024-09-10 00:56:37.527440,renewal
0,POL-378980,2024-09-10 02:34:21.228281,renewal
0,POL-451655,2024-09-10 02:42:54.386321,purchase
0,POL-459317,2024-09-10 03:11:13.439479,renewal
0,POL-595252,2024-09-10 03:42:14.488536,purchase
0,POL-001349,2024-09-10 04:22:39.261231,claim
0,POL-259924,2024-09-10 05:24:30.480189,claim
0,POL-461270,2024-09-10 07:22:25.680401,cancellation
0,POL-248294,2024-09-10 07:39:58.469998,purchase
0,POL-072899,2024-09-10 08:25:05.167752,cancellation
0,POL-976019,2024-09-10 08:30:17.825023,claim
0,POL-187346,2024-09-10 09:00:08.640313,renewal
0,POL-729447,2024-09-10 09:20:09.734297,purchase
0,POL-441939,2024-09-10 10:36:58.908217,renewal
0,POL-068511,2024-09-10 10:46:21.082938,claim
0,POL-292839,2024-09-10 11:04:06.824349,purchase
0,POL-160459,2024-09-10 12:16:29.334653,purchase
0,POL-240171,2024-09-10 13:57:43.658086,cancellation
0,POL-710095,2024-09-10 14:20:36.995550,cancellation
0,POL-199112,2024-09-10 14:51:54.656043,claim
0,POL-165995,2024-09-10 16:46:52.419292,claim
0,POL-483797,2024-09-10 17:41:52.343174,purchase
0,POL-088921,2024-09-10 18:03:44.411420,renewal
0,POL-198309,2024-09-10 18:38:04.269387,cancellation
0,POL-056124,2024-09-10 22:31:36.415961,claim
0,POL-986348,2024-09-10 22:59:56.357681,purchase
0,POL-168951,2024-09-10 23:35:50.273600,claim
0,POL-619793,2024-09-11 01:13:51.830226,claim
0,POL-960879,2024-09-11 03:31:52.164665,purchase
0,POL-279390,2024-09-11 04:54:17.935274,renewal
0,POL-025674,2024-09-11 05:09:42.815604,claim
0,POL-804524,2024-09-11 05:41:57.363635,cancellation
0,POL-099513,2024-09-11 06:51:09.701698,purchase
0,POL-435370,2024-09-11 08:44:10.420913,claim
0,POL-250311,2024-09-11 10:08:45.176089,renewal
0,POL-891218,2024-09-11 11:04:14.892814,purchase
0,POL-171005,2024-09-11 14:28:30.532163,renewal
0,POL-779513,2024-09-11 16:59:43.218873,cancellation
0,POL-725628,2024-09-11 19:22:21.123605,claim
0,POL-380702,2024-09-11 20:04:05.268091,claim
0,POL-007346,2024-09-11 22:32:53.947412,renewal
0,POL-117937,2024-09-11 23:47:11.947304,claim
0,POL-509502,2024-09-12 00:55:15.644903,cancellation
0,POL-887647,2024-09-12 01:25:22.195678,purchase
0,POL-344499,2024-09-12 02:21:44.066669,purchase
0,POL-679862,2024-09-12 02:48:17.734699,claim
0,POL-420739,2024-09-12 09:20:15.985883,purchase
0,POL-617331,2024-09-12 09:45:13.498043,claim
0,POL-120700,2024-09-12 10:42:01.606637,renewal
0,POL-610406,2024-09-12 11:10:40.747139,cancellation
0,POL-098357,2024-09-12 13:34:26.608639,claim
0,POL-917456,2024-09-12 14:28:05.966567,purchase
0,POL-378980,2024-09-12 15:42:32.467945,cancellation
0,POL-737803,2024-09-12 16:55:11.146414,renewal
0,928414,2024-09-12 20:19:31.859287,renewal
0,POL-852101,2024-09-12 21:57:54.099439,claim
0,POL-451451,2024-09-12 22:46:32.043391,claim
0,POL-980084,2024-09-12 23:52:48.409004,cancellation
0,POL-890952,2024-09-12 23:57:24.742474,cancellation
0,POL-413034,2024-09-13 00:02:49.226750,renewal
0,POL-004068,2024-09-13 00:24:37.676933,claim
0,POL-140706,2024-09-13 00:25:57.656926,renewal
0,POL-161233,2024-09-13 00:34:32.290978,claim
0,POL-761291,2024-09-13 00:37:18.204804,purchase
0,POL-983980,2024-09-13 00:55:08.778965,claim
0,POL-280852,2024-09-13 01:42:32.942481,claim
0,POL-491248,2024-09-13 02:21:59.754221,claim
0,POL-584172,2024-09-13 03:46:48.092343,purchase
0,POL-572458,2024-09-13 05:33:40.026329,claim
0,POL-632295,2024-09-13 06:34:08.533576,claim
0,POL-281185,2024-09-13 07:09:17.770833,cancellation
0,POL-198766,2024-09-13 07:23:39.112619,renewal
0,POL-724116,2024-09-13 08:59:21.668417,purchase
0,POL-583790,2024-09-13 13:54:33.219685,renewal
0,POL-644087,2024-09-13 13:56:46.879669,renewal
0,POL-364150,2024-09-13 17:43:13.095451,cancellation
0,POL-022529,2024-09-13 18:49:28.190604,purchase
0,POL-431285,2024-09-13 19:11:50.361325,claim
0,POL-857583,2024-09-13 19:56:08.392002,cancellation
0,POL-166597,2024-09-13 19:57:55.936550,cancellation
0,POL-831949,2024-09-13 21:08:10.536883,purchase
0,POL-589007,2024-09-14 01:07:00.930162,cancellation
0,POL-683350,2024-09-14 01:15:26.849472,claim
0,POL-679862,2024-09-14 01:46:52.969980,cancellation
0,POL-348144,2024-09-14 05:31:00.339881,renewal
0,POL-550006,2024-09-14 05:54:17.996891,renewal
0,POL-618273,2024-09-14 06:42:39.784238,cancellation
0,POL-272781,2024-09-14 10:06:12.116925,cancellation
0,POL-632152,2024-09-14 10:17:28.924619,claim
0,POL-841547,2024-09-14 11:17:18.541228,purchase
0,POL-344499,2024-09-14 12:41:44.480267,claim
0,POL-924871,2024-09-14 13:06:51.131439,purchase
0,POL-082389,2024-09-14 16:17:28.586675,purchase
0,POL-561002,2024-09-14 16:58:54.904592,purchase
0,POL-284634,2024-09-14 16:59:07.850761,purchase
0,POL-469941,2024-09-14 17:15:00.012733,renewal
0,POL-684812,2024-09-14 18:20:55.162848,purchase
0,POL-953956,2024-09-14 18:35:13.451532,claim
0,POL-841939,2024-09-14 19:13:58.902899,claim
0,POL-129389,2024-09-15 00:04:05.797893,renewal
0,POL-057863,2024-09-15 00:50:45.079161,renewal
0,POL-463030,2024-09-15 02:59:49.343649,cancellation
0,POL-025239,2024-09-15 04:29:46.489637,cancellation
0,POL-131654,2024-09-15 06:25:14.378808,renewal
0,POL-767618,2024-09-15 06:39:43.049861,claim
0,POL-663456,2024-09-15 08:01:33.874398,cancellation
0,POL-476301,2024-09-15 08:45:14.683692,claim
0,POL-316374,2024-09-15 10:10:31.543652,cancellation
0,POL-306149,2024-09-15 10:25:38.027658,cancellation
0,POL-177465,2024-09-15 10:47:23.324974,cancellation
0,POL-827693,2024-09-15 11:17:16.081435,renewal
0,POL-570660,2024-09-15 12:18:37.244941,purchase
0,POL-913034,2024-09-15 13:25:05.507552,purchase
0,POL-542316,2024-09-15 14:09:12.131483,purchase
0,POL-316523,2024-09-15 15:50:20.897671,renewal
0,POL-773698,2024-09-15 17:30:54.816452,claim
0,POL-145165,2024-09-15 18:53:40.946666,renewal
0,POL-300462,2024-09-15 19:05:32.548181,cancellation
0,POL-224991,2024-09-15 19:15:28.529692,cancellation
0,POL-243385,2024-09-15 22:37:11.598087,claim
0,POL-124537,2024-09-15 22:54:14.969252,claim
0,POL-540844,2024-09-15 23:23:37.580517,purchase
0,POL-572281,2024-09-15 23:24:56.570817,claim
0,POL-358322,2024-09-15 23:26:49.859492,cancellation
0,POL-606039,2024-09-16 00:49:27.249669,cancellation
0,POL-759589,2024-09-16 03:13:28.237420,cancellation
0,POL-859925,2024-09-16 03:48:28.052916,purchase
0,POL-120858,2024-09-16 06:08:28.352540,renewal
0,POL-694126,2024-09-16 07:16:24.551504,cancellation
0,POL-259991,2024-09-16 08:16:28.424249,cancellation
0,686544,2024-09-16 09:50:49.550812,claim
0,POL-105092,2024-09-16 12:26:04.221476,cancellation
0,POL-070686,2024-09-16 13:18:36.752193,purchase
0,POL-124869,2024-09-16 13:28:38.232190,cancellation
0,POL-671463,2024-09-16 13:44:17.999074,claim
0,POL-552821,2024-09-16 13:56:49.641107,purchase
0,POL-232746,2024-09-16 13:59:05.491203,purchase
0,POL-843784,2024-09-16 14:05:17.344022,purchase
0,POL-407197,2024-09-16 14:18:32.400405,renewal
0,POL-828029,2024-09-16 14:37:26.295811,cancellation
0,POL-479349,2024-09-16 14:52:58.459355,claim
0,POL-888277,2024-09-16 17:30:40.649942,cancellation
0,POL-895673,2024-09-16 18:29:17.872376,renewal
0,POL-734485,2024-09-16 18:48:15.718958,renewal
0,POL-659433,2024-09-16 19:00:30.592334,purchase
0,POL-002608,2024-09-16 19:18:43.298429,renewal
0,POL-764212,2024-09-16 20:16:43.225918,cancellation
0,POL-750512,2024-09-16 20:46:17.566990,claim
0,POL-357698,2024-09-16 22:18:59.826871,claim
0,POL-116872,2024-09-16 23:29:05.215269,claim
0,POL-153349,2024-09-16 23:59:33.357548,cancellation
0,POL-301621,2024-09-17 00:17:45.456510,purchase
0,POL-817032,2024-09-17 00:23:38.169247,claim
0,POL-432955,2024-09-17 00:26:36.920339,renewal
0,POL-904447,2024-09-17 00:50:11.143529,claim
0,POL-293940,2024-09-17 01:24:23.334636,renewal
0,POL-005235,2024-09-17 02:36:56.064527,cancellation
0,POL-593513,2024-09-17 04:12:57.219705,purchase
0,POL-591910,2024-09-17 04:16:16.939886,cancellation
0,POL-868796,2024-09-17 06:20:12.715537,purchase
0,POL-272692,2024-09-17 06:25:49.901675,purchase
0,POL-476397,2024-09-17 06:54:27.297486,renewal
0,POL-619411,2024-09-17 07:28:05.507665,renewal
0,POL-062713,2024-09-17 07:34:08.059086,renewal
0,POL-472221,2024-09-17 07:44:09.577306,purchase
0,POL-163414,2024-09-17 08:37:30.993508,claim
0,POL-532690,2024-09-17 08:51:41.223904,cancellation
0,POL-678212,2024-09-17 09:36:31.117708,purchase
0,POL-546225,2024-09-17 11:54:20.711852,renewal
0,POL-597843,2024-09-17 12:40:17.264568,renewal
0,POL-200072,2024-09-17 13:07:43.504038,purchase
0,POL-537915,2024-09-17 14:12:44.179932,purchase
0,POL-002758,2024-09-17 14:24:29.869842,purchase
0,POL-882744,2024-09-17 16:45:35.385074,cancellation
0,POL-814100,2024-09-17 16:53:51.841880,purchase
0,POL-651058,2024-09-17 20:27:59.838223,claim
0,POL-873799,2024-09-17 21:32:26.581208,cancellation
0,POL-173355,2024-09-17 21:38:40.796857,purchase
0,POL-779482,2024-09-17 22:45:16.131238,renewal
0,POL-505019,2024-09-17 23:51:26.388231,renewal
0,POL-726961,2024-09-18 00:31:18.634475,purchase
0,POL-043094,2024-09-18 01:15:49.913549,renewal
0,POL-416791,2024-09-18 02:26:24.578864,claim
0,POL-446727,2024-09-18 04:06:38.328588,claim
0,POL-671383,2024-09-18 07:34:42.494636,claim
0,POL-767033,2024-09-18 08:35:24.131207,purchase
0,POL-888062,2024-09-18 09:05:11.988894,claim
0,POL-934880,2024-09-18 11:05:57.780383,purchase
0,POL-616104,2024-09-18 11:18:53.525743,renewal
0,POL-351183,2024-09-18 13:23:20.142559,renewal
0,POL-455379,2024-09-18 15:39:52.168075,renewal
0,POL-237530,2024-09-18 17:13:38.618454,renewal
0,POL-978450,2024-09-18 19:08:36.145289,claim
0,POL-005805,2024-09-18 19:37:25.609072,cancellation
0,POL-429189,2024-09-18 20:44:47.749514,renewal
0,POL-555141,2024-09-18 21:10:46.376687,purchase
0,POL-073702,2024-09-18 21:25:20.818448,purchase
0,POL-843659,2024-09-18 21:32:46.241127,renewal
0,POL-283382,2024-09-18 23:43:26.993599,renewal
0,POL-110022,2024-09-18 23:58:57.065850,purchase
0,POL-563272,2024-09-19 01:52:22.040112,cancellation
0,POL-504348,2024-09-19 02:29:31.046051,claim
0,POL-976840,2024-09-19 02:50:29.848260,renewal
0,POL-135826,2024-09-19 02:56:47.722868,purchase
0,POL-580262,2024-09-19 03:42:23.867940,renewal
0,POL-378235,2024-09-19 03:51:49.711758,purchase
0,POL-616201,2024-09-19 04:11:55.433531,purchase
0,POL-174774,2024-09-19 04:34:56.143608,purchase
0,POL-945554,2024-09-19 05:11:48.887480,cancellation
0,POL-204673,2024-09-19 05:23:14.757626,cancellation
0,POL-380702,2024-09-19 06:03:17.311125,claim
0,POL-427152,2024-09-19 06:21:27.471239,claim
0,POL-586201,2024-09-19 06:45:46.899725,purchase
0,POL-322321,2024-09-19 06:49:56.139340,renewal
0,POL-205356,2024-09-19 09:32:41.161160,purchase
0,POL-937985,2024-09-19 10:41:05.380717,purchase
0,POL-664415,2024-09-19 10:47:12.422674,claim
0,POL-935904,2024-09-19 12:01:53.471991,claim
0,209500,2024-09-19 13:15:25.043249,claim
0,POL-262909,2024-09-19 13:19:06.480380,renewal
0,POL-088921,2024-09-19 14:40:53.372550,cancellation
0,329351,2024-09-19 15:24:06.968642,renewal
0,POL-157593,2024-09-19 15:48:36.561832,claim
0,POL-694208,2024-09-19 19:19:35.866245,cancellation
0,POL-195592,2024-09-19 20:53:29.477378,cancellation
0,POL-840607,2024-09-19 21:45:11.821018,renewal
0,POL-885505,2024-09-19 23:19:49.292275,renewal
0,POL-924260,2024-09-20 00:03:13.062415,renewal
0,POL-511588,2024-09-20 00:36:57.450879,claim
0,POL-583047,2024-09-20 00:41:19.290507,purchase
0,POL-364603,2024-09-20 02:28:11.230121,cancellation
0,POL-973232,2024-09-20 03:08:46.719499,purchase
0,POL-467201,2024-09-20 04:18:49.518843,cancellation
0,POL-527044,2024-09-20 04:28:52.062349,cancellation
0,POL-624506,2024-09-20 07:01:53.213652,claim
0,POL-074890,2024-09-20 07:07:43.001372,cancellation
0,POL-117267,2024-09-20 08:18:24.804668,claim
0,POL-119130,2024-09-20 09:21:19.488006,claim
0,POL-642509,2024-09-20 09:37:05.890933,claim
0,POL-374662,2024-09-20 10:31:22.907613,cancellation
0,POL-210730,2024-09-20 10:55:16.557159,renewal
0,POL-060847,2024-09-20 11:18:27.304564,cancellation
0,POL-101645,2024-09-20 11:26:48.477010,claim
0,POL-803724,2024-09-20 11:38:48.333041,purchase
0,POL-840111,2024-09-20 11:53:02.603528,renewal
0,POL-874744,2024-09-20 12:19:14.970036,claim
0,POL-888370,2024-09-20 13:08:09.142957,purchase
0,POL-551480,2024-09-20 13:14:15.254124,renewal
0,POL-875128,2024-09-20 13:24:57.874913,renewal
0,POL-310378,2024-09-20 14:25:15.988460,purchase
0,POL-728578,2024-09-20 14:51:15.057129,renewal
0,POL-771456,2024-09-20 15:33:41.044403,claim
0,POL-019488,2024-09-20 18:27:32.902716,claim
0,POL-445769,2024-09-20 18:42:05.582449,purchase
0,POL-860888,2024-09-20 21:37:32.582259,purchase
0,POL-840607,2024-09-20 23:18:37.687746,purchase
0,POL-999964,2024-09-21 02:03:06.809619,purchase
0,POL-468990,2024-09-21 02:21:55.876203,purchase
0,POL-017425,2024-09-21 02:34:38.181390,cancellation
0,POL-892851,2024-09-21 04:54:46.219935,renewal
0,POL-539383,2024-09-21 06:35:21.913682,purchase
0,POL-118461,2024-09-21 06:54:22.873012,renewal
0,POL-032131,2024-09-21 07:06:42.004169,renewal
0,POL-323141,2024-09-21 08:58:45.585560,cancellation
0,POL-217815,2024-09-21 09:11:30.390406,purchase
0,POL-805848,2024-09-21 09:12:00.680108,claim
0,POL-991851,2024-09-21 10:06:39.279863,claim
0,POL-022502,2024-09-21 11:33:39.798214,cancellation
0,POL-847704,2024-09-21 12:40:30.252415,purchase
0,POL-118110,2024-09-21 12:49:07.100412,purchase
0,POL-126865,2024-09-21 13:13:29.996465,claim
0,POL-010424,2024-09-21 14:04:42.371538,purchase
0,POL-823416,2024-09-21 15:03:57.120289,claim
0,POL-184844,2024-09-21 15:59:44.613933,purchase
0,POL-991949,2024-09-21 16:36:43.564977,cancellation
0,POL-180334,2024-09-21 16:54:12.958038,claim
0,POL-991318,2024-09-21 17:07:31.250172,renewal
0,POL-594048,2024-09-21 17:50:46.522154,purchase
0,POL-537434,2024-09-21 18:26:45.648098,claim
0,POL-357896,2024-09-21 21:02:41.494633,purchase
0,POL-839507,2024-09-21 21:34:02.426618,claim
0,POL-740038,2024-09-21 23:13:43.518194,purchase
0,POL-001521,2024-09-22 00:10:27.591077,cancellation
0,POL-161571,2024-09-22 00:25:16.579262,claim
0,POL-366301,2024-09-22 04:32:27.348879,cancellation
0,POL-344499,2024-09-22 05:28:30.180759,purchase
0,POL-381149,2024-09-22 06:51:23.893356,renewal
0,POL-143378,2024-09-22 09:32:10.094116,cancellation
0,POL-651552,2024-09-22 09:34:11.461219,purchase
0,POL-785722,2024-09-22 09:36:55.318508,cancellation
0,POL-637932,2024-09-22 09:40:40.872887,renewal
0,POL-393642,2024-09-22 10:07:35.727257,renewal
0,POL-810013,2024-09-22 10:30:29.115652,purchase
0,POL-210121,2024-09-22 10:55:20.028724,renewal
0,POL-708045,2024-09-22 11:07:21.134460,purchase
0,POL-704183,2024-09-22 15:06:58.521089,purchase
0,POL-802907,2024-09-22 15:13:59.571334,cancellation
0,POL-819426,2024-09-22 16:13:17.140381,cancellation
0,POL-408873,2024-09-22 16:59:38.594898,cancellation
0,POL-928246,2024-09-22 17:26:24.160260,renewal
0,POL-077056,2024-09-22 17:29:05.687996,claim
0,POL-387140,2024-09-22 18:20:12.897716,purchase
0,POL-078992,2024-09-22 19:13:40.866074,claim
0,POL-886243,2024-09-22 22:54:14.581191,purchase
0,POL-260349,2024-09-22 22:55:50.324414,cancellation
0,POL-410107,2024-09-22 23:43:27.284374,renewal
0,POL-713172,2024-09-23 00:01:32.229291,purchase
0,POL-953003,2024-09-23 00:58:31.036235,renewal
0,POL-353480,2024-09-23 02:36:07.821072,purchase
0,POL-509284,2024-09-23 02:59:55.552828,claim
0,POL-444778,2024-09-23 03:28:26.633672,claim
0,POL-035641,2024-09-23 04:20:37.107037,renewal
0,POL-738305,2024-09-23 04:45:48.964952,purchase
0,POL-236568,2024-09-23 05:15:43.639226,cancellation
0,POL-498461,2024-09-23 05:25:05.865987,claim
0,POL-146943,2024-09-23 05:50:42.050290,claim
0,POL-778469,2024-09-23 08:47:57.849313,claim
0,POL-919113,2024-09-23 09:09:52.479619,claim
0,POL-046953,2024-09-23 09:14:12.390050,purchase
0,POL-262909,2024-09-23 09:37:35.106452,purchase
0,546570,2024-09-23 09:56:03.243198,claim
0,POL-444778,2024-09-23 10:18:09.318884,cancellation
0,POL-674039,2024-09-23 11:17:12.678518,cancellation
0,POL-737789,2024-09-23 11:39:18.676424,renewal
0,POL-007359,2024-09-23 16:58:22.286528,cancellation
0,POL-452552,2024-09-23 17:05:57.945955,claim
0,POL-247366,2024-09-23 17:51:17.214208,purchase
0,POL-985782,2024-09-23 18:54:23.099963,claim
0,POL-874730,2024-09-23 19:12:22.083318,claim
0,POL-542071,2024-09-23 19:25:59.679052,renewal
0,POL-738734,2024-09-23 19:51:42.952014,renewal
0,POL-294431,2024-09-23 19:52:36.294250,cancellation
0,POL-674112,2024-09-23 22:07:32.419260,claim
0,POL-333236,2024-09-23 23:26:54.893847,purchase
0,POL-519758,2024-09-24 00:17:17.439644,cancellation
0,POL-775606,2024-09-24 00:20:00.536525,renewal
0,POL-540835,2024-09-24 01:05:45.056521,claim
0,POL-055109,2024-09-24 02:02:45.989041,cancellation
0,POL-616104,2024-09-24 02:12:45.260167,cancellation
0,POL-137415,2024-09-24 02:50:53.479569,claim
0,POL-769640,2024-09-24 03:00:17.955136,cancellation
0,POL-515579,2024-09-24 04:08:52.102058,cancellation
0,POL-862957,2024-09-24 06:54:29.398318,renewal
0,POL-607041,2024-09-24 09:47:57.829469,renewal
0,POL-592508,2024-09-24 10:48:35.865229,claim
0,POL-651012,2024-09-24 12:21:23.639509,purchase
0,POL-344097,2024-09-24 12:28:00.490944,renewal
0,POL-590274,2024-09-24 12:32:09.857036,cancellation
0,POL-776736,2024-09-24 13:26:35.646480,renewal
0,POL-074833,2024-09-24 13:44:59.431655,purchase
0,POL-583054,2024-09-24 13:50:32.911443,renewal
0,POL-486815,2024-09-24 13:54:53.424253,renewal
0,POL-005665,2024-09-24 14:16:54.244739,cancellation
0,POL-179967,2024-09-24 14:39:49.988158,renewal
0,POL-308510,2024-09-24 15:11:54.894961,cancellation
0,POL-659033,2024-09-24 16:15:45.129354,purchase
0,POL-592508,2024-09-24 18:48:08.595595,renewal
0,711744,2024-09-24 20:18:56.550269,cancellation
0,POL-978020,2024-09-24 22:06:27.717306,claim
0,POL-177946,2024-09-24 22:59:59.230925,purchase
0,POL-081717,2024-09-25 03:37:06.969088,claim
0,POL-897947,2024-09-25 04:30:16.328379,purchase
0,POL-912615,2024-09-25 05:19:10.342167,renewal
0,POL-009271,2024-09-25 05:39:43.923859,renewal
0,POL-356759,2024-09-25 07:32:07.201633,cancellation
0,POL-652047,2024-09-25 08:22:36.992209,claim
0,POL-431285,2024-09-25 10:59:58.097106,claim
0,POL-527474,2024-09-25 11:00:22.453622,cancellation
0,POL-890964,2024-09-25 12:33:02.104066,claim
0,POL-193054,2024-09-25 13:44:11.939992,cancellation
0,POL-294256,2024-09-25 14:31:08.901318,cancellation
0,POL-587698,2024-09-25 14:54:09.003038,purchase
0,POL-232968,2024-09-25 18:10:49.730886,claim
0,POL-850660,2024-09-25 21:18:56.041675,renewal
0,POL-428556,2024-09-25 21:44:37.161366,renewal
0,POL-240171,2024-09-26 01:47:18.645316,renewal
0,POL-506109,2024-09-26 04:16:11.846197,claim
0,POL-835467,2024-09-26 04:33:44.457192,cancellation
0,POL-356276,2024-09-26 04:46:45.702904,renewal
0,POL-877560,2024-09-26 05:30:32.191422,claim
0,POL-859154,2024-09-26 06:02:58.498419,claim
0,POL-290961,2024-09-26 06:17:48.876027,claim
0,POL-522090,2024-09-26 06:28:40.655675,cancellation
0,POL-357687,2024-09-26 10:26:22.370312,renewal
0,POL-813820,2024-09-26 10:52:31.264595,cancellation
0,POL-431820,2024-09-26 11:28:25.443203,claim
0,POL-932194,2024-09-26 12:11:12.255172,renewal
0,POL-270548,2024-09-26 13:48:01.522358,renewal
0,POL-413170,2024-09-26 14:25:17.098118,claim
0,POL-250311,2024-09-26 15:24:46.050674,claim
0,POL-583054,2024-09-26 15:28:13.901518,cancellation
0,POL-165995,2024-09-26 16:56:00.240109,claim
0,POL-366421,2024-09-26 17:25:57.763596,renewal
0,POL-125379,2024-09-26 17:45:30.113537,purchase
0,968273,2024-09-26 18:02:58.767851,renewal
0,POL-775917,2024-09-26 18:33:45.013732,renewal
0,POL-065959,2024-09-26 18:42:05.899098,claim
0,POL-017311,2024-09-26 20:45:20.653312,renewal
0,POL-967514,2024-09-26 21:32:06.540381,renewal
0,POL-645059,2024-09-26 22:55:03.088181,purchase
0,POL-201564,2024-09-26 23:06:03.499046,cancellation
0,POL-123216,2024-09-26 23:15:59.584370,purchase
0,POL-702774,2024-09-27 00:04:16.244732,renewal
0,POL-390847,2024-09-27 00:31:15.203259,claim
0,POL-279202,2024-09-27 02:01:57.029302,cancellation
0,POL-925958,2024-09-27 02:06:09.499275,purchase
0,POL-420810,2024-09-27 05:35:14.329861,renewal
0,POL-296048,2024-09-27 07:17:16.038026,renewal
0,POL-992354,2024-09-27 08:20:45.637881,claim
0,POL-429189,2024-09-27 09:03:49.605418,claim
0,POL-532348,2024-09-27 09:51:38.476293,purchase
0,POL-575829,2024-09-27 10:14:08.682200,purchase
0,809715,2024-09-27 11:47:41.577711,cancellation
0,POL-160396,2024-09-27 11:57:47.434383,purchase
0,POL-932836,2024-09-27 11:59:05.531372,renewal
0,POL-639280,2024-09-27 14:21:59.481318,cancellation
0,POL-625217,2024-09-27 15:03:19.594640,purchase
0,968273,2024-09-27 16:16:00.314044,renewal
0,POL-630180,2024-09-27 20:01:17.916813,cancellation
0,POL-197733,2024-09-27 22:30:29.748840,cancellation
0,POL-845954,2024-09-27 22:51:17.264601,claim
0,POL-038317,2024-09-27 23:37:27.716056,cancellation
0,POL-281014,2024-09-27 23:48:35.374870,cancellation
0,POL-839514,2024-09-28 01:18:06.722071,purchase
0,POL-618295,2024-09-28 01:25:34.177675,renewal
0,POL-236590,2024-09-28 02:18:47.466689,cancellation
0,POL-172714,2024-09-28 02:49:24.476240,cancellation
0,POL-665547,2024-09-28 03:28:47.476561,purchase
0,POL-392044,2024-09-28 04:16:25.685356,cancellation
0,POL-146080,2024-09-28 05:59:29.699594,purchase
0,050509,2024-09-28 07:45:48.375750,claim
0,POL-509558,2024-09-28 12:22:52.833990,renewal
0,POL-521438,2024-09-28 14:12:26.247247,purchase
0,POL-963914,2024-09-28 14:16:41.502469,purchase
0,POL-464468,2024-09-28 14:24:26.600593,claim
0,POL-218760,2024-09-28 15:01:03.431013,cancellation
0,POL-457693,2024-09-28 15:58:23.526719,claim
0,POL-795947,2024-09-28 17:31:02.729317,claim
0,POL-969154,2024-09-28 18:03:00.043223,cancellation
0,377597,2024-09-28 18:20:14.032603,purchase
0,POL-954250,2024-09-28 18:28:23.694149,claim
0,POL-176253,2024-09-28 19:19:48.596681,purchase
0,POL-225403,2024-09-28 20:54:14.668467,cancellation
0,POL-789407,2024-09-28 22:26:38.428619,cancellation
0,328368,2024-09-28 23:32:26.485996,renewal
0,POL-369738,2024-09-29 00:09:16.176577,cancellation
0,POL-074652,2024-09-29 01:22:10.097465,cancellation
0,POL-331141,2024-09-29 01:59:12.739396,claim
0,POL-550784,2024-09-29 02:42:34.145264,cancellation
0,POL-881001,2024-09-29 03:01:02.356680,purchase
0,POL-096886,2024-09-29 03:10:50.552001,renewal
0,POL-307128,2024-09-29 06:33:36.721179,cancellation
0,POL-545594,2024-09-29 07:14:48.925987,cancellation
0,POL-795643,2024-09-29 08:35:08.801869,cancellation
0,POL-133127,2024-09-29 10:03:33.953371,renewal
0,POL-707767,2024-09-29 12:22:59.643504,purchase
0,POL-941682,2024-09-29 13:43:05.294734,claim
0,POL-544045,2024-09-29 14:33:43.129823,purchase
0,POL-445712,2024-09-29 18:42:06.346365,purchase
0,POL-645965,2024-09-29 19:29:30.406653,cancellation
0,POL-389073,2024-09-29 19:52:30.287962,claim
0,POL-138971,2024-09-29 21:31:09.069992,renewal
0,POL-611974,2024-09-30 02:47:14.386916,claim
0,POL-612286,2024-09-30 03:42:32.510227,renewal
0,POL-789436,2024-09-30 05:22:45.769103,cancellation
0,POL-352905,2024-09-30 07:26:10.682008,cancellation
0,POL-600878,2024-09-30 08:12:22.466487,cancellation
0,POL-388699,2024-09-30 09:37:02.238592,claim
0,POL-781124,2024-09-30 10:19:54.185485,renewal
0,POL-790037,2024-09-30 10:27:34.927000,purchase
0,POL-327370,2024-09-30 11:27:51.162836,purchase
0,POL-201564,2024-09-30 11:51:30.731127,claim
0,POL-181044,2024-09-30 12:00:57.209465,purchase
0,POL-511547,2024-09-30 12:48:32.487557,claim
0,POL-979026,2024-09-30 13:20:55.943264,claim
0,POL-237530,2024-09-30 13:32:27.997360,claim
0,POL-409855,2024-09-30 13:35:29.994574,cancellation
0,POL-540722,2024-09-30 16:53:26.136272,renewal
0,POL-511829,2024-09-30 16:53:52.018507,claim
0,POL-835091,2024-09-30 18:05:59.848407,renewal
0,POL-912615,2024-09-30 20:04:19.540972,renewal
0,POL-774173,2024-09-30 20:51:57.729515,claim
0,POL-623975,2024-09-30 21:14:09.526434,claim
0,POL-886626,2024-09-30 21:20:52.032443,claim
0,POL-811937,2024-09-30 23:26:29.295421,renewal
0,POL-896197,2024-09-30 23:52:49.615656,claim
0,POL-563416,2024-10-01 00:23:42.930929,cancellation
0,POL-525904,2024-10-01 02:24:44.035432,claim
0,POL-269887,2024-10-01 02:57:16.481296,claim
0,POL-413034,2024-10-01 07:07:16.808619,renewal
0,POL-955932,2024-10-01 09:14:04.598890,purchase
0,POL-113594,2024-10-01 10:59:45.843552,purchase
0,POL-567636,2024-10-01 11:11:03.203250,purchase
0,POL-523993,2024-10-01 11:45:49.712338,purchase
0,POL-850419,2024-10-01 13:00:57.811023,renewal
0,713422,2024-10-01 13:12:14.234272,purchase
0,859753,2024-10-01 13:51:53.448382,purchase
0,POL-028483,2024-10-01 17:11:09.963477,cancellation
0,POL-198684,2024-10-01 17:58:12.625099,renewal
0,POL-050478,2024-10-01 18:11:35.737475,renewal
0,POL-148783,2024-10-01 18:31:21.923257,purchase
0,POL-379344,2024-10-01 18:47:30.431437,renewal
0,POL-212020,2024-10-01 18:50:16.836128,cancellation
0,POL-377653,2024-10-01 20:35:06.682235,claim
0,POL-754132,2024-10-01 20:40:38.743631,cancellation
0,POL-939591,2024-10-01 21:16:26.729498,renewal
0,POL-217815,2024-10-01 22:44:35.302291,purchase
0,POL-966242,2024-10-02 00:03:39.753272,purchase
0,POL-624395,2024-10-02 00:07:45.722602,purchase
0,POL-411326,2024-10-02 02:22:51.455533,purchase
0,POL-306889,2024-10-02 03:28:22.436895,claim
0,POL-848746,2024-10-02 03:33:41.789120,renewal
0,POL-203584,2024-10-02 04:43:57.174508,claim
0,POL-363052,2024-10-02 04:51:09.901019,renewal
0,POL-781579,2024-10-02 07:46:13.683846,cancellation
0,POL-791052,2024-10-02 08:17:29.106983,renewal
0,POL-714754,2024-10-02 09:57:12.919047,purchase
0,POL-477732,2024-10-02 10:07:09.184479,cancellation
0,POL-974910,2024-10-02 12:56:58.846613,purchase
0,POL-964996,2024-10-02 13:32:46.182076,claim
0,POL-630392,2024-10-02 14:18:21.016685,claim
0,POL-408952,2024-10-02 15:32:57.808942,purchase
0,POL-009851,2024-10-02 16:51:00.556726,cancellation
0,POL-563286,2024-10-02 17:27:34.833818,renewal
0,POL-832026,2024-10-02 17:32:49.329887,cancellation
0,POL-702235,2024-10-02 17:41:16.219531,claim
0,POL-015270,2024-10-02 18:38:30.246264,renewal
0,POL-149836,2024-10-02 20:52:25.519834,renewal
0,POL-137044,2024-10-02 21:25:11.132890,purchase
0,POL-490132,2024-10-02 21:49:16.605846,renewal
0,POL-178289,2024-10-02 22:40:07.995525,renewal
0,POL-017863,2024-10-02 23:31:11.956280,cancellation
0,POL-804290,2024-10-03 01:53:10.441172,purchase
0,POL-727325,2024-10-03 02:59:44.279041,renewal
0,POL-602874,2024-10-03 03:15:24.065333,cancellation
0,POL-935899,2024-10-03 03:55:57.510669,purchase
0,POL-268295,2024-10-03 05:27:50.830366,renewal
0,POL-965684,2024-10-03 06:36:48.387915,claim
0,POL-776989,2024-10-03 06:43:49.052640,cancellation
0,POL-267931,2024-10-03 07:19:24.728390,purchase
0,POL-132612,2024-10-03 07:33:29.644319,cancellation
0,POL-174348,2024-10-03 07:42:59.837215,renewal
0,POL-101613,2024-10-03 07:44:10.658003,cancellation
0,422958,2024-10-03 08:34:07.549637,cancellation
0,POL-092755,2024-10-03 10:47:06.972716,cancellation
0,POL-138895,2024-10-03 13:14:48.113333,purchase
0,POL-082874,2024-10-03 13:28:05.463988,claim
0,POL-954986,2024-10-03 13:30:08.360669,cancellation
0,POL-675804,2024-10-03 13:50:53.528426,renewal
0,POL-845492,2024-10-03 13:54:27.374519,cancellation
0,POL-177465,2024-10-03 14:05:39.328592,renewal
0,POL-647579,2024-10-03 14:25:05.000453,renewal
0,POL-389922,2024-10-03 14:34:58.240066,cancellation
0,POL-116370,2024-10-03 15:21:18.948944,claim
0,POL-627916,2024-10-03 15:31:27.912596,claim
0,POL-713629,2024-10-03 15:44:29.871956,cancellation
0,POL-226732,2024-10-03 17:42:06.469706,purchase
0,POL-483528,2024-10-03 19:44:22.810385,cancellation
0,POL-938040,2024-10-03 20:03:20.932340,cancellation
0,POL-055109,2024-10-03 22:11:12.724087,renewal
0,POL-108340,2024-10-04 00:40:31.713431,purchase
0,POL-742047,2024-10-04 01:14:13.299299,claim
0,POL-793374,2024-10-04 01:59:20.452423,renewal
0,POL-888856,2024-10-04 02:36:12.355461,renewal
0,POL-097171,2024-10-04 03:50:38.163346,claim
0,POL-191521,2024-10-04 03:52:52.712175,purchase
0,POL-046577,2024-10-04 04:29:35.990627,cancellation
0,POL-116577,2024-10-04 05:03:46.995149,claim
0,POL-465497,2024-10-04 05:16:51.238657,cancellation
0,POL-362416,2024-10-04 05:21:41.095524,cancellation
0,POL-072840,2024-10-04 05:45:09.744034,cancellation
0,POL-562444,2024-10-04 06:36:56.665830,purchase
0,POL-552600,2024-10-04 06:53:19.960436,claim
0,POL-832012,2024-10-04 08:32:12.862911,renewal
0,184337,2024-10-04 08:40:57.611409,claim
0,POL-015270,2024-10-04 10:17:30.635121,renewal
0,POL-601463,2024-10-04 10:51:03.987941,claim
0,POL-169951,2024-10-04 11:16:02.824324,claim
0,POL-389769,2024-10-04 13:02:56.036384,claim
0,POL-806418,2024-10-04 13:36:08.880145,claim
0,POL-085471,2024-10-04 15:29:55.797082,renewal
0,POL-752742,2024-10-04 16:04:34.203400,purchase
0,POL-375755,2024-10-04 16:24:20.274006,purchase
0,POL-902442,2024-10-04 18:17:40.434507,claim
0,POL-895728,2024-10-04 19:56:25.762471,purchase
0,POL-745661,2024-10-04 20:30:06.669997,claim
0,POL-568860,2024-10-04 22:14:01.450343,cancellation
0,POL-536884,2024-10-04 23:15:13.322935,renewal
0,POL-250918,2024-10-04 23:40:49.825474,renewal
0,POL-793570,2024-10-05 03:02:27.927963,cancellation
0,POL-838122,2024-10-05 05:11:50.919660,claim
0,POL-243929,2024-10-05 06:20:57.252231,cancellation
0,POL-863055,2024-10-05 08:10:46.179581,claim
0,POL-275137,2024-10-05 08:20:10.983370,purchase
0,POL-132949,2024-10-05 10:29:19.892208,purchase
0,POL-272498,2024-10-05 11:04:22.835552,cancellation
0,POL-278856,2024-10-05 12:27:25.074572,claim
0,POL-449373,2024-10-05 15:01:39.064605,claim
0,POL-322470,2024-10-05 15:46:44.267279,cancellation
0,POL-724641,2024-10-05 16:37:29.574957,claim
0,POL-687601,2024-10-05 17:50:22.664211,cancellation
0,POL-977151,2024-10-05 18:53:43.492485,claim
0,POL-809562,2024-10-05 20:31:02.271710,purchase
0,POL-814821,2024-10-05 20:35:56.207511,purchase
0,595054,2024-10-05 22:26:39.562851,renewal
0,POL-577470,2024-10-06 00:36:30.162482,renewal
0,POL-944097,2024-10-06 01:31:29.724608,purchase
0,POL-939212,2024-10-06 02:22:04.522974,cancellation
0,POL-605737,2024-10-06 04:32:07.987246,purchase
0,POL-415187,2024-10-06 05:27:30.805681,renewal
0,POL-124537,2024-10-06 06:06:24.591039,renewal
0,POL-859925,2024-10-06 11:23:45.468211,renewal
0,POL-540835,2024-10-06 11:54:31.806027,cancellation
0,POL-364477,2024-10-06 13:16:50.325507,claim
0,POL-051015,2024-10-06 14:36:54.259439,claim
0,POL-610901,2024-10-06 14:51:50.175140,claim
0,POL-644781,2024-10-06 14:57:43.383342,renewal
0,POL-624377,2024-10-06 15:06:15.224475,cancellation
0,POL-973232,2024-10-06 15:28:58.368895,purchase
0,POL-802660,2024-10-06 16:41:35.911276,claim
0,POL-084773,2024-10-06 17:41:34.064863,purchase
0,POL-283382,2024-10-06 17:58:02.008074,claim
0,POL-459597,2024-10-06 18:13:22.741527,cancellation
0,POL-783262,2024-10-06 22:36:33.671711,claim
0,POL-060703,2024-10-07 00:26:55.735489,claim
0,POL-490667,2024-10-07 01:06:11.684411,claim
0,POL-645965,2024-10-07 01:06:22.508882,claim
0,POL-266112,2024-10-07 01:30:39.150768,claim
0,POL-772671,2024-10-07 02:47:26.804167,purchase
0,POL-897857,2024-10-07 03:48:20.982235,purchase
0,POL-120700,2024-10-07 04:46:09.181021,purchase
0,POL-938706,2024-10-07 05:53:25.335382,cancellation
0,902704,2024-10-07 07:01:29.323586,purchase
0,POL-877146,2024-10-07 08:47:02.682630,claim
0,POL-713852,2024-10-07 10:07:31.210828,purchase
0,POL-975096,2024-10-07 11:29:31.955510,cancellation
0,POL-333464,2024-10-07 12:21:05.086915,purchase
0,POL-177857,2024-10-07 12:55:07.052881,claim
0,POL-236568,2024-10-07 17:23:56.476393,purchase
0,POL-859925,2024-10-07 17:58:56.186235,claim
0,POL-819479,2024-10-07 19:23:01.972204,claim
0,POL-389681,2024-10-07 21:07:12.841455,cancellation
0,POL-287662,2024-10-07 23:15:20.590107,claim
0,POL-422894,2024-10-07 23:16:34.472878,cancellation
0,POL-163414,2024-10-08 00:05:45.495714,cancellation
0,POL-843010,2024-10-08 01:05:22.826668,renewal
0,POL-305796,2024-10-08 01:06:49.735273,cancellation
0,POL-338490,2024-10-08 01:49:14.745389,renewal
0,POL-276962,2024-10-08 02:58:35.801595,claim
0,POL-530269,2024-10-08 03:04:58.242818,renewal
0,POL-469191,2024-10-08 04:18:32.684862,renewal
0,POL-392951,2024-10-08 04:21:52.402687,claim
0,307469,2024-10-08 07:05:22.485247,purchase
0,POL-738307,2024-10-08 08:10:22.457329,claim
0,POL-027494,2024-10-08 09:48:07.338259,cancellation
0,POL-498016,2024-10-08 10:51:25.886865,claim
0,POL-716810,2024-10-08 11:53:50.114250,purchase
0,POL-406658,2024-10-08 13:48:07.076268,purchase
0,POL-127631,2024-10-08 13:53:38.791264,renewal
0,POL-404893,2024-10-08 14:53:42.506861,cancellation
0,POL-741285,2024-10-08 18:34:41.873510,cancellation
0,POL-715098,2024-10-08 19:21:40.377597,renewal
0,POL-515129,2024-10-08 21:00:36.337808,renewal
0,POL-510318,2024-10-08 21:41:03.240146,claim
0,POL-432301,2024-10-08 22:52:44.160505,purchase
0,POL-889200,2024-10-09 00:30:59.616039,cancellation
0,POL-321193,2024-10-09 01:08:38.042962,claim
0,POL-278713,2024-10-09 01:26:08.844969,purchase
0,POL-482583,2024-10-09 01:31:04.006308,claim
0,POL-245044,2024-10-09 01:55:25.180843,claim
0,POL-704420,2024-10-09 03:50:59.712913,renewal
0,POL-911877,2024-10-09 05:16:14.036232,cancellation
0,POL-675804,2024-10-09 05:31:41.411702,cancellation
0,POL-387971,2024-10-09 05:45:43.483925,claim
0,POL-572711,2024-10-09 06:45:54.207424,claim
0,POL-529834,2024-10-09 07:55:36.797094,claim
0,POL-369738,2024-10-09 09:26:28.969236,cancellation
0,POL-052308,2024-10-09 10:56:29.516156,renewal
0,POL-173355,2024-10-09 11:44:50.717680,cancellation
0,POL-314105,2024-10-09 12:30:55.226058,purchase
0,POL-315655,2024-10-09 13:08:56.994688,purchase
0,POL-151157,2024-10-09 14:05:56.496249,purchase
0,POL-229772,2024-10-09 14:14:28.435464,renewal
0,POL-188933,2024-10-09 15:30:08.901797,renewal
0,POL-764395,2024-10-09 15:42:27.711728,purchase
0,POL-500542,2024-10-09 16:10:26.922117,claim
0,POL-769198,2024-10-09 17:47:32.475084,cancellation
0,POL-828029,2024-10-09 18:23:58.851466,claim
0,POL-432301,2024-10-09 18:29:35.858461,claim
0,POL-108178,2024-10-09 18:32:14.783209,claim
0,POL-010411,2024-10-09 18:45:03.590558,cancellation
0,POL-953956,2024-10-09 21:03:29.004603,cancellation
0,POL-512144,2024-10-09 21:43:19.035054,purchase
0,POL-551523,2024-10-10 00:24:48.864343,purchase
0,POL-201835,2024-10-10 00:57:05.320210,claim
0,644828,2024-10-10 01:02:21.025267,purchase
0,POL-262923,2024-10-10 01:42:42.476517,purchase
0,POL-624506,2024-10-10 02:26:30.011210,purchase
0,POL-813993,2024-10-10 03:20:40.641694,claim
0,POL-963530,2024-10-10 04:27:45.548464,purchase
0,POL-179473,2024-10-10 04:54:05.939492,cancellation
0,POL-363953,2024-10-10 05:13:46.289933,purchase
0,POL-410107,2024-10-10 07:34:45.919947,purchase
0,POL-059680,2024-10-10 09:45:59.484874,purchase
0,POL-387235,2024-10-10 12:29:27.600530,cancellation
0,POL-674288,2024-10-10 13:57:07.479558,claim
0,POL-813256,2024-10-10 14:16:10.104028,purchase
0,POL-690301,2024-10-10 14:30:16.508379,claim
0,POL-960573,2024-10-10 14:42:26.917294,claim
0,POL-747576,2024-10-10 15:32:01.442045,claim
0,POL-953956,2024-10-10 16:05:53.784907,cancellation
0,POL-171273,2024-10-10 17:37:21.329511,purchase
0,POL-318977,2024-10-10 18:02:58.352574,purchase
0,POL-603941,2024-10-10 18:58:15.164803,purchase
0,POL-793371,2024-10-10 19:38:16.776478,renewal
0,POL-078800,2024-10-10 19:55:58.665536,purchase
0,POL-130592,2024-10-10 20:41:18.853729,renewal
0,POL-289108,2024-10-10 22:17:20.526495,purchase
0,710838,2024-10-10 22:24:17.242093,purchase
0,POL-590384,2024-10-10 22:33:55.792687,claim
0,POL-415067,2024-10-10 22:45:36.367577,purchase
0,POL-956953,2024-10-11 01:55:51.761484,renewal
0,POL-551480,2024-10-11 04:22:53.766215,purchase
0,182490,2024-10-11 07:47:00.229654,claim
0,POL-414269,2024-10-11 08:09:09.168862,claim
0,POL-717142,2024-10-11 09:16:21.130546,cancellation
0,099346,2024-10-11 09:16:51.781835,purchase
0,POL-501232,2024-10-11 10:28:40.686154,cancellation
0,POL-625376,2024-10-11 12:19:21.063553,claim
0,POL-624506,2024-10-11 13:15:35.304080,claim
0,POL-713437,2024-10-11 15:25:02.068025,claim
0,POL-548625,2024-10-11 17:10:08.315874,cancellation
0,POL-205364,2024-10-11 20:08:53.768562,renewal
0,POL-359721,2024-10-12 00:02:37.720432,renewal
0,POL-743531,2024-10-12 00:17:39.055403,claim
0,POL-389957,2024-10-12 00:24:06.011298,cancellation
0,POL-506109,2024-10-12 00:25:26.780692,renewal
0,POL-045999,2024-10-12 01:06:51.742549,renewal
0,POL-659809,2024-10-12 01:46:57.010279,renewal
0,POL-137921,2024-10-12 02:33:56.980118,renewal
0,POL-396557,2024-10-12 04:34:09.500275,cancellation
0,POL-610901,2024-10-12 05:45:31.139452,claim
0,POL-481294,2024-10-12 07:31:40.753444,claim
0,POL-151092,2024-10-12 08:33:01.354299,cancellation
0,POL-684689,2024-10-12 10:56:42.581938,claim
0,POL-905782,2024-10-12 10:57:03.009577,renewal
0,POL-001349,2024-10-12 11:36:35.629995,purchase
0,POL-138090,2024-10-12 11:46:24.151284,renewal
0,POL-142021,2024-10-12 11:56:19.677403,renewal
0,POL-172700,2024-10-12 12:32:08.478925,cancellation
0,POL-845810,2024-10-12 14:18:22.576968,renewal
0,POL-532135,2024-10-12 15:13:36.287688,purchase
0,POL-084468,2024-10-12 15:24:30.304178,claim
0,POL-950112,2024-10-12 15:35:49.821632,cancellation
0,POL-299810,2024-10-12 17:13:24.728594,renewal
0,POL-704257,2024-10-12 17:23:44.386854,claim
0,POL-512124,2024-10-12 18:16:36.830864,cancellation
0,POL-556053,2024-10-12 18:47:40.744305,renewal
0,POL-924871,2024-10-12 19:52:14.739868,renewal
0,POL-853947,2024-10-12 19:52:49.141357,purchase
0,POL-131080,2024-10-12 19:54:08.828295,renewal
0,POL-931308,2024-10-12 20:06:20.088437,cancellation
0,POL-420810,2024-10-12 21:22:52.591039,claim
0,POL-849099,2024-10-12 21:35:14.119741,claim
0,POL-049759,2024-10-13 00:23:11.589418,renewal
0,POL-890710,2024-10-13 00:35:14.978892,cancellation
0,POL-198309,2024-10-13 01:32:11.103302,cancellation
0,POL-040546,2024-10-13 02:12:11.766572,purchase
0,POL-038317,2024-10-13 02:56:51.452325,renewal
0,POL-518470,2024-10-13 03:51:58.078086,renewal
0,POL-298283,2024-10-13 03:57:12.928383,purchase
0,POL-048960,2024-10-13 05:23:54.220837,cancellation
0,POL-846876,2024-10-13 05:55:20.132313,purchase
0,POL-738734,2024-10-13 06:06:29.558716,renewal
0,POL-435882,2024-10-13 08:46:54.605839,renewal
0,POL-181669,2024-10-13 11:09:32.847193,cancellation
0,POL-763485,2024-10-13 12:12:19.742215,purchase
0,POL-745284,2024-10-13 15:17:05.261058,cancellation
0,POL-610901,2024-10-13 15:38:46.970469,renewal
0,POL-899044,2024-10-13 16:57:56.135418,renewal
0,POL-615738,2024-10-13 18:14:01.280875,claim
0,POL-996756,2024-10-13 18:28:27.624143,claim
0,POL-750558,2024-10-13 20:59:15.791222,claim
0,POL-270548,2024-10-13 23:15:13.756691,claim
0,POL-177465,2024-10-13 23:58:08.396312,claim
0,POL-168676,2024-10-14 01:15:40.673393,renewal
0,POL-903685,2024-10-14 01:16:27.975270,renewal
0,POL-416601,2024-10-14 04:27:33.843202,cancellation
0,POL-560362,2024-10-14 04:59:08.199681,cancellation
0,POL-406354,2024-10-14 05:26:26.307939,purchase
0,POL-771047,2024-10-14 05:42:24.882080,purchase
0,POL-613142,2024-10-14 08:46:16.053025,purchase
0,POL-753681,2024-10-14 11:50:26.846591,cancellation
0,POL-776989,2024-10-14 13:32:58.324311,cancellation
0,POL-576149,2024-10-14 14:33:43.710996,claim
0,POL-685257,2024-10-14 14:58:46.110619,renewal
0,POL-991639,2024-10-14 18:35:35.553668,renewal
0,POL-721128,2024-10-14 18:47:42.817135,cancellation
0,POL-514376,2024-10-14 19:45:37.606462,cancellation
0,POL-753690,2024-10-14 20:04:39.780951,renewal
0,POL-567048,2024-10-14 20:13:16.627594,cancellation
0,POL-005665,2024-10-14 22:01:15.439380,purchase
0,POL-435308,2024-10-14 22:26:07.317586,purchase
0,POL-691885,2024-10-14 23:28:22.918726,claim
0,POL-789457,2024-10-15 02:04:19.838660,purchase
0,POL-623882,2024-10-15 11:07:56.746592,cancellation
0,POL-215639,2024-10-15 11:32:55.386368,purchase
0,POL-988158,2024-10-15 12:13:59.158321,purchase
0,POL-434529,2024-10-15 12:29:29.544404,cancellation
0,POL-194003,2024-10-15 13:19:38.951472,claim
0,POL-897509,2024-10-15 14:33:18.649588,renewal
0,POL-049725,2024-10-15 14:40:14.931344,claim
0,POL-909672,2024-10-15 15:01:25.317592,purchase
0,POL-737789,2024-10-15 16:14:18.471995,purchase
0,POL-381758,2024-10-15 19:45:46.101706,renewal
0,POL-017155,2024-10-15 19:58:02.580413,claim
0,POL-956364,2024-10-15 21:17:00.657139,cancellation
0,POL-836404,2024-10-15 22:57:25.660518,cancellation
0,POL-650420,2024-10-15 23:56:01.161177,claim
0,POL-174754,2024-10-16 00:46:30.810711,renewal
0,POL-082389,2024-10-16 01:17:04.917208,cancellation
0,POL-406876,2024-10-16 01:28:39.139619,renewal
0,POL-385169,2024-10-16 01:46:18.833306,cancellation
0,POL-217201,2024-10-16 03:50:04.821599,cancellation
0,POL-665074,2024-10-16 04:32:40.449108,purchase
0,POL-621047,2024-10-16 05:10:55.885993,purchase
0,POL-564374,2024-10-16 05:33:08.683602,purchase
0,POL-478066,2024-10-16 07:17:11.391993,claim
0,POL-520876,2024-10-16 07:24:53.222439,purchase
0,POL-651058,2024-10-16 09:42:43.142635,claim
0,POL-413170,2024-10-16 10:37:16.645039,claim
0,POL-917835,2024-10-16 11:12:08.960210,claim
0,522504,2024-10-16 11:15:17.862674,cancellation
0,POL-195592,2024-10-16 11:28:26.213754,cancellation
0,POL-650420,2024-10-16 11:51:02.598033,renewal
0,POL-915050,2024-10-16 12:42:56.151856,cancellation
0,POL-446727,2024-10-16 13:06:50.577348,purchase
0,POL-434408,2024-10-16 14:03:45.343558,cancellation
0,POL-575829,2024-10-16 17:15:02.201382,renewal
0,POL-121498,2024-10-16 18:21:42.860264,cancellation
0,POL-013115,2024-10-16 18:27:19.717256,claim
0,POL-889366,2024-10-16 20:05:25.512555,claim
0,POL-679165,2024-10-16 21:04:18.890223,claim
0,POL-146190,2024-10-16 21:59:14.230730,renewal
0,POL-795643,2024-10-16 23:47:21.500062,cancellation
0,POL-079386,2024-10-16 23:48:14.540708,purchase
0,POL-803724,2024-10-17 00:38:49.097993,claim
0,POL-593955,2024-10-17 01:34:28.379015,cancellation
0,POL-253593,2024-10-17 01:34:48.519593,purchase
0,POL-497161,2024-10-17 02:44:47.704064,purchase
0,POL-256658,2024-10-17 03:38:19.877288,claim
0,POL-753559,2024-10-17 06:19:06.036171,cancellation
0,POL-938706,2024-10-17 07:25:22.120915,claim
0,POL-224007,2024-10-17 08:24:32.504467,renewal
0,098647,2024-10-17 08:58:55.000846,claim
0,POL-663636,2024-10-17 11:04:37.881956,claim
0,POL-776375,2024-10-17 11:29:51.878831,claim
0,POL-154728,2024-10-17 11:46:28.079493,claim
0,POL-580902,2024-10-17 14:22:07.011611,claim
0,POL-745564,2024-10-17 14:22:59.773064,claim
0,POL-499933,2024-10-17 14:34:18.465401,renewal
0,POL-795916,2024-10-17 15:22:51.262916,purchase
0,POL-509284,2024-10-17 18:10:23.782405,renewal
0,POL-135918,2024-10-17 18:28:59.643162,cancellation
0,POL-952366,2024-10-17 19:27:24.501351,purchase
0,POL-961098,2024-10-17 20:33:30.359092,renewal
0,POL-112056,2024-10-17 21:41:51.185617,purchase
0,POL-800350,2024-10-18 01:23:54.165210,renewal
0,POL-078579,2024-10-18 01:52:44.390794,cancellation
0,POL-587698,2024-10-18 01:55:21.940796,claim
0,POL-977835,2024-10-18 03:02:49.807145,purchase
0,POL-016271,2024-10-18 03:34:38.925222,renewal
0,POL-126114,2024-10-18 04:46:52.319135,renewal
0,POL-369743,2024-10-18 06:33:25.352857,renewal
0,POL-125720,2024-10-18 09:49:43.932364,purchase
0,POL-026493,2024-10-18 12:12:46.362606,renewal
0,POL-834075,2024-10-18 14:11:30.922333,cancellation
0,POL-060078,2024-10-18 17:16:24.782572,cancellation
0,POL-703089,2024-10-18 18:51:22.756620,purchase
0,POL-633385,2024-10-18 19:33:40.114344,cancellation
0,POL-848606,2024-10-18 20:57:51.801442,cancellation
0,POL-738734,2024-10-18 21:55:51.703981,claim
0,POL-195592,2024-10-18 22:35:58.722896,renewal
0,POL-680241,2024-10-19 00:35:51.887622,renewal
0,POL-631606,2024-10-19 01:41:04.215511,purchase
0,POL-631606,2024-10-19 02:22:35.187269,purchase
0,POL-563009,2024-10-19 02:37:48.904158,purchase
0,POL-139630,2024-10-19 02:58:55.663308,purchase
0,POL-751773,2024-10-19 03:20:46.515159,claim
0,POL-192511,2024-10-19 03:26:42.197071,cancellation
0,POL-915560,2024-10-19 03:43:27.184647,renewal
0,POL-839514,2024-10-19 04:22:35.211686,purchase
0,POL-170443,2024-10-19 05:27:11.892335,claim
0,POL-414296,2024-10-19 06:39:28.383613,claim
0,POL-416213,2024-10-19 09:47:13.015352,cancellation
0,POL-765043,2024-10-19 13:33:56.780549,claim
0,POL-926023,2024-10-19 14:10:32.616277,purchase
0,POL-614764,2024-10-19 15:38:00.012891,claim
0,POL-913771,2024-10-19 17:04:42.241403,claim
0,POL-696666,2024-10-19 17:35:38.044519,cancellation
0,POL-697427,2024-10-19 17:53:23.528067,purchase
0,POL-039949,2024-10-19 18:42:46.501570,purchase
0,POL-025992,2024-10-19 20:56:06.324890,cancellation
0,POL-049008,2024-10-19 21:36:29.843100,claim
0,POL-927977,2024-10-19 22:28:16.818629,purchase
0,POL-566073,2024-10-20 01:21:19.817334,claim
0,POL-423746,2024-10-20 02:30:46.658404,renewal
0,POL-021112,2024-10-20 04:33:54.233493,renewal
0,POL-129136,2024-10-20 04:43:02.236861,purchase
0,POL-428807,2024-10-20 04:53:46.374343,claim
0,POL-583405,2024-10-20 07:08:20.987299,claim
0,POL-917657,2024-10-20 07:25:55.709701,claim
0,POL-451517,2024-10-20 08:12:48.300831,cancellation
0,POL-392305,2024-10-20 08:34:38.850516,claim
0,POL-073648,2024-10-20 12:10:24.274957,purchase
0,POL-829713,2024-10-20 12:32:28.999262,renewal
0,POL-008083,2024-10-20 13:00:43.114986,cancellation
0,POL-664976,2024-10-20 15:58:28.332700,renewal
0,POL-702235,2024-10-20 18:25:12.302360,claim
0,POL-344499,2024-10-20 19:06:25.713458,purchase
0,POL-199828,2024-10-20 19:39:52.115891,renewal
0,POL-558647,2024-10-20 20:57:54.840162,renewal
0,POL-664865,2024-10-20 22:34:02.300266,purchase
0,POL-210881,2024-10-20 22:46:53.913018,purchase
0,POL-814158,2024-10-21 01:11:22.408424,cancellation
0,POL-210121,2024-10-21 02:25:10.458808,purchase
0,POL-931773,2024-10-21 03:24:12.515923,claim
0,POL-072698,2024-10-21 03:28:58.940356,purchase
0,POL-151092,2024-10-21 05:10:11.241905,claim
0,POL-614731,2024-10-21 06:51:40.920532,cancellation
0,POL-716374,2024-10-21 07:38:43.821126,cancellation
0,POL-880369,2024-10-21 09:04:11.981350,cancellation
0,POL-836404,2024-10-21 09:08:16.620174,purchase
0,POL-205356,2024-10-21 09:08:21.104832,claim
0,POL-831949,2024-10-21 09:22:32.533583,cancellation
0,POL-858851,2024-10-21 10:06:26.724047,purchase
0,POL-919216,2024-10-21 10:41:51.375493,claim
0,POL-082962,2024-10-21 10:59:47.392470,claim
0,POL-153206,2024-10-21 11:22:12.913326,claim
0,POL-574040,2024-10-21 11:23:10.135107,purchase
0,POL-054663,2024-10-21 18:33:17.913398,purchase
0,POL-497962,2024-10-21 18:36:29.485574,renewal
0,POL-382916,2024-10-21 19:52:00.033051,claim
0,POL-482088,2024-10-21 20:10:29.372862,purchase
0,POL-924752,2024-10-21 20:41:46.153288,claim
0,POL-852850,2024-10-21 21:27:09.660069,claim
0,POL-151292,2024-10-21 21:33:01.103048,claim
0,POL-360103,2024-10-21 21:49:59.344200,claim
0,POL-178825,2024-10-21 23:10:50.214363,renewal
0,POL-365155,2024-10-21 23:31:49.628727,purchase
0,POL-913639,2024-10-22 00:42:00.481322,renewal
0,POL-864036,2024-10-22 01:17:28.423815,purchase
0,POL-561096,2024-10-22 03:39:08.063516,renewal
0,POL-558405,2024-10-22 03:45:03.220871,renewal
0,POL-825014,2024-10-22 05:34:51.001574,purchase
0,POL-909798,2024-10-22 06:00:11.324125,claim
0,POL-531966,2024-10-22 11:17:28.808805,renewal
0,POL-558647,2024-10-22 12:38:48.077273,purchase
0,POL-112605,2024-10-22 12:42:07.707989,cancellation
0,POL-351852,2024-10-22 12:53:47.252482,cancellation
0,POL-601986,2024-10-22 14:05:22.799427,renewal
0,POL-959615,2024-10-22 14:43:00.372929,purchase
0,POL-950016,2024-10-22 15:05:59.769487,purchase
0,POL-645965,2024-10-22 15:06:05.885304,renewal
0,POL-036176,2024-10-22 15:12:58.506586,renewal
0,POL-501712,2024-10-22 15:15:27.028393,renewal
0,POL-225915,2024-10-22 15:56:12.161493,cancellation
0,POL-765483,2024-10-22 18:15:05.495132,cancellation
0,POL-986707,2024-10-22 19:33:37.291535,claim
0,POL-961098,2024-10-22 19:45:18.277133,purchase
0,POL-197076,2024-10-22 20:11:16.403236,claim
0,POL-163004,2024-10-22 23:33:55.549518,cancellation
0,POL-276685,2024-10-22 23:35:50.511971,claim
0,POL-904614,2024-10-23 03:46:43.602697,renewal
0,POL-176534,2024-10-23 04:11:54.584198,claim
0,POL-007346,2024-10-23 04:31:06.439444,claim
0,POL-153962,2024-10-23 06:15:36.579141,claim
0,POL-275701,2024-10-23 06:45:30.234862,renewal
0,POL-567636,2024-10-23 07:33:21.857754,claim
0,POL-124086,2024-10-23 07:49:12.845465,claim
0,POL-461856,2024-10-23 08:56:54.546732,claim
0,POL-769192,2024-10-23 10:16:37.048280,renewal
0,POL-771608,2024-10-23 12:40:46.251142,renewal
0,POL-345676,2024-10-23 12:57:37.181518,renewal
0,POL-950619,2024-10-23 14:14:24.353672,renewal
0,663917,2024-10-23 15:49:26.915922,cancellation
0,POL-977069,2024-10-23 17:02:57.689688,purchase
0,POL-582560,2024-10-23 19:09:13.696594,purchase
0,POL-427750,2024-10-23 19:19:58.903737,claim
0,POL-505921,2024-10-23 19:27:44.713541,purchase
0,POL-015817,2024-10-23 19:28:39.581035,claim
0,POL-782453,2024-10-23 19:33:05.444597,renewal
0,POL-885976,2024-10-23 20:28:51.214132,purchase
0,POL-308182,2024-10-23 23:13:56.453244,renewal
0,POL-313015,2024-10-23 23:44:33.342207,claim
0,POL-344842,2024-10-24 00:23:22.564603,purchase
0,POL-817207,2024-10-24 02:43:55.235564,purchase
0,POL-470605,2024-10-24 04:12:26.347541,cancellation
0,POL-926151,2024-10-24 04:31:15.281106,claim
0,POL-481463,2024-10-24 05:02:05.394959,purchase
0,POL-192602,2024-10-24 05:35:20.686527,claim
0,POL-782654,2024-10-24 05:56:31.517906,claim
0,POL-701986,2024-10-24 07:56:52.156459,renewal
0,POL-326049,2024-10-24 10:23:42.125730,cancellation
0,POL-278611,2024-10-24 10:29:04.903305,renewal
0,250471,2024-10-24 11:29:36.504301,claim
0,POL-074890,2024-10-24 11:53:32.117839,renewal
0,POL-053310,2024-10-24 14:36:31.743984,cancellation
0,POL-114671,2024-10-24 14:57:47.192481,purchase
0,POL-726968,2024-10-24 16:36:22.025606,cancellation
0,POL-621860,2024-10-24 21:06:19.336335,renewal
0,POL-254862,2024-10-24 22:22:22.775941,purchase
0,POL-600879,2024-10-25 00:12:11.006693,renewal
0,POL-863932,2024-10-25 01:36:31.633581,claim
0,POL-818191,2024-10-25 01:54:59.601839,cancellation
0,POL-659809,2024-10-25 02:21:09.909524,claim
0,POL-105092,2024-10-25 06:46:59.703312,purchase
0,POL-252253,2024-10-25 06:57:23.790268,purchase
0,POL-146557,2024-10-25 11:04:43.292420,cancellation
0,098632,2024-10-25 11:36:44.448547,purchase
0,POL-345383,2024-10-25 13:32:01.409893,renewal
0,POL-432218,2024-10-25 15:40:35.730597,purchase
0,POL-246296,2024-10-25 15:45:22.041198,cancellation
0,POL-931200,2024-10-25 16:11:10.871201,purchase
0,POL-600852,2024-10-25 18:29:08.148878,claim
0,POL-843010,2024-10-25 19:23:59.421175,claim
0,POL-561045,2024-10-25 19:56:02.300851,cancellation
0,POL-374594,2024-10-25 20:11:24.455180,claim
0,POL-493073,2024-10-25 22:18:50.321966,renewal
0,POL-316523,2024-10-25 23:25:50.748066,claim
0,POL-497887,2024-10-25 23:40:31.162341,purchase
0,POL-525904,2024-10-26 00:05:55.031505,renewal
0,POL-900661,2024-10-26 01:04:21.988385,renewal
0,POL-019556,2024-10-26 03:13:32.639460,purchase
0,POL-772155,2024-10-26 04:14:45.943083,cancellation
0,POL-364150,2024-10-26 04:38:13.331486,purchase
0,POL-657061,2024-10-26 07:12:32.587739,renewal
0,POL-305872,2024-10-26 07:43:34.029959,claim
0,POL-468028,2024-10-26 09:49:39.387391,purchase
0,POL-694252,2024-10-26 11:35:26.305513,claim
0,POL-776989,2024-10-26 11:57:46.120928,renewal
0,POL-673756,2024-10-26 12:37:24.677599,cancellation
0,POL-137415,2024-10-26 12:44:12.952277,renewal
0,POL-433461,2024-10-26 14:01:50.112117,cancellation
0,POL-847195,2024-10-26 14:07:22.861149,claim
0,POL-716810,2024-10-26 14:15:33.976109,purchase
0,POL-350899,2024-10-26 14:19:40.955381,renewal
0,POL-271317,2024-10-26 14:23:00.203177,claim
0,POL-220815,2024-10-26 14:46:53.886898,claim
0,POL-319005,2024-10-26 15:14:47.966526,claim
0,POL-312100,2024-10-26 15:27:31.496434,cancellation
0,POL-873514,2024-10-26 17:12:42.058720,renewal
0,POL-600289,2024-10-26 18:00:45.321172,purchase
0,POL-975181,2024-10-26 18:03:09.143318,cancellation
0,POL-099810,2024-10-26 18:40:48.197038,claim
0,POL-817032,2024-10-26 19:40:50.236471,purchase
0,POL-306149,2024-10-26 20:09:30.347057,claim
0,POL-548177,2024-10-26 20:14:07.288418,cancellation
0,POL-818191,2024-10-26 20:20:00.322966,purchase
0,POL-069358,2024-10-26 20:47:03.593038,purchase
0,POL-126865,2024-10-26 21:01:13.658720,purchase
0,POL-401753,2024-10-26 21:04:26.672739,renewal
0,POL-864996,2024-10-27 01:26:02.540322,claim
0,POL-956364,2024-10-27 03:47:57.085155,claim
0,POL-900571,2024-10-27 07:47:42.039971,renewal
0,POL-452069,2024-10-27 09:32:23.898370,renewal
0,POL-798543,2024-10-27 10:30:49.892733,claim
0,POL-188521,2024-10-27 10:36:30.219304,cancellation
0,POL-613058,2024-10-27 11:19:22.971086,purchase
0,167077,2024-10-27 11:22:33.472974,renewal
0,POL-765114,2024-10-27 11:51:44.537898,claim
0,POL-324862,2024-10-27 12:04:52.599958,renewal
0,POL-125330,2024-10-27 12:27:44.687055,purchase
0,POL-320075,2024-10-27 13:55:27.930058,renewal
0,POL-109659,2024-10-27 14:12:50.700264,cancellation
0,POL-623489,2024-10-27 14:58:41.726454,cancellation
0,POL-856537,2024-10-27 18:46:41.697867,renewal
0,POL-624395,2024-10-27 19:03:04.483446,renewal
0,POL-279072,2024-10-27 22:04:31.348911,renewal
0,POL-274808,2024-10-28 01:29:24.855075,cancellation
0,POL-132949,2024-10-28 01:42:22.567615,purchase
0,POL-184709,2024-10-28 01:43:52.023566,purchase
0,POL-982375,2024-10-28 01:59:37.619740,purchase
0,POL-765043,2024-10-28 02:27:20.816436,cancellation
0,POL-452545,2024-10-28 03:51:50.942662,cancellation
0,POL-653672,2024-10-28 04:39:38.376127,cancellation
0,POL-002758,2024-10-28 07:11:36.722896,claim
0,POL-254260,2024-10-28 08:48:43.827037,cancellation
0,POL-997423,2024-10-28 09:46:12.171195,purchase
0,POL-231306,2024-10-28 10:34:08.033028,claim
0,POL-533609,2024-10-28 11:08:27.426418,purchase
0,POL-488260,2024-10-28 11:17:57.814749,renewal
0,POL-490132,2024-10-28 11:35:00.874367,claim
0,POL-693844,2024-10-28 12:05:51.858484,purchase
0,POL-640811,2024-10-28 13:46:14.359814,purchase
0,POL-275898,2024-10-28 14:06:45.858452,claim
0,POL-319321,2024-10-28 15:07:25.796015,claim
0,POL-544508,2024-10-28 15:24:52.543254,claim
0,POL-870189,2024-10-28 16:20:57.725847,purchase
0,POL-118327,2024-10-28 16:32:40.771233,claim
0,POL-011496,2024-10-28 18:07:49.820510,cancellation
0,POL-745471,2024-10-28 18:31:26.791985,cancellation
0,POL-285140,2024-10-28 19:42:03.920861,cancellation
0,POL-814696,2024-10-28 20:27:58.232127,claim
0,POL-184723,2024-10-28 21:17:23.089572,purchase
0,POL-289064,2024-10-28 21:24:18.157090,cancellation
0,POL-059830,2024-10-28 21:27:03.031257,cancellation
0,POL-821931,2024-10-28 23:54:56.000260,purchase
0,POL-479213,2024-10-29 02:46:21.365274,purchase
0,POL-902519,2024-10-29 03:32:28.369531,claim
0,POL-126448,2024-10-29 04:05:02.753942,purchase
0,POL-724116,2024-10-29 04:21:34.436499,claim
0,POL-873994,2024-10-29 05:03:32.282693,purchase
0,POL-979026,2024-10-29 06:01:51.874704,cancellation
0,POL-434408,2024-10-29 06:43:51.293629,cancellation
0,POL-832501,2024-10-29 06:45:41.391902,cancellation
0,POL-159641,2024-10-29 07:02:03.543529,purchase
0,POL-144669,2024-10-29 09:07:14.108060,purchase
0,POL-567146,2024-10-29 09:09:49.727006,purchase
0,POL-656462,2024-10-29 12:22:03.898219,purchase
0,POL-848746,2024-10-29 12:41:49.522056,claim
0,POL-779787,2024-10-29 13:11:30.573442,cancellation
0,POL-624932,2024-10-29 14:42:43.750520,purchase
0,POL-764395,2024-10-29 15:26:56.802372,claim
0,POL-922125,2024-10-29 22:51:12.455765,cancellation
0,POL-992778,2024-10-29 23:58:48.546461,cancellation
0,POL-563487,2024-10-30 00:10:25.274822,renewal
0,POL-341690,2024-10-30 00:54:10.622301,purchase
0,POL-293254,2024-10-30 01:05:29.900233,renewal
0,POL-495665,2024-10-30 02:32:53.243555,renewal
0,POL-379344,2024-10-30 02:44:22.098176,renewal
0,POL-096776,2024-10-30 02:46:51.766698,claim
0,POL-019488,2024-10-30 02:53:20.059294,claim
0,POL-901557,2024-10-30 03:33:45.058736,renewal
0,POL-697457,2024-10-30 03:36:44.524960,cancellation
0,POL-479254,2024-10-30 04:20:30.839586,cancellation
0,POL-153329,2024-10-30 04:25:22.463504,claim
0,POL-110627,2024-10-30 04:34:31.138314,renewal
0,POL-117937,2024-10-30 05:15:51.587276,purchase
0,POL-289505,2024-10-30 11:03:36.399072,claim
0,POL-651058,2024-10-30 11:22:22.821329,cancellation
0,POL-864782,2024-10-30 11:57:09.762556,claim
0,POL-662242,2024-10-30 12:13:20.918636,renewal
0,POL-460286,2024-10-30 13:57:57.806733,cancellation
0,POL-570629,2024-10-30 15:42:01.675624,renewal
0,POL-900571,2024-10-30 17:06:45.958153,cancellation
0,POL-026530,2024-10-30 17:19:01.467664,renewal
0,POL-687236,2024-10-30 18:44:21.306581,claim
0,POL-978757,2024-10-30 20:25:15.708120,purchase
0,POL-194904,2024-10-30 20:46:01.108711,purchase
0,POL-933502,2024-10-30 21:17:02.907960,cancellation
0,POL-242153,2024-10-30 21:20:46.107439,renewal
0,POL-233947,2024-10-31 00:01:44.912876,purchase
0,POL-464389,2024-10-31 00:28:25.643232,purchase
0,POL-671160,2024-10-31 00:58:43.924659,renewal
0,POL-036853,2024-10-31 01:55:48.760606,renewal
0,POL-648008,2024-10-31 01:56:37.471098,claim
0,POL-366119,2024-10-31 01:58:19.009260,renewal
0,POL-679337,2024-10-31 02:06:41.187966,purchase
0,POL-518368,2024-10-31 02:48:58.707489,purchase
0,POL-413299,2024-10-31 05:30:56.307651,cancellation
0,POL-277957,2024-10-31 06:51:15.283552,claim
0,POL-457590,2024-10-31 08:22:54.067986,claim
0,POL-292668,2024-10-31 10:12:16.250373,cancellation
0,POL-329930,2024-10-31 11:28:17.477175,renewal
0,POL-298819,2024-10-31 13:06:32.374109,cancellation
0,POL-596065,2024-10-31 13:08:59.600093,purchase
0,POL-468990,2024-10-31 13:23:37.110875,purchase
0,POL-295014,2024-10-31 14:21:46.134650,purchase
0,POL-330335,2024-10-31 14:26:57.833344,purchase
0,POL-564374,2024-10-31 14:46:04.923462,cancellation
0,POL-836431,2024-10-31 15:39:37.168612,claim
0,POL-063178,2024-10-31 15:42:50.770735,renewal
0,POL-492909,2024-10-31 16:54:03.126712,renewal
0,POL-303617,2024-10-31 19:03:03.201214,claim
0,POL-639750,2024-10-31 19:12:21.602188,cancellation
0,POL-501608,2024-10-31 19:55:28.134560,purchase
0,POL-628831,2024-10-31 21:57:00.040850,purchase
0,POL-684326,2024-10-31 22:08:55.609751,purchase
0,POL-450414,2024-10-31 23:14:48.301948,cancellation
0,POL-551480,2024-11-01 00:18:57.743145,purchase
0,POL-059067,2024-11-01 03:15:35.797927,renewal
0,POL-945116,2024-11-01 03:20:33.629141,renewal
0,POL-357125,2024-11-01 03:51:23.795511,cancellation
0,POL-159641,2024-11-01 04:39:59.896514,purchase
0,POL-745564,2024-11-01 04:57:18.414950,purchase
0,POL-987859,2024-11-01 05:17:02.144160,renewal
0,POL-087402,2024-11-01 06:12:01.524522,claim
0,POL-574511,2024-11-01 06:20:38.433184,purchase
0,POL-094212,2024-11-01 07:47:54.361843,claim
0,POL-390496,2024-11-01 08:01:59.634764,purchase
0,POL-939463,2024-11-01 09:35:26.628594,cancellation
0,POL-220815,2024-11-01 10:22:40.519322,renewal
0,POL-199112,2024-11-01 12:51:07.129124,claim
0,POL-087562,2024-11-01 13:38:57.758471,cancellation
0,POL-495199,2024-11-01 14:37:56.770185,renewal
0,POL-177240,2024-11-01 14:47:57.418640,purchase
0,POL-110627,2024-11-01 19:01:49.236226,renewal
0,POL-678430,2024-11-01 20:43:21.771294,purchase
0,POL-358322,2024-11-01 21:14:41.840605,renewal
0,POL-535500,2024-11-01 21:15:26.909223,purchase
0,POL-459597,2024-11-01 21:21:10.912663,claim
0,POL-621920,2024-11-01 23:46:32.006404,claim
0,POL-596931,2024-11-02 00:05:11.232991,purchase
0,POL-122164,2024-11-02 00:48:12.868546,renewal
0,POL-387140,2024-11-02 03:03:23.872495,claim
0,POL-792413,2024-11-02 03:17:34.580027,cancellation
0,POL-619411,2024-11-02 07:16:21.504890,claim
0,POL-280649,2024-11-02 07:40:35.652835,purchase
0,POL-332000,2024-11-02 07:52:22.355198,cancellation
0,POL-324650,2024-11-02 08:12:07.641995,cancellation
0,POL-022502,2024-11-02 08:24:37.360862,cancellation
0,POL-555079,2024-11-02 09:21:23.431435,claim
0,POL-222188,2024-11-02 09:43:51.498636,renewal
0,439274,2024-11-02 09:55:09.109275,cancellation
0,POL-206039,2024-11-02 13:47:40.587831,renewal
0,099346,2024-11-02 14:48:35.986594,renewal
0,POL-233236,2024-11-02 17:38:09.345283,cancellation
0,POL-691628,2024-11-02 17:44:23.775404,purchase
0,POL-476098,2024-11-02 18:29:56.654376,claim
0,162141,2024-11-02 18:49:08.313613,cancellation
0,POL-181526,2024-11-02 19:00:33.318356,renewal
0,POL-961083,2024-11-02 20:10:53.318619,cancellation
0,POL-363184,2024-11-02 22:26:09.026860,claim
0,POL-768046,2024-11-02 22:47:25.299506,renewal
0,POL-223935,2024-11-03 00:22:56.232442,renewal
0,POL-390528,2024-11-03 04:35:04.835015,cancellation
0,POL-560130,2024-11-03 04:42:46.024115,renewal
0,POL-837208,2024-11-03 06:41:54.803042,renewal
0,POL-040313,2024-11-03 09:48:31.897099,purchase
0,POL-180094,2024-11-03 10:23:06.202131,renewal
0,POL-581986,2024-11-03 12:12:31.749143,renewal
0,POL-719428,2024-11-03 13:29:21.351152,cancellation
0,POL-816920,2024-11-03 14:50:01.899171,cancellation
0,POL-583405,2024-11-03 15:45:55.905380,purchase
0,POL-318476,2024-11-03 16:05:57.584990,renewal
0,POL-137044,2024-11-03 16:26:32.098710,renewal
0,POL-470384,2024-11-03 18:12:07.164975,purchase
0,POL-860723,2024-11-03 19:03:25.527571,cancellation
0,POL-461270,2024-11-03 19:58:17.644485,renewal
0,POL-860723,2024-11-03 20:04:09.331437,renewal
0,POL-239365,2024-11-03 20:29:20.570170,renewal
0,POL-982375,2024-11-03 20:57:42.599693,claim
0,POL-814166,2024-11-03 23:03:24.837599,claim
0,POL-704860,2024-11-03 23:08:57.762872,cancellation
0,POL-021605,2024-11-04 01:30:55.574935,claim
0,POL-008118,2024-11-04 02:51:27.766076,cancellation
0,POL-010067,2024-11-04 05:01:09.033062,cancellation
0,POL-891220,2024-11-04 05:43:30.654708,purchase
0,POL-958215,2024-11-04 07:06:55.510420,claim
0,POL-051633,2024-11-04 07:48:57.141247,claim
0,POL-586766,2024-11-04 08:28:08.680816,claim
0,POL-940908,2024-11-04 10:22:19.505573,renewal
0,POL-697538,2024-11-04 10:25:50.524493,purchase
0,POL-325038,2024-11-04 10:37:18.112225,purchase
0,POL-483744,2024-11-04 13:10:15.461462,claim
0,POL-886626,2024-11-04 13:16:36.332824,purchase
0,POL-139485,2024-11-04 16:17:30.580463,purchase
0,POL-301621,2024-11-04 17:33:58.905505,renewal
0,POL-806704,2024-11-04 19:14:40.363530,renewal
0,POL-007359,2024-11-04 20:01:52.750165,claim
0,POL-745284,2024-11-04 20:15:05.988902,cancellation
0,POL-137914,2024-11-04 20:46:55.865195,claim
0,POL-953616,2024-11-04 22:29:10.909617,purchase
0,POL-434289,2024-11-04 22:50:56.102611,claim
0,POL-324145,2024-11-04 23:11:19.382125,renewal
0,POL-765625,2024-11-05 00:31:21.575626,cancellation
0,POL-753690,2024-11-05 02:05:35.108358,purchase
0,POL-874730,2024-11-05 02:48:09.585391,purchase
0,POL-710702,2024-11-05 04:14:58.603192,purchase
0,POL-154555,2024-11-05 04:22:54.691058,purchase
0,POL-489660,2024-11-05 05:12:56.391212,purchase
0,POL-278460,2024-11-05 06:18:06.979925,purchase
0,POL-630802,2024-11-05 06:53:12.072582,renewal
0,POL-702411,2024-11-05 07:12:18.986737,renewal
0,POL-163162,2024-11-05 08:38:54.711162,renewal
0,POL-408256,2024-11-05 10:51:35.905027,cancellation
0,POL-683350,2024-11-05 12:07:44.850578,renewal
0,POL-503827,2024-11-05 12:15:33.563455,renewal
0,POL-178414,2024-11-05 13:17:33.802906,claim
0,POL-682895,2024-11-05 14:58:55.960894,claim
0,POL-119510,2024-11-05 17:36:53.923100,cancellation
0,POL-230492,2024-11-05 18:26:41.955063,purchase
0,POL-290712,2024-11-05 18:29:37.872914,purchase
0,POL-776508,2024-11-05 18:39:32.344328,claim
0,POL-633561,2024-11-05 20:13:15.658060,claim
0,POL-065572,2024-11-05 21:26:21.141700,purchase
0,POL-808271,2024-11-05 22:31:30.628685,claim
0,403295,2024-11-06 01:09:58.001285,renewal
0,POL-907707,2024-11-06 01:14:37.801334,claim
0,POL-646492,2024-11-06 01:48:50.974064,cancellation
0,POL-960476,2024-11-06 06:30:19.414991,renewal
0,POL-593494,2024-11-06 07:05:25.405189,renewal
0,POL-276384,2024-11-06 07:55:20.656557,cancellation
0,POL-554129,2024-11-06 08:29:41.002561,cancellation
0,POL-206081,2024-11-06 10:40:33.662801,claim
0,POL-045999,2024-11-06 11:50:28.856533,purchase
0,POL-994499,2024-11-06 11:56:25.458277,renewal
0,POL-792668,2024-11-06 13:57:05.948579,cancellation
0,919419,2024-11-06 14:18:57.849300,cancellation
0,POL-435308,2024-11-06 15:29:08.369833,claim
0,POL-197653,2024-11-06 17:02:16.029227,cancellation
0,POL-645059,2024-11-06 17:04:11.443832,cancellation
0,099346,2024-11-06 17:16:12.887088,cancellation
0,POL-153724,2024-11-06 19:18:59.019488,claim
0,POL-575808,2024-11-06 21:33:18.270726,renewal
0,POL-741285,2024-11-06 21:40:08.198165,renewal
0,POL-121498,2024-11-06 23:03:03.850210,renewal
0,POL-387235,2024-11-06 23:03:46.995469,renewal
0,POL-980659,2024-11-07 00:16:14.171198,claim
0,POL-624506,2024-11-07 07:17:50.481584,purchase
0,POL-642974,2024-11-07 08:52:48.768804,cancellation
0,POL-444341,2024-11-07 09:41:09.011174,renewal
0,POL-921079,2024-11-07 10:18:32.691475,purchase
0,POL-387140,2024-11-07 10:20:34.933022,claim
0,POL-206164,2024-11-07 11:59:00.333558,renewal
0,POL-603541,2024-11-07 12:11:34.699747,renewal
0,POL-406876,2024-11-07 13:00:44.827559,claim
0,POL-308569,2024-11-07 14:27:57.915194,claim
0,POL-431206,2024-11-07 17:03:48.342929,claim
0,POL-840314,2024-11-07 17:51:42.131037,cancellation
0,POL-482794,2024-11-07 18:11:07.230732,cancellation
0,POL-189872,2024-11-07 18:19:34.588903,renewal
0,POL-752255,2024-11-07 20:26:25.145923,claim
0,POL-206039,2024-11-07 20:43:55.678939,purchase
0,POL-482794,2024-11-07 21:19:14.565636,renewal
0,POL-313024,2024-11-07 23:25:41.087414,renewal
0,POL-163004,2024-11-07 23:54:19.318896,renewal
0,POL-186072,2024-11-08 06:12:11.042682,purchase
0,POL-308569,2024-11-08 08:53:12.913014,purchase
0,POL-413170,2024-11-08 12:27:53.432942,claim
0,POL-781579,2024-11-08 13:37:26.826038,renewal
0,POL-651948,2024-11-08 14:02:24.626743,cancellation
0,POL-175168,2024-11-08 14:21:11.053045,claim
0,POL-921684,2024-11-08 14:22:53.370548,renewal
0,004919,2024-11-08 14:35:03.571623,renewal
0,POL-005235,2024-11-08 16:37:26.768582,purchase
0,POL-887251,2024-11-08 17:56:57.571987,purchase
0,POL-817032,2024-11-08 18:14:22.846254,renewal
0,POL-827335,2024-11-08 20:34:02.004870,renewal
0,POL-126790,2024-11-08 20:36:06.197667,purchase
0,POL-635788,2024-11-08 23:08:50.310179,purchase
0,POL-865807,2024-11-08 23:11:12.111540,renewal
0,POL-620679,2024-11-08 23:25:51.463638,cancellation
0,POL-357896,2024-11-09 00:37:11.492095,renewal
0,POL-394539,2024-11-09 00:49:35.558868,claim
0,POL-814696,2024-11-09 01:41:44.524396,renewal
0,POL-765153,2024-11-09 03:56:48.617066,claim
0,POL-342341,2024-11-09 05:07:35.395478,purchase
0,POL-097932,2024-11-09 05:34:05.852439,renewal
0,POL-669986,2024-11-09 05:52:22.046201,renewal
0,POL-552900,2024-11-09 06:22:05.141014,cancellation
0,POL-406876,2024-11-09 07:16:25.373319,purchase
0,POL-485636,2024-11-09 07:49:15.117647,claim
0,POL-882977,2024-11-09 07:55:13.430195,claim
0,POL-913034,2024-11-09 08:38:23.920563,renewal
0,POL-470605,2024-11-09 09:18:58.889299,purchase
0,POL-615645,2024-11-09 09:19:55.631106,claim
0,POL-566838,2024-11-09 09:33:43.219740,cancellation
0,POL-703089,2024-11-09 11:54:30.039296,purchase
0,POL-745901,2024-11-09 12:44:20.893275,cancellation
0,POL-448301,2024-11-09 15:05:20.144389,claim
0,POL-224773,2024-11-09 15:17:14.219108,claim
0,POL-161051,2024-11-09 17:36:46.483832,cancellation
0,POL-833094,2024-11-09 20:00:29.811884,purchase
0,POL-832042,2024-11-09 20:59:09.032683,purchase
0,POL-548625,2024-11-10 01:13:06.704470,cancellation
0,POL-451710,2024-11-10 02:28:03.769462,purchase
0,POL-073759,2024-11-10 03:22:37.148822,claim
0,POL-110171,2024-11-10 05:22:48.181233,purchase
0,422958,2024-11-10 05:32:28.894499,claim
0,POL-144591,2024-11-10 06:27:11.615524,renewal
0,POL-987816,2024-11-10 06:47:47.333083,renewal
0,POL-997833,2024-11-10 07:15:09.675676,renewal
0,POL-962230,2024-11-10 10:13:36.588598,claim
0,POL-267062,2024-11-10 11:16:52.152628,purchase
0,POL-662797,2024-11-10 12:35:52.780120,renewal
0,POL-538316,2024-11-10 13:54:29.728903,purchase
0,POL-875297,2024-11-10 15:00:26.890100,renewal
0,POL-474935,2024-11-10 15:12:12.077423,claim
0,POL-139662,2024-11-10 16:25:55.202518,purchase
0,POL-105891,2024-11-10 19:28:03.560302,purchase
0,POL-411326,2024-11-10 21:33:46.319422,renewal
0,POL-961083,2024-11-10 22:04:52.562631,claim
0,POL-821694,2024-11-10 22:55:47.651944,renewal
0,POL-896197,2024-11-10 22:57:18.131933,claim
0,POL-823416,2024-11-11 00:41:59.872196,renewal
0,POL-975343,2024-11-11 02:48:42.761147,purchase
0,POL-217322,2024-11-11 03:21:53.364525,cancellation
0,POL-771740,2024-11-11 04:01:13.175735,renewal
0,POL-153962,2024-11-11 04:31:55.089370,cancellation
0,POL-667451,2024-11-11 04:40:32.281132,renewal
0,POL-845954,2024-11-11 05:22:33.148709,purchase
0,POL-161419,2024-11-11 06:31:30.325246,purchase
0,POL-163971,2024-11-11 07:44:06.658289,cancellation
0,POL-446727,2024-11-11 09:06:03.963998,purchase
0,POL-741784,2024-11-11 09:12:45.381608,renewal
0,POL-755726,2024-11-11 11:30:32.189569,purchase
0,POL-293131,2024-11-11 12:20:16.999791,cancellation
0,POL-684550,2024-11-11 13:19:17.196074,cancellation
0,POL-782654,2024-11-11 13:45:12.376922,purchase
0,POL-523440,2024-11-11 14:36:19.381560,renewal
0,POL-755632,2024-11-11 15:16:54.592909,cancellation
0,POL-218015,2024-11-11 15:26:07.782396,cancellation
0,POL-994615,2024-11-11 16:22:56.148084,cancellation
0,POL-244071,2024-11-11 18:39:26.474426,renewal
0,POL-060925,2024-11-11 22:13:41.039203,purchase
0,POL-009821,2024-11-12 00:06:40.216418,purchase
0,POL-479213,2024-11-12 01:04:55.868490,claim
0,POL-980826,2024-11-12 05:18:11.318711,cancellation
0,POL-488573,2024-11-12 05:57:42.659522,claim
0,POL-359794,2024-11-12 06:19:00.889011,cancellation
0,POL-231518,2024-11-12 06:20:42.898003,cancellation
0,POL-435832,2024-11-12 07:16:03.653755,claim
0,POL-222188,2024-11-12 08:39:45.147149,cancellation
0,POL-885481,2024-11-12 10:10:47.462927,renewal
0,POL-835467,2024-11-12 10:20:52.249270,claim
0,POL-293035,2024-11-12 10:27:19.323355,cancellation
0,POL-433885,2024-11-12 11:39:21.921620,claim
0,POL-694366,2024-11-12 12:24:39.101221,claim
0,POL-267062,2024-11-12 16:01:33.067605,purchase
0,POL-391009,2024-11-12 16:08:38.232355,cancellation
0,POL-683415,2024-11-12 16:28:18.647967,claim
0,POL-365879,2024-11-12 16:54:47.742107,cancellation
0,POL-673135,2024-11-12 18:40:53.894939,renewal
0,POL-172533,2024-11-12 19:12:27.901203,purchase
0,POL-932487,2024-11-12 19:45:55.000080,cancellation
0,POL-446341,2024-11-12 20:44:43.153404,purchase
0,POL-423243,2024-11-12 21:04:49.917343,cancellation
0,POL-778336,2024-11-12 21:16:38.207537,claim
0,POL-073759,2024-11-12 22:01:10.491204,claim
0,POL-713629,2024-11-12 22:37:34.617395,renewal
0,POL-541295,2024-11-13 01:00:06.700645,claim
0,POL-127026,2024-11-13 01:52:54.086997,cancellation
0,POL-021605,2024-11-13 03:12:20.612579,renewal
0,POL-573770,2024-11-13 03:40:23.037280,cancellation
0,POL-634608,2024-11-13 06:26:38.843126,renewal
0,POL-244891,2024-11-13 06:37:23.614380,cancellation
0,POL-426244,2024-11-13 07:38:33.359339,cancellation
0,POL-583790,2024-11-13 14:20:28.654749,purchase
0,POL-752408,2024-11-13 18:00:26.117352,purchase
0,203058,2024-11-13 18:47:18.963296,claim
0,POL-302324,2024-11-13 19:22:51.040405,renewal
0,POL-107683,2024-11-13 23:05:26.390951,cancellation
0,POL-369743,2024-11-13 23:56:37.272452,renewal
0,452446,2024-11-14 00:03:09.551650,purchase
0,POL-503402,2024-11-14 01:01:24.517903,renewal
0,POL-943640,2024-11-14 01:40:15.218098,purchase
0,POL-620067,2024-11-14 03:08:52.230744,renewal
0,POL-988158,2024-11-14 03:20:48.961327,claim
0,POL-197273,2024-11-14 05:49:54.000695,claim
0,POL-700424,2024-11-14 05:57:18.520275,renewal
0,POL-014220,2024-11-14 07:16:17.535523,claim
0,POL-130968,2024-11-14 07:50:54.329369,renewal
0,POL-960573,2024-11-14 07:55:04.515908,renewal
0,POL-939839,2024-11-14 08:12:56.977170,purchase
0,POL-238849,2024-11-14 08:16:16.866908,purchase
0,POL-452920,2024-11-14 08:42:36.519987,claim
0,POL-630180,2024-11-14 08:57:01.970695,cancellation
0,POL-776375,2024-11-14 09:30:16.338244,claim
0,POL-451710,2024-11-14 09:33:07.689317,claim
0,POL-321068,2024-11-14 10:49:48.985960,renewal
0,POL-481395,2024-11-14 12:17:36.835222,claim
0,POL-325038,2024-11-14 12:42:34.001604,purchase
0,POL-878422,2024-11-14 13:42:32.320661,renewal
0,POL-115272,2024-11-14 13:47:31.340888,cancellation
0,POL-615309,2024-11-14 14:09:50.915980,purchase
0,POL-558405,2024-11-14 14:27:42.859382,cancellation
0,POL-244891,2024-11-14 14:42:52.103209,renewal
0,POL-460141,2024-11-14 14:59:32.598728,claim
0,POL-891070,2024-11-14 15:41:38.188955,cancellation
0,POL-384588,2024-11-14 17:22:04.245376,claim
0,085015,2024-11-14 18:00:52.101816,claim
0,POL-020279,2024-11-14 18:09:55.174932,purchase
0,POL-950863,2024-11-14 18:55:17.691371,renewal
0,POL-475790,2024-11-14 19:02:56.021877,purchase
0,POL-853947,2024-11-14 19:23:35.142412,claim
0,POL-729840,2024-11-14 19:24:50.144563,renewal
0,POL-839749,2024-11-14 20:17:06.640697,cancellation
0,POL-751630,2024-11-14 20:25:50.849473,renewal
0,POL-118100,2024-11-14 20:59:46.854450,claim
0,POL-095310,2024-11-14 21:39:27.233515,renewal
0,POL-290796,2024-11-14 21:44:01.436138,purchase
0,POL-181526,2024-11-14 22:58:42.906003,cancellation
0,POL-154725,2024-11-14 23:37:50.578413,purchase
0,POL-391832,2024-11-15 02:51:02.047290,claim
0,POL-998390,2024-11-15 05:09:06.610534,renewal
0,POL-178392,2024-11-15 08:00:38.298997,purchase
0,POL-471767,2024-11-15 08:13:19.294106,renewal
0,POL-154675,2024-11-15 08:41:33.161323,renewal
0,POL-573770,2024-11-15 11:36:26.024679,renewal
0,POL-994509,2024-11-15 11:40:33.863923,claim
0,POL-200977,2024-11-15 12:51:52.621830,purchase
0,POL-729840,2024-11-15 13:09:47.096486,purchase
0,POL-835230,2024-11-15 13:14:06.226075,claim
0,POL-367806,2024-11-15 16:04:38.302433,renewal
0,POL-736130,2024-11-15 16:18:20.875615,purchase
0,POL-090461,2024-11-15 16:18:44.382963,renewal
0,POL-899663,2024-11-15 16:32:41.448229,renewal
0,POL-713459,2024-11-15 16:44:34.204902,purchase
0,POL-154728,2024-11-15 19:09:53.322450,renewal
0,POL-972770,2024-11-15 20:05:11.478551,cancellation
0,POL-090446,2024-11-15 21:06:04.787947,purchase
0,POL-961098,2024-11-15 22:05:03.864175,cancellation
0,POL-221290,2024-11-15 22:39:24.999594,claim
0,POL-356997,2024-11-16 04:13:29.658144,purchase
0,POL-684234,2024-11-16 04:25:12.526341,renewal
0,POL-887647,2024-11-16 05:42:58.016111,renewal
0,POL-098358,2024-11-16 06:23:00.416340,purchase
0,POL-059067,2024-11-16 07:53:39.236379,renewal
0,POL-832763,2024-11-16 08:07:22.259275,renewal
0,POL-356759,2024-11-16 09:49:17.231413,cancellation
0,POL-607849,2024-11-16 12:28:07.718556,renewal
0,POL-859925,2024-11-16 13:43:20.551183,renewal
0,POL-514238,2024-11-16 13:53:53.879946,cancellation
0,POL-293035,2024-11-16 14:17:04.074263,renewal
0,POL-683382,2024-11-16 14:17:05.698181,cancellation
0,POL-913639,2024-11-16 20:11:16.918542,purchase
0,POL-482583,2024-11-16 20:23:49.567593,claim
0,POL-565686,2024-11-16 20:36:53.943646,cancellation
0,POL-084468,2024-11-16 22:15:02.285633,cancellation
0,POL-275701,2024-11-16 22:23:38.704510,purchase
0,POL-803962,2024-11-16 23:59:22.877868,claim
0,POL-391527,2024-11-17 00:46:00.017071,cancellation
0,POL-006607,2024-11-17 04:18:21.661933,purchase
0,POL-800383,2024-11-17 04:32:26.625088,claim
0,POL-771530,2024-11-17 04:37:55.938140,renewal
0,POL-738879,2024-11-17 05:48:05.817382,purchase
0,POL-162589,2024-11-17 07:03:48.817605,purchase
0,POL-296670,2024-11-17 07:27:04.108626,cancellation
0,POL-967821,2024-11-17 09:30:44.662656,cancellation
0,POL-958481,2024-11-17 09:43:09.461678,purchase
0,POL-446675,2024-11-17 09:49:25.374430,cancellation
0,POL-123216,2024-11-17 10:55:50.990112,claim
0,POL-094253,2024-11-17 11:38:49.780041,cancellation
0,POL-126865,2024-11-17 13:22:37.438006,purchase
0,POL-292013,2024-11-17 13:35:01.901328,renewal
0,POL-307128,2024-11-17 14:38:23.296437,cancellation
0,POL-701986,2024-11-17 14:53:09.698116,purchase
0,POL-134664,2024-11-17 15:44:33.256247,renewal
0,POL-647579,2024-11-17 22:35:08.618342,claim
0,POL-575422,2024-11-18 00:16:59.802371,purchase
0,POL-005805,2024-11-18 00:23:06.906048,purchase
0,POL-484022,2024-11-18 00:37:49.362950,cancellation
0,POL-318977,2024-11-18 01:19:29.021835,claim
0,POL-218638,2024-11-18 02:31:36.503899,purchase
0,POL-185293,2024-11-18 03:04:44.996594,renewal
0,POL-696808,2024-11-18 04:12:03.254390,renewal
0,POL-624932,2024-11-18 04:14:07.317618,cancellation
0,POL-150387,2024-11-18 04:54:01.267626,claim
0,POL-515205,2024-11-18 08:38:27.714321,renewal
0,POL-062277,2024-11-18 08:42:51.943826,purchase
0,POL-474900,2024-11-18 11:05:04.342023,purchase
0,POL-806704,2024-11-18 11:43:32.507026,claim
0,POL-911877,2024-11-18 15:02:28.600762,purchase
0,POL-359721,2024-11-18 15:12:06.789734,cancellation
0,POL-769881,2024-11-18 16:35:04.277598,purchase
0,POL-925469,2024-11-18 18:00:27.103042,claim
0,POL-936367,2024-11-18 19:38:23.831671,cancellation
0,POL-734739,2024-11-18 20:25:11.690907,purchase
0,POL-452920,2024-11-18 20:52:50.752556,claim
0,POL-568860,2024-11-18 21:28:25.800604,claim
0,POL-392503,2024-11-18 23:58:21.719324,claim
0,POL-581393,2024-11-19 01:44:51.201904,claim
0,POL-887647,2024-11-19 03:06:00.092253,renewal
0,POL-003293,2024-11-19 03:30:40.500001,renewal
0,POL-479931,2024-11-19 03:44:05.733300,renewal
0,POL-958594,2024-11-19 04:46:39.698066,claim
0,POL-196163,2024-11-19 08:18:47.448853,cancellation
0,POL-431777,2024-11-19 08:27:31.002839,renewal
0,POL-892851,2024-11-19 08:47:23.835213,purchase
0,POL-628007,2024-11-19 10:01:37.151469,renewal
0,POL-582560,2024-11-19 12:04:30.251548,claim
0,POL-236590,2024-11-19 13:09:33.107418,cancellation
0,POL-060091,2024-11-19 13:44:36.937341,purchase
0,POL-107683,2024-11-19 14:42:33.275564,renewal
0,POL-475319,2024-11-19 14:52:07.132380,cancellation
0,POL-716810,2024-11-19 15:17:15.442456,cancellation
0,POL-010411,2024-11-19 16:53:17.939852,cancellation
0,POL-679092,2024-11-19 18:55:29.224015,claim
0,POL-222340,2024-11-19 19:05:31.829892,purchase
0,POL-338562,2024-11-19 19:18:23.938207,cancellation
0,POL-868796,2024-11-19 21:54:57.521046,claim
0,POL-658011,2024-11-19 21:58:31.130438,renewal
0,POL-613142,2024-11-19 23:07:19.419132,cancellation
0,POL-509502,2024-11-19 23:13:41.371004,claim
0,POL-753690,2024-11-19 23:21:09.088759,cancellation
0,POL-664865,2024-11-20 00:01:39.431164,claim
0,POL-928740,2024-11-20 01:44:32.775269,claim
0,POL-620749,2024-11-20 01:48:55.396551,claim
0,POL-427166,2024-11-20 01:53:11.176359,renewal
0,POL-139857,2024-11-20 03:26:32.824936,purchase
0,POL-760680,2024-11-20 04:44:28.763045,renewal
0,POL-744708,2024-11-20 04:54:04.998654,cancellation
0,POL-003293,2024-11-20 05:37:56.027222,claim
0,POL-033450,2024-11-20 05:54:03.315605,claim
0,POL-976840,2024-11-20 06:19:06.077416,claim
0,POL-856632,2024-11-20 06:22:12.430487,cancellation
0,POL-129307,2024-11-20 06:30:02.416997,claim
0,POL-408256,2024-11-20 07:24:35.622582,claim
0,POL-579500,2024-11-20 07:55:45.763332,claim
0,POL-837764,2024-11-20 10:48:20.887161,cancellation
0,POL-529850,2024-11-20 11:18:33.724096,renewal
0,POL-516504,2024-11-20 11:33:02.928624,renewal
0,POL-293099,2024-11-20 11:44:48.693113,purchase
0,POL-077972,2024-11-20 12:21:30.383289,cancellation
0,POL-803473,2024-11-20 12:21:39.561641,purchase
0,POL-128638,2024-11-20 12:42:33.967955,renewal
0,POL-042255,2024-11-20 13:01:15.958476,renewal
0,POL-197653,2024-11-20 14:17:07.648151,renewal
0,POL-950403,2024-11-20 17:01:13.417407,cancellation
0,POL-955560,2024-11-20 18:55:13.371450,cancellation
0,POL-742813,2024-11-20 19:20:05.000747,renewal
0,POL-159395,2024-11-20 19:38:05.757639,claim
0,POL-651058,2024-11-20 20:03:19.113585,cancellation
0,POL-498841,2024-11-20 20:16:10.690334,purchase
0,POL-819101,2024-11-20 21:13:45.660543,cancellation
0,POL-007982,2024-11-20 22:40:27.780736,cancellation
0,POL-616343,2024-11-20 22:53:58.899409,purchase
0,POL-344499,2024-11-21 00:47:11.694458,claim
0,POL-310378,2024-11-21 01:17:39.803472,cancellation
0,680279,2024-11-21 01:18:44.813622,cancellation
0,POL-772155,2024-11-21 02:20:03.534744,cancellation
0,POL-134179,2024-11-21 04:04:05.117979,cancellation
0,POL-994499,2024-11-21 04:48:34.803084,claim
0,POL-660663,2024-11-21 08:03:23.928447,renewal
0,POL-249650,2024-11-21 11:47:06.631823,claim
0,POL-945842,2024-11-21 13:35:28.292360,claim
0,POL-568642,2024-11-21 14:54:49.186890,cancellation
0,POL-768046,2024-11-21 15:11:37.226328,renewal
0,POL-956302,2024-11-21 15:50:18.785999,claim
0,POL-758325,2024-11-21 16:23:18.847575,renewal
0,POL-808461,2024-11-21 17:32:27.729682,renewal
0,POL-555141,2024-11-21 18:36:49.062622,purchase
0,POL-010424,2024-11-21 20:54:19.710929,renewal
0,POL-875297,2024-11-21 21:55:41.883863,claim
0,POL-471557,2024-11-21 22:09:06.858596,claim
0,POL-552732,2024-11-21 22:43:26.481925,purchase
0,POL-267931,2024-11-22 01:50:01.980951,cancellation
0,POL-015817,2024-11-22 05:40:40.698972,purchase
0,POL-150109,2024-11-22 06:29:36.885021,cancellation
0,POL-991639,2024-11-22 09:22:35.359305,claim
0,POL-336552,2024-11-22 12:30:15.006014,purchase
0,POL-248614,2024-11-22 13:10:33.330343,cancellation
0,POL-736584,2024-11-22 13:11:35.881864,cancellation
0,POL-521510,2024-11-22 14:26:46.612963,claim
0,POL-620453,2024-11-22 14:33:49.145868,renewal
0,POL-938416,2024-11-22 18:03:04.245592,claim
0,POL-014124,2024-11-22 19:34:29.340380,purchase
0,POL-103497,2024-11-22 19:38:02.287980,renewal
0,POL-475790,2024-11-22 19:48:25.664396,claim
0,POL-769871,2024-11-22 22:22:20.519628,cancellation
0,POL-346119,2024-11-22 22:57:39.385634,renewal
0,POL-377861,2024-11-23 00:33:27.464564,purchase
0,POL-977835,2024-11-23 00:55:19.297882,purchase
0,POL-759589,2024-11-23 01:25:03.297512,renewal
0,POL-087562,2024-11-23 01:45:03.129973,purchase
0,POL-392503,2024-11-23 02:30:06.240566,cancellation
0,POL-781124,2024-11-23 04:05:39.310223,purchase
0,POL-321474,2024-11-23 05:43:30.441777,purchase
0,POL-471998,2024-11-23 06:33:29.847202,claim
0,POL-678430,2024-11-23 07:01:23.324032,cancellation
0,POL-082952,2024-11-23 07:29:01.304707,renewal
0,POL-729840,2024-11-23 09:55:48.546197,cancellation
0,POL-153750,2024-11-23 10:06:01.182604,claim
0,POL-318411,2024-11-23 11:31:08.935999,purchase
0,POL-173421,2024-11-23 13:31:24.578358,claim
0,POL-925469,2024-11-23 15:28:39.044408,purchase
0,POL-597387,2024-11-23 15:43:43.446044,cancellation
0,POL-678430,2024-11-23 15:54:31.408075,purchase
0,POL-063359,2024-11-23 16:08:55.516271,purchase
0,POL-365849,2024-11-23 19:49:51.887114,purchase
0,167077,2024-11-23 21:51:03.999968,cancellation
0,POL-254862,2024-11-23 22:40:04.306661,cancellation
0,POL-432301,2024-11-23 23:47:51.708939,purchase
0,POL-431386,2024-11-24 00:06:24.591549,purchase
0,543987,2024-11-24 01:25:36.127085,purchase
0,POL-704257,2024-11-24 02:11:34.474634,purchase
0,POL-371259,2024-11-24 02:29:29.972277,renewal
0,POL-072840,2024-11-24 03:08:02.013973,renewal
0,POL-577072,2024-11-24 04:20:27.761071,purchase
0,POL-900661,2024-11-24 04:44:00.736118,purchase
0,POL-503827,2024-11-24 05:30:45.443368,renewal
0,POL-073648,2024-11-24 05:57:32.890074,claim
0,POL-577266,2024-11-24 06:35:18.680378,cancellation
0,997472,2024-11-24 08:51:15.837305,cancellation
0,POL-674112,2024-11-24 09:43:10.744921,renewal
0,POL-151096,2024-11-24 12:12:59.186559,renewal
0,POL-143200,2024-11-24 12:38:11.304460,renewal
0,POL-708045,2024-11-24 13:30:35.442720,renewal
0,POL-672409,2024-11-24 13:52:37.185633,claim
0,POL-715962,2024-11-24 15:15:07.790161,renewal
0,POL-292839,2024-11-24 15:35:03.812240,cancellation
0,POL-124869,2024-11-24 16:20:14.887277,cancellation
0,POL-003428,2024-11-24 16:46:47.051089,claim
0,POL-702774,2024-11-24 17:28:21.194324,claim
0,POL-496510,2024-11-24 17:29:30.689852,purchase
0,POL-217307,2024-11-24 22:36:59.186949,claim
0,POL-329085,2024-11-24 23:13:40.689720,purchase
0,666833,2024-11-25 00:23:07.953908,renewal
0,POL-072698,2024-11-25 01:52:02.165178,claim
0,POL-162881,2024-11-25 02:51:30.439677,renewal
0,POL-958197,2024-11-25 02:54:05.841711,cancellation
0,POL-738734,2024-11-25 03:25:49.881888,cancellation
0,POL-235751,2024-11-25 05:01:35.295703,claim
0,POL-899700,2024-11-25 05:59:05.962742,cancellation
0,POL-492405,2024-11-25 06:13:45.892526,cancellation
0,POL-956682,2024-11-25 06:21:15.367031,purchase
0,POL-880369,2024-11-25 06:21:32.042973,purchase
0,POL-974118,2024-11-25 07:21:25.084357,renewal
0,POL-115932,2024-11-25 08:00:34.779576,purchase
0,POL-367439,2024-11-25 08:19:12.112617,renewal
0,POL-397802,2024-11-25 08:20:25.445167,cancellation
0,POL-718724,2024-11-25 09:24:00.400658,renewal
0,POL-037765,2024-11-25 10:41:17.531624,purchase
0,POL-162272,2024-11-25 10:58:50.467075,renewal
0,POL-793570,2024-11-25 11:08:08.672266,cancellation
0,POL-467201,2024-11-25 11:31:49.544920,purchase
0,POL-041894,2024-11-25 11:41:12.756851,renewal
0,POL-642638,2024-11-25 12:23:05.626300,renewal
0,POL-253570,2024-11-25 13:21:56.680625,renewal
0,POL-555141,2024-11-25 15:19:13.923584,claim
0,POL-841347,2024-11-25 16:52:13.632818,renewal
0,004919,2024-11-25 17:40:08.311826,renewal
0,POL-039829,2024-11-25 18:31:23.277224,claim
0,POL-308341,2024-11-25 21:21:37.155762,purchase
0,POL-158170,2024-11-25 22:56:08.556719,renewal
0,POL-477643,2024-11-26 01:17:48.091555,renewal
0,POL-704257,2024-11-26 02:29:36.016757,claim
0,POL-861817,2024-11-26 04:28:38.614515,claim
0,POL-452740,2024-11-26 05:04:49.173114,claim
0,POL-342934,2024-11-26 05:58:52.262582,renewal
0,POL-721128,2024-11-26 06:23:18.801224,claim
0,POL-472895,2024-11-26 08:02:07.264974,claim
0,POL-953724,2024-11-26 09:20:43.256726,renewal
0,POL-755726,2024-11-26 09:52:57.292047,cancellation
0,POL-835091,2024-11-26 11:08:19.549181,purchase
0,POL-665492,2024-11-26 11:10:43.403685,renewal
0,POL-518580,2024-11-26 11:54:03.421817,purchase
0,POL-652165,2024-11-26 12:11:56.547959,purchase
0,POL-687566,2024-11-26 13:14:05.303954,renewal
0,POL-530771,2024-11-26 13:29:29.856597,cancellation
0,POL-249227,2024-11-26 13:37:02.880812,purchase
0,POL-929741,2024-11-26 13:46:36.555561,purchase
0,POL-696666,2024-11-26 14:09:12.512754,claim
0,POL-325038,2024-11-26 16:58:31.204957,claim
0,POL-152847,2024-11-26 17:41:46.925899,renewal
0,POL-071205,2024-11-26 18:28:51.199992,cancellation
0,POL-371259,2024-11-26 21:03:30.191026,cancellation
0,POL-888856,2024-11-26 21:04:59.281086,claim
0,POL-470878,2024-11-26 21:11:54.232024,cancellation
0,POL-173844,2024-11-26 21:17:10.724549,claim
0,POL-377617,2024-11-26 22:26:58.907653,purchase
0,POL-256910,2024-11-27 01:12:53.923692,purchase
0,POL-745002,2024-11-27 04:14:02.100893,renewal
0,POL-218171,2024-11-27 05:08:42.259380,cancellation
0,POL-130968,2024-11-27 06:47:38.027453,purchase
0,POL-992778,2024-11-27 07:06:01.598600,renewal
0,POL-595987,2024-11-27 07:10:58.673352,claim
0,POL-040313,2024-11-27 08:55:43.203521,claim
0,POL-699829,2024-11-27 09:11:41.593896,cancellation
0,POL-515780,2024-11-27 10:24:32.237700,claim
0,POL-115932,2024-11-27 10:41:36.862231,claim
0,POL-561045,2024-11-27 12:49:58.984184,claim
0,POL-559963,2024-11-27 13:16:53.225402,purchase
0,POL-547014,2024-11-27 13:57:31.817062,renewal
0,POL-153724,2024-11-27 18:10:44.547261,purchase
0,POL-382243,2024-11-27 19:29:27.666153,purchase
0,POL-416791,2024-11-27 19:39:24.733369,claim
0,POL-753681,2024-11-28 08:44:25.185277,purchase
0,POL-822563,2024-11-28 09:38:35.290363,purchase
0,POL-792413,2024-11-28 09:48:10.943844,cancellation
0,POL-257339,2024-11-28 16:06:47.036289,claim
0,POL-953003,2024-11-28 18:08:52.544138,cancellation
0,POL-859514,2024-11-28 18:55:34.192811,purchase
0,POL-250178,2024-11-28 19:13:05.400969,renewal
0,POL-899700,2024-11-28 20:04:12.083619,cancellation
0,POL-470064,2024-11-28 21:21:14.107567,cancellation
0,POL-518148,2024-11-28 21:39:34.132220,claim
0,POL-792564,2024-11-28 22:46:59.670405,cancellation
0,POL-595987,2024-11-28 23:31:08.352198,renewal
0,POL-586201,2024-11-29 01:26:15.276317,purchase
0,POL-839507,2024-11-29 02:05:53.962211,claim
0,POL-095614,2024-11-29 02:22:44.930321,purchase
0,POL-241590,2024-11-29 02:37:37.642872,cancellation
0,357709,2024-11-29 04:59:54.859230,renewal
0,POL-446938,2024-11-29 05:29:54.520236,purchase
0,POL-404943,2024-11-29 05:45:22.276069,claim
0,POL-170443,2024-11-29 05:56:58.819650,purchase
0,POL-982249,2024-11-29 06:05:36.546983,purchase
0,POL-713172,2024-11-29 08:26:25.660252,renewal
0,POL-341004,2024-11-29 09:58:01.508114,purchase
0,POL-665492,2024-11-29 12:57:18.709516,renewal
0,POL-931342,2024-11-29 16:39:19.559401,claim
0,POL-671594,2024-11-29 17:21:28.961492,purchase
0,POL-194003,2024-11-29 18:11:58.188727,cancellation
0,POL-408957,2024-11-29 20:38:36.787381,renewal
0,POL-737377,2024-11-29 20:44:13.836803,purchase
0,POL-342466,2024-11-29 21:01:39.483522,purchase
0,POL-825349,2024-11-29 21:42:45.579234,cancellation
0,POL-566263,2024-11-29 23:34:56.928534,renewal
0,POL-600879,2024-11-29 23:43:49.037984,renewal
0,POL-893991,2024-11-30 00:43:42.169590,purchase
0,POL-646145,2024-11-30 00:49:49.521248,cancellation
0,POL-732061,2024-11-30 01:46:54.536912,claim
0,POL-605649,2024-11-30 04:05:12.193261,claim
0,POL-760236,2024-11-30 07:10:30.889341,cancellation
0,POL-827335,2024-11-30 08:41:14.455756,renewal
0,POL-693571,2024-11-30 09:09:20.459316,claim
0,POL-967009,2024-11-30 09:20:15.660244,claim
0,POL-480433,2024-11-30 09:27:00.677939,claim
0,POL-441939,2024-11-30 09:41:55.660720,renewal
0,POL-178974,2024-11-30 10:09:48.740534,cancellation
0,POL-837339,2024-11-30 10:52:31.693356,renewal
0,POL-768137,2024-11-30 11:08:21.822427,claim
0,POL-132945,2024-11-30 11:27:15.066515,renewal
0,POL-958960,2024-11-30 15:07:49.659383,claim
0,POL-282070,2024-11-30 15:48:03.101808,renewal
0,POL-413299,2024-11-30 17:08:58.745364,claim
0,POL-481029,2024-11-30 17:22:27.888421,claim
0,POL-182070,2024-11-30 17:45:44.730704,purchase
0,POL-626991,2024-11-30 17:45:47.328243,purchase
0,POL-019967,2024-11-30 20:57:18.892326,renewal
0,POL-897857,2024-11-30 21:35:46.615566,cancellation
0,POL-573652,2024-11-30 22:12:44.850994,purchase
0,POL-426244,2024-11-30 22:20:44.504589,renewal
0,POL-831949,2024-11-30 23:08:42.750508,claim
0,POL-181669,2024-12-01 00:19:09.469971,cancellation
0,POL-017253,2024-12-01 01:46:15.245653,cancellation
0,POL-566359,2024-12-01 02:32:41.909221,claim
0,POL-624377,2024-12-01 03:13:18.149723,renewal
0,POL-185293,2024-12-01 03:45:52.224465,cancellation
0,POL-171792,2024-12-01 03:48:38.257572,claim
0,POL-238453,2024-12-01 04:20:06.223508,renewal
0,POL-613142,2024-12-01 04:21:02.955740,renewal
0,POL-026971,2024-12-01 04:29:25.155124,cancellation
0,POL-911785,2024-12-01 04:33:07.086984,claim
0,POL-076957,2024-12-01 05:15:04.177213,renewal
0,POL-691228,2024-12-01 06:52:49.750268,cancellation
0,POL-214612,2024-12-01 06:55:11.518257,renewal
0,POL-632295,2024-12-01 08:22:25.521621,cancellation
0,POL-964390,2024-12-01 09:05:51.330417,cancellation
0,POL-736387,2024-12-01 09:09:16.726096,claim
0,POL-488573,2024-12-01 11:17:56.418722,cancellation
0,POL-753068,2024-12-01 12:46:46.347696,purchase
0,POL-900571,2024-12-01 13:22:50.608274,purchase
0,POL-760018,2024-12-01 14:04:38.463424,renewal
0,POL-888175,2024-12-01 14:44:39.285734,purchase
0,POL-588229,2024-12-01 16:09:43.165284,claim
0,POL-679165,2024-12-01 20:29:01.666219,cancellation
0,POL-461682,2024-12-01 21:19:12.562860,cancellation
0,POL-365155,2024-12-01 22:09:35.554731,purchase
0,POL-748024,2024-12-01 22:09:44.981306,claim
0,POL-555463,2024-12-01 22:15:14.828079,claim
0,POL-752163,2024-12-01 23:25:27.134863,renewal
0,POL-151292,2024-12-01 23:37:38.500615,claim
0,POL-423890,2024-12-02 01:33:20.777031,claim
0,POL-063359,2024-12-02 02:39:28.084638,purchase
0,POL-515780,2024-12-02 03:18:12.610725,purchase
0,POL-869027,2024-12-02 03:19:29.853628,renewal
0,POL-702235,2024-12-02 03:35:37.172981,renewal
0,POL-010424,2024-12-02 05:14:22.577450,claim
0,POL-648921,2024-12-02 06:02:18.717181,claim
0,POL-627770,2024-12-02 07:13:27.194629,claim
0,POL-688966,2024-12-02 07:44:04.208225,cancellation
0,POL-721661,2024-12-02 09:12:10.347249,cancellation
0,919419,2024-12-02 10:05:55.040167,cancellation
0,POL-125330,2024-12-02 10:57:15.355522,cancellation
0,POL-275139,2024-12-02 11:56:12.839130,renewal
0,POL-430631,2024-12-02 12:37:12.367820,purchase
0,POL-566359,2024-12-02 13:09:12.305007,cancellation
0,POL-544234,2024-12-02 13:43:35.099718,purchase
0,POL-400638,2024-12-02 14:08:12.907623,cancellation
0,POL-598050,2024-12-02 14:16:12.098309,purchase
0,POL-672798,2024-12-02 16:47:47.182178,renewal
0,POL-864386,2024-12-02 17:04:27.582202,cancellation
0,POL-641379,2024-12-02 17:52:13.575233,renewal
0,POL-748128,2024-12-02 19:21:09.432906,purchase
0,POL-422894,2024-12-02 19:33:10.995580,claim
0,POL-455814,2024-12-02 19:36:02.848385,purchase
0,POL-741121,2024-12-02 20:15:33.967111,cancellation
0,POL-971590,2024-12-02 21:22:19.617683,cancellation
0,POL-202272,2024-12-03 00:06:45.940462,purchase
0,POL-661307,2024-12-03 01:07:06.365444,cancellation
0,POL-382168,2024-12-03 01:59:00.885290,purchase
0,POL-026407,2024-12-03 04:01:04.273983,renewal
0,POL-596093,2024-12-03 04:09:58.112929,cancellation
0,POL-087402,2024-12-03 04:27:57.986079,renewal
0,POL-138090,2024-12-03 05:07:51.384089,renewal
0,POL-030829,2024-12-03 05:24:30.875365,renewal
0,POL-667451,2024-12-03 06:36:16.915386,purchase
0,POL-592766,2024-12-03 11:14:12.381261,purchase
0,POL-367996,2024-12-03 11:42:45.005670,renewal
0,POL-140111,2024-12-03 12:06:16.563477,renewal
0,POL-348900,2024-12-03 12:49:35.360106,cancellation
0,POL-853289,2024-12-03 13:55:13.809726,claim
0,POL-423746,2024-12-03 15:03:15.437731,renewal
0,POL-172885,2024-12-03 15:04:24.569484,purchase
0,POL-220867,2024-12-03 15:11:17.853152,purchase
0,POL-563009,2024-12-03 15:15:03.493037,cancellation
0,POL-238803,2024-12-03 16:25:20.213352,purchase
0,POL-059628,2024-12-03 16:47:28.207042,renewal
0,POL-218638,2024-12-03 16:48:52.220534,claim
0,POL-516618,2024-12-03 17:47:50.134606,renewal
0,POL-831032,2024-12-03 17:48:45.256882,purchase
0,POL-514695,2024-12-03 18:55:05.599747,renewal
0,POL-790133,2024-12-03 19:41:18.888608,purchase
0,POL-327770,2024-12-03 20:58:07.346598,claim
0,POL-809154,2024-12-03 21:11:46.916397,cancellation
0,POL-950016,2024-12-03 21:55:00.515909,cancellation
0,POL-389957,2024-12-03 22:21:08.836586,cancellation
0,POL-384157,2024-12-03 22:38:52.829272,claim
0,POL-372357,2024-12-04 00:00:02.822513,cancellation
0,POL-761883,2024-12-04 00:14:23.241152,renewal
0,POL-458156,2024-12-04 01:11:58.161293,purchase
0,POL-959634,2024-12-04 02:14:46.648011,purchase
0,POL-118110,2024-12-04 02:25:23.006435,purchase
0,POL-967896,2024-12-04 03:52:44.903261,renewal
0,POL-191521,2024-12-04 05:48:37.434946,cancellation
0,POL-148188,2024-12-04 06:01:37.652926,cancellation
0,POL-886626,2024-12-04 06:09:52.070714,cancellation
0,POL-217815,2024-12-04 06:45:16.157599,cancellation
0,POL-837544,2024-12-04 07:28:16.227075,claim
0,POL-442869,2024-12-04 09:26:07.868327,purchase
0,POL-897354,2024-12-04 11:33:49.176257,purchase
0,POL-409831,2024-12-04 14:14:08.989541,cancellation
0,POL-450428,2024-12-04 14:16:35.912597,renewal
0,POL-518134,2024-12-04 15:20:49.661421,purchase
0,POL-001349,2024-12-04 16:21:50.610437,cancellation
0,POL-278611,2024-12-04 16:26:31.515545,renewal
0,POL-477643,2024-12-04 16:51:29.643188,renewal
0,POL-574040,2024-12-04 16:58:32.588871,claim
0,POL-481968,2024-12-04 18:23:58.041281,purchase
0,POL-885137,2024-12-04 18:43:02.060197,cancellation
0,POL-939212,2024-12-04 18:56:11.175400,purchase
0,POL-710983,2024-12-04 19:49:23.128933,purchase
0,POL-640811,2024-12-04 19:58:19.654722,cancellation
0,POL-765344,2024-12-04 20:54:18.593400,renewal
0,POL-144591,2024-12-04 21:24:05.070179,renewal
0,POL-905125,2024-12-04 23:51:57.735665,purchase
0,POL-837339,2024-12-05 02:06:26.483013,renewal
0,POL-357896,2024-12-05 03:05:37.638694,cancellation
0,POL-878422,2024-12-05 03:47:14.183365,purchase
0,POL-800579,2024-12-05 03:57:34.322767,purchase
0,POL-188578,2024-12-05 04:07:07.768453,claim
0,POL-867618,2024-12-05 05:13:57.360131,renewal
0,POL-361521,2024-12-05 05:23:02.615475,purchase
0,POL-483797,2024-12-05 05:26:00.091095,claim
0,POL-406017,2024-12-05 05:45:37.765883,cancellation
0,POL-053310,2024-12-05 07:16:17.664528,claim
0,POL-215260,2024-12-05 08:59:49.815057,cancellation
0,POL-891218,2024-12-05 09:06:31.162860,renewal
0,POL-687566,2024-12-05 09:24:59.660380,purchase
0,POL-912063,2024-12-05 11:53:08.470855,renewal
0,POL-342341,2024-12-05 13:21:35.545350,renewal
0,POL-125330,2024-12-05 14:08:18.085942,renewal
0,POL-921793,2024-12-05 14:48:39.586074,cancellation
0,POL-463811,2024-12-05 16:48:20.196641,claim
0,POL-233649,2024-12-05 17:43:17.437233,claim
0,POL-822394,2024-12-05 20:38:38.281582,purchase
0,POL-798835,2024-12-05 21:15:15.618525,renewal
0,POL-499933,2024-12-05 23:29:58.850106,cancellation
0,POL-172394,2024-12-05 23:37:48.361609,purchase
0,POL-319134,2024-12-06 01:34:28.177976,renewal
0,POL-310646,2024-12-06 02:08:49.133104,purchase
0,POL-608656,2024-12-06 03:52:01.413751,purchase
0,POL-406658,2024-12-06 06:50:17.853966,claim
0,POL-742517,2024-12-06 06:54:47.751797,purchase
0,POL-109535,2024-12-06 07:00:24.163625,claim
0,POL-155816,2024-12-06 08:33:35.342965,purchase
0,POL-849191,2024-12-06 09:36:04.011634,cancellation
0,POL-583833,2024-12-06 10:21:39.241915,claim
0,POL-394573,2024-12-06 11:10:10.932072,claim
0,POL-891218,2024-12-06 12:00:59.554388,cancellation
0,POL-975181,2024-12-06 12:52:36.750232,cancellation
0,POL-584172,2024-12-06 13:30:58.438904,purchase
0,POL-336788,2024-12-06 13:46:10.826381,purchase
0,POL-856924,2024-12-06 15:41:28.606477,purchase
0,POL-872903,2024-12-06 16:34:29.545931,renewal
0,POL-523440,2024-12-06 17:00:26.426939,renewal
0,POL-993548,2024-12-06 17:56:52.454237,renewal
0,POL-930389,2024-12-06 18:34:35.575420,purchase
0,POL-857321,2024-12-06 19:45:01.017440,purchase
0,315402,2024-12-06 21:56:46.868689,renewal
0,POL-232968,2024-12-06 22:28:39.602137,cancellation
0,POL-869257,2024-12-06 23:37:40.513900,renewal
0,POL-547618,2024-12-07 00:21:30.246443,purchase
0,POL-986409,2024-12-07 02:02:14.111749,purchase
0,POL-208119,2024-12-07 06:15:33.511728,claim
0,POL-017253,2024-12-07 08:13:35.695683,cancellation
0,POL-833699,2024-12-07 09:34:41.558804,renewal
0,POL-802612,2024-12-07 09:56:14.113986,renewal
0,POL-871892,2024-12-07 11:38:07.057636,purchase
0,POL-154728,2024-12-07 11:41:22.832870,cancellation
0,POL-020279,2024-12-07 12:05:21.350543,cancellation
0,POL-196163,2024-12-07 13:39:26.527698,claim
0,POL-729643,2024-12-07 13:39:48.686893,claim
0,POL-745644,2024-12-07 16:17:21.295313,renewal
0,POL-991801,2024-12-07 18:49:22.943202,claim
0,POL-096356,2024-12-07 19:09:30.268450,renewal
0,644828,2024-12-07 19:47:28.251599,cancellation
0,POL-059830,2024-12-07 21:48:17.236624,purchase
0,POL-706897,2024-12-07 23:27:27.636387,purchase
0,POL-511547,2024-12-08 00:07:48.194693,renewal
0,POL-396609,2024-12-08 00:13:57.694738,renewal
0,POL-381790,2024-12-08 01:44:24.838871,claim
0,POL-629690,2024-12-08 02:12:59.932205,renewal
0,POL-319134,2024-12-08 02:15:23.197424,purchase
0,POL-599641,2024-12-08 02:21:50.515614,renewal
0,POL-316005,2024-12-08 03:42:43.571914,purchase
0,POL-483074,2024-12-08 03:49:51.199898,cancellation
0,POL-618171,2024-12-08 05:17:49.460397,purchase
0,POL-982249,2024-12-08 06:08:27.764717,claim
0,POL-607849,2024-12-08 07:31:03.830279,renewal
0,POL-535032,2024-12-08 07:50:06.935822,purchase
0,POL-616104,2024-12-08 09:22:16.341721,renewal
0,POL-023736,2024-12-08 10:40:02.712084,renewal
0,POL-072899,2024-12-08 10:51:46.384353,purchase
0,POL-650420,2024-12-08 12:09:07.420606,cancellation
0,POL-017311,2024-12-08 15:32:20.913957,purchase
0,POL-656462,2024-12-08 16:03:31.827433,cancellation
0,POL-786191,2024-12-08 16:54:18.036863,cancellation
0,POL-706122,2024-12-08 16:57:13.609033,purchase
0,POL-110022,2024-12-08 19:58:03.356987,renewal
0,POL-862176,2024-12-08 21:39:43.572516,claim
0,POL-946619,2024-12-09 01:02:38.344692,renewal
0,POL-547601,2024-12-09 01:28:22.453825,claim
0,POL-479349,2024-12-09 02:59:09.514659,purchase
0,POL-959615,2024-12-09 03:48:28.088655,purchase
0,POL-613957,2024-12-09 03:58:25.197918,renewal
0,POL-884798,2024-12-09 06:01:34.266318,claim
0,POL-795252,2024-12-09 06:18:20.315314,purchase
0,POL-988300,2024-12-09 07:21:41.492215,cancellation
0,POL-409922,2024-12-09 07:23:52.797669,cancellation
0,POL-551418,2024-12-09 11:43:32.904906,claim
0,POL-961791,2024-12-09 12:13:07.277661,renewal
0,POL-152704,2024-12-09 12:54:35.606670,renewal
0,POL-778696,2024-12-09 13:26:10.505755,purchase
0,POL-055109,2024-12-09 15:29:57.269280,renewal
0,POL-923896,2024-12-09 15:59:50.700919,claim
0,POL-890964,2024-12-09 16:40:24.894284,purchase
0,POL-780958,2024-12-09 16:50:24.926606,purchase
0,POL-753559,2024-12-09 18:50:25.186623,renewal
0,POL-592508,2024-12-09 18:56:17.501623,renewal
0,POL-714692,2024-12-09 21:26:51.313119,claim
0,POL-338562,2024-12-09 22:08:22.545602,claim
0,POL-217461,2024-12-09 22:53:11.123424,cancellation
0,POL-529834,2024-12-10 01:38:02.037867,cancellation
0,POL-537877,2024-12-10 02:07:45.006228,cancellation
0,POL-783211,2024-12-10 02:11:30.028856,claim
0,POL-825805,2024-12-10 03:58:41.196110,renewal
0,POL-672047,2024-12-10 05:02:26.075641,cancellation
0,POL-063252,2024-12-10 06:44:01.338025,purchase
0,POL-388343,2024-12-10 06:50:58.958502,renewal
0,POL-110160,2024-12-10 07:32:40.666636,renewal
0,POL-642509,2024-12-10 08:29:13.447513,cancellation
0,POL-164820,2024-12-10 08:51:40.331132,cancellation
0,POL-287370,2024-12-10 09:35:20.208459,cancellation
0,POL-650442,2024-12-10 11:01:04.016596,purchase
0,098647,2024-12-10 11:48:33.543652,renewal
0,POL-442386,2024-12-10 11:51:58.409998,renewal
0,POL-733110,2024-12-10 12:23:32.810282,purchase
0,POL-037036,2024-12-10 12:29:06.119340,purchase
0,POL-501884,2024-12-10 14:07:03.655162,purchase
0,POL-070370,2024-12-10 15:15:25.122549,claim
0,POL-614764,2024-12-10 17:00:10.182120,cancellation
0,POL-850668,2024-12-10 17:12:09.079171,purchase
0,POL-887647,2024-12-10 17:36:38.103517,claim
0,POL-408873,2024-12-10 18:15:27.568333,claim
0,POL-238849,2024-12-10 18:44:48.039634,claim
0,POL-507811,2024-12-10 19:03:42.489851,claim
0,POL-556062,2024-12-10 19:04:20.842044,renewal
0,POL-144741,2024-12-10 20:26:59.542460,claim
0,POL-420967,2024-12-10 20:38:33.312207,purchase
0,POL-149836,2024-12-10 21:19:53.322564,purchase
0,POL-934329,2024-12-10 23:12:26.367327,claim
0,POL-619256,2024-12-11 01:57:52.685631,claim
0,POL-626991,2024-12-11 02:20:28.904297,purchase
0,POL-268423,2024-12-11 03:53:31.864618,cancellation
0,POL-625015,2024-12-11 05:49:01.360976,claim
0,POL-152869,2024-12-11 06:01:49.002890,renewal
0,POL-144023,2024-12-11 09:09:16.516195,claim
0,POL-105277,2024-12-11 09:43:53.543890,cancellation
0,POL-377150,2024-12-11 10:21:40.376529,cancellation
0,POL-470605,2024-12-11 10:58:13.859128,renewal
0,POL-334711,2024-12-11 11:22:09.171875,purchase
0,POL-289232,2024-12-11 12:06:03.930730,cancellation
0,POL-551480,2024-12-11 12:36:23.260286,cancellation
0,POL-055458,2024-12-11 12:40:31.851067,claim
0,POL-049008,2024-12-11 12:56:58.857623,cancellation
0,POL-813820,2024-12-11 16:38:20.748521,cancellation
0,POL-843745,2024-12-11 17:40:32.949178,renewal
0,POL-100084,2024-12-11 20:59:13.701633,cancellation
0,POL-319896,2024-12-11 21:46:15.398318,claim
0,POL-458156,2024-12-11 23:29:40.396363,claim
0,POL-326976,2024-12-11 23:47:48.926596,purchase
0,POL-026971,2024-12-12 01:22:17.151560,cancellation
0,POL-059830,2024-12-12 01:58:35.747381,renewal
0,POL-177443,2024-12-12 03:38:52.478089,purchase
0,POL-844036,2024-12-12 03:59:02.515704,cancellation
0,POL-085471,2024-12-12 04:00:42.198056,claim
0,POL-165290,2024-12-12 04:44:32.059216,renewal
0,POL-114671,2024-12-12 05:26:02.772956,purchase
0,POL-928499,2024-12-12 07:03:48.789056,claim
0,POL-713780,2024-12-12 07:37:12.275871,cancellation
0,POL-152035,2024-12-12 07:43:32.075962,claim
0,POL-497739,2024-12-12 08:45:10.081311,cancellation
0,POL-523792,2024-12-12 10:19:14.282716,cancellation
0,POL-955032,2024-12-12 13:33:23.055264,purchase
0,POL-997388,2024-12-12 16:33:40.819211,purchase
0,POL-789407,2024-12-12 17:58:11.718466,renewal
0,POL-174388,2024-12-12 22:07:39.795020,renewal
0,POL-194098,2024-12-13 00:53:06.243257,renewal
0,POL-368459,2024-12-13 01:07:44.939697,renewal
0,POL-935904,2024-12-13 01:16:25.673350,claim
0,POL-157665,2024-12-13 01:49:47.088713,claim
0,POL-221290,2024-12-13 03:13:55.005145,purchase
0,POL-741245,2024-12-13 04:00:02.395165,renewal
0,POL-143722,2024-12-13 04:27:56.062273,claim
0,POL-955421,2024-12-13 04:30:35.341925,renewal
0,POL-943483,2024-12-13 05:53:44.522845,renewal
0,POL-120627,2024-12-13 07:37:29.033195,renewal
0,POL-095636,2024-12-13 07:44:16.242302,purchase
0,POL-950286,2024-12-13 07:53:24.560738,claim
0,POL-265031,2024-12-13 09:58:06.491354,purchase
0,POL-783378,2024-12-13 11:22:20.776755,renewal
0,POL-536884,2024-12-13 12:20:34.252007,claim
0,POL-757131,2024-12-13 12:37:07.746580,purchase
0,POL-222340,2024-12-13 13:58:48.088268,cancellation
0,POL-432218,2024-12-13 14:13:46.142686,claim
0,POL-325038,2024-12-13 14:55:00.281883,purchase
0,POL-541394,2024-12-13 15:15:09.575286,claim
0,POL-270676,2024-12-13 16:37:50.460690,purchase
0,POL-556424,2024-12-13 17:53:51.210098,renewal
0,POL-125176,2024-12-13 18:31:17.353960,renewal
0,POL-211870,2024-12-13 22:18:51.689909,claim
0,POL-125330,2024-12-14 02:06:41.645511,renewal
0,POL-081827,2024-12-14 02:25:09.365839,renewal
0,POL-478181,2024-12-14 04:46:32.617288,purchase
0,POL-277697,2024-12-14 05:37:21.047752,cancellation
0,POL-517487,2024-12-14 05:39:07.275873,renewal
0,POL-287184,2024-12-14 06:00:26.677416,cancellation
0,POL-137044,2024-12-14 06:43:40.163020,claim
0,POL-015270,2024-12-14 07:40:48.331131,renewal
0,POL-769290,2024-12-14 08:40:26.845329,renewal
0,POL-082874,2024-12-14 11:38:45.038337,purchase
0,POL-293131,2024-12-14 12:29:43.950718,purchase
0,POL-760018,2024-12-14 13:27:09.700601,renewal
0,POL-469377,2024-12-14 13:43:14.845061,renewal
0,POL-596931,2024-12-14 15:11:32.204771,purchase
0,POL-132612,2024-12-14 16:08:27.361879,purchase
0,POL-939591,2024-12-14 16:46:02.070724,renewal
0,983145,2024-12-14 17:00:10.367548,purchase
0,POL-068511,2024-12-14 18:06:30.894639,claim
0,POL-657278,2024-12-14 18:21:39.463236,cancellation
0,POL-960879,2024-12-14 18:50:51.326077,cancellation
0,POL-765713,2024-12-14 19:04:23.455087,purchase
0,POL-213256,2024-12-14 21:42:15.525752,purchase
0,POL-582268,2024-12-14 23:12:22.863078,renewal
0,POL-260349,2024-12-15 00:07:32.804567,cancellation
0,POL-732061,2024-12-15 00:28:00.654361,cancellation
0,POL-332830,2024-12-15 01:30:19.839832,claim
0,POL-282758,2024-12-15 01:35:35.635669,cancellation
0,POL-634945,2024-12-15 01:39:19.862824,renewal
0,POL-825314,2024-12-15 03:29:39.103426,claim
0,POL-861817,2024-12-15 03:33:46.061443,claim
0,POL-131858,2024-12-15 04:20:27.195185,cancellation
0,POL-514821,2024-12-15 04:21:23.249314,cancellation
0,POL-217461,2024-12-15 04:30:36.064009,claim
0,POL-715332,2024-12-15 04:40:59.514023,claim
0,POL-085471,2024-12-15 05:09:30.040685,claim
0,POL-967451,2024-12-15 06:42:27.558169,renewal
0,POL-821372,2024-12-15 08:41:19.962711,cancellation
0,POL-936367,2024-12-15 10:33:14.276464,purchase
0,POL-062277,2024-12-15 10:41:04.180470,cancellation
0,POL-357818,2024-12-15 13:02:14.494818,claim
0,POL-617337,2024-12-15 14:22:58.548656,purchase
0,POL-471998,2024-12-15 15:31:05.213166,claim
0,POL-769884,2024-12-15 17:00:39.265716,cancellation
0,POL-472895,2024-12-15 17:06:26.857582,purchase
0,POL-316005,2024-12-15 17:55:57.364868,renewal
0,POL-506842,2024-12-15 18:48:45.645116,renewal
0,POL-395326,2024-12-15 19:02:31.823468,cancellation
0,POL-232647,2024-12-15 20:08:29.502041,cancellation
0,POL-932836,2024-12-16 04:19:18.505558,renewal
0,POL-042051,2024-12-16 04:27:23.546625,purchase
0,POL-315736,2024-12-16 04:37:49.178879,claim
0,POL-454282,2024-12-16 05:29:06.924791,renewal
0,POL-109474,2024-12-16 07:07:53.537017,claim
0,POL-840037,2024-12-16 08:03:32.792616,claim
0,POL-840607,2024-12-16 08:44:36.770472,renewal
0,POL-567828,2024-12-16 09:23:02.367318,cancellation
0,POL-014769,2024-12-16 10:02:21.921576,renewal
0,POL-434681,2024-12-16 10:06:09.443409,renewal
0,POL-245785,2024-12-16 12:27:15.869378,cancellation
0,POL-273232,2024-12-16 13:16:06.008090,claim
0,POL-878382,2024-12-16 14:48:34.787731,cancellation
0,POL-600289,2024-12-16 15:00:29.542286,purchase
0,POL-222966,2024-12-16 15:06:58.989067,renewal
0,POL-123348,2024-12-16 15:12:59.456375,renewal
0,POL-333981,2024-12-16 15:43:09.984149,renewal
0,POL-398156,2024-12-16 15:54:36.806967,claim
0,POL-545426,2024-12-16 16:32:05.537162,cancellation
0,POL-809562,2024-12-16 17:10:55.932912,purchase
0,POL-978757,2024-12-16 18:50:55.692455,purchase
0,POL-452347,2024-12-16 19:04:34.804468,purchase
0,POL-535054,2024-12-16 19:23:08.330640,cancellation
0,POL-715087,2024-12-16 19:50:15.067973,claim
0,POL-163232,2024-12-16 20:20:30.220190,renewal
0,POL-651552,2024-12-16 20:36:52.816890,renewal
0,POL-231509,2024-12-16 21:10:00.937289,renewal
0,POL-519304,2024-12-16 23:18:57.872264,purchase
0,POL-984891,2024-12-16 23:34:37.629619,purchase
0,POL-162038,2024-12-17 00:22:07.625242,cancellation
0,POL-720341,2024-12-17 00:44:44.199672,cancellation
0,POL-177946,2024-12-17 00:54:23.867884,cancellation
0,POL-003178,2024-12-17 01:58:18.022451,claim
0,POL-163707,2024-12-17 02:57:29.496922,cancellation
0,POL-240941,2024-12-17 06:33:38.281858,claim
0,POL-279119,2024-12-17 10:25:05.799307,renewal
0,POL-579355,2024-12-17 12:48:34.218468,claim
0,POL-852101,2024-12-17 13:17:45.245031,claim
0,POL-695405,2024-12-17 13:33:38.971206,renewal
0,POL-170443,2024-12-17 13:34:25.348564,purchase
0,POL-938537,2024-12-17 14:42:04.289307,cancellation
0,POL-384632,2024-12-17 14:51:29.670650,purchase
0,POL-660000,2024-12-17 16:03:19.761099,renewal
0,POL-816381,2024-12-17 16:23:49.477001,purchase
0,POL-931773,2024-12-17 16:23:51.559094,claim
0,POL-964846,2024-12-17 18:15:51.906392,renewal
0,POL-857177,2024-12-17 19:05:58.759396,purchase
0,POL-624377,2024-12-17 19:28:11.503363,cancellation
0,POL-861503,2024-12-17 22:20:02.166636,claim
0,POL-614017,2024-12-17 22:57:43.426129,renewal
0,POL-408989,2024-12-17 23:40:37.529390,claim
0,POL-489143,2024-12-18 01:03:29.147732,renewal
0,POL-634608,2024-12-18 04:08:27.514826,claim
0,POL-605737,2024-12-18 06:24:18.255255,claim
0,POL-178673,2024-12-18 06:24:35.503548,claim
0,POL-352737,2024-12-18 06:46:34.311973,renewal
0,POL-053580,2024-12-18 07:05:52.723465,claim
0,POL-835091,2024-12-18 10:50:16.666553,cancellation
0,POL-407442,2024-12-18 10:56:49.021368,renewal
0,POL-022064,2024-12-18 11:03:28.623701,purchase
0,POL-997833,2024-12-18 12:51:50.760567,purchase
0,POL-844028,2024-12-18 13:07:49.794837,renewal
0,POL-583648,2024-12-18 13:46:53.001364,renewal
0,POL-838611,2024-12-18 14:23:29.300936,cancellation
0,POL-827899,2024-12-18 15:05:38.612661,cancellation
0,POL-191310,2024-12-18 15:43:29.046328,purchase
0,POL-992354,2024-12-18 15:59:16.008847,renewal
0,POL-002758,2024-12-18 18:26:40.588901,purchase
0,POL-313312,2024-12-18 18:53:25.327270,purchase
0,POL-332139,2024-12-18 22:24:45.025326,cancellation
0,POL-358384,2024-12-19 00:23:52.391628,purchase
0,POL-825349,2024-12-19 00:33:41.428178,claim
0,POL-533609,2024-12-19 00:46:39.297329,cancellation
0,POL-163971,2024-12-19 02:02:09.866112,purchase
0,POL-772608,2024-12-19 03:01:17.868522,purchase
0,POL-832847,2024-12-19 06:06:49.751884,purchase
0,POL-139630,2024-12-19 06:13:24.336922,cancellation
0,POL-706897,2024-12-19 07:36:46.958259,claim
0,POL-745564,2024-12-19 08:55:41.529987,claim
0,POL-256263,2024-12-19 09:26:52.333730,purchase
0,POL-816381,2024-12-19 09:33:25.703952,claim
0,POL-593495,2024-12-19 09:40:22.880281,purchase
0,644828,2024-12-19 10:46:15.760540,renewal
0,POL-937262,2024-12-19 11:08:15.004849,renewal
0,POL-234440,2024-12-19 12:42:46.977255,cancellation
0,POL-432100,2024-12-19 17:39:56.857511,cancellation
0,POL-697504,2024-12-19 17:50:33.565998,renewal
0,POL-420056,2024-12-19 18:48:16.402260,claim
0,POL-991851,2024-12-19 21:24:29.641146,cancellation
0,POL-387904,2024-12-19 21:50:39.300725,claim
0,POL-754863,2024-12-19 23:02:29.754841,purchase
0,POL-887647,2024-12-20 00:46:04.000044,cancellation
0,POL-922496,2024-12-20 01:32:50.154102,purchase
0,POL-559963,2024-12-20 02:18:35.669066,purchase
0,POL-090098,2024-12-20 02:19:56.632900,purchase
0,POL-617749,2024-12-20 03:29:56.933866,claim
0,POL-552732,2024-12-20 04:36:51.806235,renewal
0,POL-467526,2024-12-20 05:37:11.400008,purchase
0,POL-375670,2024-12-20 08:11:56.452133,cancellation
0,POL-828029,2024-12-20 10:25:33.484966,cancellation
0,POL-196965,2024-12-20 11:00:58.189396,cancellation
0,POL-562154,2024-12-20 11:21:24.793486,cancellation
0,POL-761156,2024-12-20 13:09:20.413670,purchase
0,POL-046032,2024-12-20 13:35:41.874001,claim
0,POL-620475,2024-12-20 15:50:27.247308,purchase
0,POL-490086,2024-12-20 18:34:33.962837,purchase
0,POL-040859,2024-12-20 18:54:10.768570,renewal
0,POL-859975,2024-12-20 21:53:12.310400,cancellation
0,POL-989048,2024-12-20 22:43:10.434221,purchase
0,POL-460460,2024-12-21 00:25:19.693056,purchase
0,POL-895728,2024-12-21 02:46:44.050032,claim
0,POL-389922,2024-12-21 02:50:18.341298,cancellation
0,POL-177443,2024-12-21 06:52:11.063285,purchase
0,POL-221290,2024-12-21 07:05:20.272608,renewal
0,POL-960573,2024-12-21 07:49:06.774465,claim
0,POL-529685,2024-12-21 08:49:15.528149,purchase
0,POL-855668,2024-12-21 09:03:45.815472,renewal
0,POL-063359,2024-12-21 09:40:45.550458,purchase
0,POL-949047,2024-12-21 09:46:22.275399,cancellation
0,POL-065572,2024-12-21 10:31:47.938193,purchase
0,POL-748128,2024-12-21 11:54:11.482089,claim
0,POL-186141,2024-12-21 11:58:29.489220,claim
0,POL-850419,2024-12-21 13:47:14.449446,purchase
0,POL-210881,2024-12-21 14:07:10.519276,renewal
0,POL-490818,2024-12-21 14:56:10.552330,purchase
0,POL-933942,2024-12-21 16:48:17.221825,cancellation
0,POL-783931,2024-12-21 17:20:31.574719,renewal
0,POL-183546,2024-12-21 18:16:55.986127,cancellation
0,POL-095614,2024-12-21 19:50:57.957427,renewal
0,POL-886059,2024-12-21 20:33:43.154470,purchase
0,919419,2024-12-21 21:02:24.378021,cancellation
0,POL-652607,2024-12-21 23:11:14.485638,renewal
0,POL-654773,2024-12-21 23:41:26.774812,cancellation
0,POL-434888,2024-12-22 00:25:37.457799,cancellation
0,POL-580902,2024-12-22 00:25:57.952231,purchase
0,POL-200004,2024-12-22 00:57:15.013699,cancellation
0,POL-734068,2024-12-22 01:21:00.030620,claim
0,POL-412042,2024-12-22 02:16:47.622639,cancellation
0,POL-531966,2024-12-22 03:15:55.833824,claim
0,POL-460460,2024-12-22 04:28:10.502975,purchase
0,POL-116370,2024-12-22 05:04:43.969503,cancellation
0,POL-342619,2024-12-22 05:30:13.098948,renewal
0,POL-612845,2024-12-22 09:44:11.111874,cancellation
0,POL-779779,2024-12-22 10:14:19.936476,claim
0,POL-139857,2024-12-22 10:15:43.192801,claim
0,POL-026351,2024-12-22 12:35:26.475551,renewal
0,POL-737789,2024-12-22 13:45:35.142983,claim
0,POL-003428,2024-12-22 15:07:25.643272,renewal
0,POL-040977,2024-12-22 16:13:48.932276,purchase
0,POL-882744,2024-12-22 17:49:24.948000,claim
0,POL-924376,2024-12-22 18:46:39.009470,cancellation
0,POL-852737,2024-12-22 19:15:17.067811,renewal
0,POL-841087,2024-12-22 19:34:55.375450,purchase
0,POL-617337,2024-12-22 21:34:30.257868,cancellation
0,POL-227708,2024-12-23 00:23:00.902043,purchase
0,POL-028781,2024-12-23 07:12:23.538637,purchase
0,POL-055210,2024-12-23 07:39:54.964526,claim
0,POL-906889,2024-12-23 10:04:45.559032,cancellation
0,POL-375693,2024-12-23 10:25:12.524756,renewal
0,POL-799073,2024-12-23 13:13:38.528265,renewal
0,POL-665546,2024-12-23 14:01:56.681958,cancellation
0,POL-572050,2024-12-23 14:30:13.439028,cancellation
0,POL-836431,2024-12-23 15:21:56.201640,renewal
0,POL-532656,2024-12-23 18:14:50.199384,cancellation
0,POL-387971,2024-12-23 20:31:02.776121,claim
0,POL-319005,2024-12-23 22:26:49.180294,purchase
0,POL-453607,2024-12-23 22:29:32.241330,renewal
0,POL-991801,2024-12-23 22:35:10.440485,cancellation
0,POL-082532,2024-12-23 22:41:53.126596,purchase
0,POL-119669,2024-12-23 22:48:45.369852,renewal
0,POL-900571,2024-12-24 00:33:56.745330,purchase
0,POL-014843,2024-12-24 01:32:32.819314,cancellation
0,POL-144023,2024-12-24 01:39:37.737108,renewal
0,POL-137914,2024-12-24 01:49:51.171335,purchase
0,POL-599641,2024-12-24 03:45:15.978495,cancellation
0,POL-907944,2024-12-24 03:50:38.672266,cancellation
0,POL-587698,2024-12-24 04:47:58.941399,renewal
0,POL-753559,2024-12-24 05:25:42.802270,purchase
0,POL-126087,2024-12-24 05:55:12.922180,claim
0,POL-239567,2024-12-24 06:46:32.208629,purchase
0,POL-216834,2024-12-24 07:06:01.641355,cancellation
0,POL-197773,2024-12-24 07:47:43.057339,renewal
0,POL-351183,2024-12-24 07:51:19.138460,purchase
0,POL-973068,2024-12-24 08:11:28.776614,renewal
0,POL-568103,2024-12-24 08:54:08.386593,claim
0,POL-014605,2024-12-24 12:58:30.004864,purchase
0,POL-587698,2024-12-24 13:16:21.945520,cancellation
0,POL-921793,2024-12-24 15:09:42.901098,renewal
0,287800,2024-12-24 15:19:03.531619,renewal
0,POL-951452,2024-12-24 16:39:34.265229,cancellation
0,POL-519758,2024-12-24 17:45:45.810442,claim
0,POL-359371,2024-12-24 18:28:50.072857,cancellation
0,POL-697504,2024-12-24 21:13:16.814125,cancellation
0,POL-767618,2024-12-24 21:48:10.415492,claim
0,POL-129136,2024-12-24 22:27:34.864556,renewal
0,POL-690981,2024-12-24 23:21:24.012596,renewal
0,POL-895840,2024-12-25 01:03:06.726580,purchase
0,POL-312074,2024-12-25 01:30:12.405144,claim
0,POL-029622,2024-12-25 02:12:39.226101,renewal
0,POL-894220,2024-12-25 03:45:06.340301,renewal
0,POL-563252,2024-12-25 05:34:46.505901,renewal
0,POL-961791,2024-12-25 05:36:27.842263,claim
0,POL-568860,2024-12-25 06:29:06.709918,claim
0,POL-060508,2024-12-25 07:17:05.450708,cancellation
0,POL-164905,2024-12-25 08:31:33.211885,renewal
0,POL-938549,2024-12-25 08:40:10.509604,purchase
0,POL-096803,2024-12-25 09:57:28.825986,claim
0,POL-632295,2024-12-25 10:01:13.595757,purchase
0,POL-806418,2024-12-25 10:14:17.999597,renewal
0,POL-412447,2024-12-25 10:41:00.221422,claim
0,POL-845492,2024-12-25 11:27:53.643075,cancellation
0,POL-342801,2024-12-25 11:33:56.805283,cancellation
0,POL-266680,2024-12-25 14:27:44.235578,cancellation
0,POL-056536,2024-12-25 16:05:59.127046,purchase
0,POL-307854,2024-12-25 16:41:49.295867,purchase
0,POL-254971,2024-12-25 17:24:50.457678,purchase
0,POL-973068,2024-12-25 20:31:57.264252,claim
0,POL-741185,2024-12-26 01:09:38.392694,purchase
0,POL-810013,2024-12-26 03:48:41.022384,claim
0,POL-563272,2024-12-26 03:49:48.398762,renewal
0,POL-076888,2024-12-26 05:30:14.531703,claim
0,POL-453482,2024-12-26 07:55:24.263859,claim
0,POL-503402,2024-12-26 08:46:54.110194,cancellation
0,POL-015311,2024-12-26 10:11:58.830918,claim
0,POL-091271,2024-12-26 12:26:30.689524,claim
0,POL-792262,2024-12-26 13:17:04.915296,renewal
0,POL-976715,2024-12-26 14:44:40.388828,purchase
0,POL-562011,2024-12-26 15:53:51.274318,cancellation
0,POL-529850,2024-12-26 16:08:15.301450,renewal
0,POL-652512,2024-12-26 16:21:38.679376,purchase
0,POL-265331,2024-12-26 17:49:54.251472,cancellation
0,POL-798761,2024-12-26 17:51:01.254929,purchase
0,POL-681573,2024-12-26 19:22:22.072043,purchase
0,020602,2024-12-26 19:28:49.127602,renewal
0,POL-651522,2024-12-26 21:12:04.702924,claim
0,POL-254368,2024-12-26 21:12:47.296581,renewal
0,POL-953135,2024-12-27 00:51:10.113946,purchase
0,POL-074652,2024-12-27 00:51:20.801575,renewal
0,POL-439553,2024-12-27 01:06:06.688665,renewal
0,POL-083821,2024-12-27 03:47:33.412942,purchase
0,POL-561103,2024-12-27 04:30:37.274347,claim
0,POL-475658,2024-12-27 04:32:05.336140,renewal
0,POL-021605,2024-12-27 04:44:02.175088,purchase
0,POL-994028,2024-12-27 06:11:47.203843,purchase
0,POL-931342,2024-12-27 07:25:26.227614,cancellation
0,POL-171418,2024-12-27 08:35:20.235136,renewal
0,POL-379806,2024-12-27 08:43:20.950947,cancellation
0,POL-267931,2024-12-27 08:56:23.796114,purchase
0,POL-104629,2024-12-27 09:55:29.656597,purchase
0,902704,2024-12-27 11:05:44.825750,renewal
0,POL-817294,2024-12-27 12:39:08.090690,purchase
0,POL-657724,2024-12-27 14:39:10.815328,cancellation
0,POL-811937,2024-12-27 15:21:31.101921,claim
0,POL-469191,2024-12-27 15:39:16.774487,purchase
0,POL-983944,2024-12-27 16:02:05.116038,renewal
0,POL-851013,2024-12-27 17:44:34.401298,renewal
0,POL-017253,2024-12-27 18:53:20.502887,cancellation
0,POL-370685,2024-12-27 21:57:59.426814,purchase
0,POL-525666,2024-12-27 23:02:35.808597,renewal
0,POL-332037,2024-12-27 23:16:26.026477,renewal
0,POL-423890,2024-12-28 01:38:09.819622,cancellation
0,POL-475658,2024-12-28 02:17:16.736313,purchase
0,POL-276962,2024-12-28 03:29:24.345959,renewal
0,POL-691309,2024-12-28 04:35:19.206245,claim
0,POL-687601,2024-12-28 07:09:02.388495,claim
0,POL-252166,2024-12-28 08:04:41.672432,cancellation
0,POL-590463,2024-12-28 08:41:07.932729,renewal
0,POL-290084,2024-12-28 09:42:26.629640,claim
0,POL-579355,2024-12-28 13:57:08.227810,claim
0,POL-326932,2024-12-28 14:23:17.339682,claim
0,POL-106429,2024-12-28 15:58:21.147140,cancellation
0,POL-128965,2024-12-28 17:11:01.105650,cancellation
0,POL-358384,2024-12-28 18:21:02.571746,purchase
0,POL-056536,2024-12-28 21:33:10.654382,renewal
0,POL-241488,2024-12-28 22:05:34.134028,purchase
0,POL-110236,2024-12-28 22:41:05.216485,cancellation
0,POL-030062,2024-12-28 23:55:43.422182,claim
0,POL-476244,2024-12-29 00:34:14.409416,purchase
0,POL-336698,2024-12-29 00:43:13.514939,purchase
0,POL-383054,2024-12-29 02:23:20.757279,renewal
0,POL-833019,2024-12-29 02:53:04.452287,renewal
0,POL-616104,2024-12-29 03:10:14.519995,renewal
0,POL-993257,2024-12-29 03:45:59.901318,purchase
0,POL-965604,2024-12-29 05:10:08.176823,purchase
0,POL-910953,2024-12-29 07:37:24.290529,cancellation
0,POL-664415,2024-12-29 07:46:35.959763,cancellation
0,POL-934880,2024-12-29 10:22:42.131229,renewal
0,POL-861817,2024-12-29 10:29:13.302567,purchase
0,POL-267035,2024-12-29 11:15:33.396971,claim
0,POL-158436,2024-12-29 12:17:03.017645,renewal
0,POL-305219,2024-12-29 12:38:03.083368,renewal
0,POL-583405,2024-12-29 12:39:49.986903,renewal
0,POL-912239,2024-12-29 14:02:16.699667,renewal
0,POL-582268,2024-12-29 14:30:41.388476,claim
0,POL-021112,2024-12-29 17:07:00.143530,purchase
0,POL-342527,2024-12-29 18:16:17.657651,claim
0,POL-574511,2024-12-29 18:23:26.046579,cancellation
0,POL-056253,2024-12-29 18:56:11.034502,claim
0,POL-036176,2024-12-29 22:44:34.631679,cancellation
0,POL-074476,2024-12-29 23:04:21.347080,renewal
0,POL-932836,2024-12-30 00:23:41.072633,purchase
0,POL-909262,2024-12-30 01:12:25.573053,claim
0,POL-859154,2024-12-30 01:28:51.702833,cancellation
0,POL-915050,2024-12-30 01:57:46.943173,purchase
0,POL-624382,2024-12-30 03:40:00.645956,renewal
0,POL-431285,2024-12-30 04:21:24.977678,cancellation
0,POL-148608,2024-12-30 05:08:06.583361,claim
0,POL-402374,2024-12-30 05:48:12.566607,claim
0,POL-840314,2024-12-30 07:47:46.402703,purchase
0,POL-620453,2024-12-30 08:30:27.674320,renewal
0,POL-311893,2024-12-30 10:05:21.415262,cancellation
0,POL-880214,2024-12-30 10:22:07.592959,renewal
0,POL-965283,2024-12-30 11:57:12.883699,renewal
0,POL-413043,2024-12-30 12:14:50.849353,claim
0,POL-889509,2024-12-30 12:47:39.944331,renewal
0,POL-275898,2024-12-30 13:22:11.047431,purchase
0,POL-658223,2024-12-30 13:47:32.749909,renewal
0,POL-076888,2024-12-30 13:47:46.098083,renewal
0,POL-765043,2024-12-30 16:23:32.099200,claim
0,POL-696719,2024-12-30 17:16:24.646307,claim
0,POL-875174,2024-12-30 17:41:59.702830,cancellation
0,POL-233580,2024-12-30 18:53:11.548456,claim
0,POL-334736,2024-12-30 20:47:09.961970,cancellation
0,POL-159143,2024-12-30 21:10:05.732954,renewal
0,POL-176312,2024-12-30 22:12:17.837860,cancellation
0,POL-278713,2024-12-30 22:19:22.028269,claim
0,POL-380817,2024-12-30 22:37:27.247433,cancellation
0,POL-233580,2024-12-30 23:58:51.032801,renewal
0,POL-377653,2024-12-31 01:11:02.112707,renewal
0,POL-497739,2024-12-31 04:36:12.003494,purchase
0,POL-704257,2024-12-31 04:53:29.690337,cancellation
0,POL-912239,2024-12-31 06:41:35.840003,purchase
0,POL-160459,2024-12-31 07:20:12.489057,claim
0,POL-143813,2024-12-31 09:13:23.830147,renewal
0,POL-164820,2024-12-31 09:41:59.105511,renewal
0,POL-146557,2024-12-31 10:24:33.250292,claim
0,POL-099184,2024-12-31 10:45:58.723874,claim
0,POL-138895,2024-12-31 11:48:33.770514,purchase
0,POL-943962,2024-12-31 12:00:04.944970,claim
0,POL-503402,2024-12-31 12:38:55.393650,claim
0,POL-541295,2024-12-31 13:18:38.115378,purchase
0,POL-567211,2024-12-31 14:13:08.985409,cancellation
0,POL-296036,2024-12-31 14:21:06.389199,purchase
0,POL-559963,2024-12-31 16:56:21.957438,cancellation
0,POL-531966,2024-12-31 16:58:39.671048,purchase
0,POL-479254,2024-12-31 19:24:21.155524,purchase
0,POL-753298,2024-12-31 21:06:53.443192,purchase
0,POL-387971,2024-12-31 22:33:44.303562,claim
0,POL-458172,2024-12-31 22:50:52.759012,purchase
0,POL-116872,2024-12-31 23:05:42.563042,renewal
0,POL-326640,2024-12-31 23:24:32.813746,cancellation
0,POL-640811,2025-01-01 00:33:34.020111,claim
0,POL-987264,2025-01-01 01:43:03.247390,cancellation
0,POL-544045,2025-01-01 02:32:20.797935,cancellation
0,POL-290869,2025-01-01 03:43:01.967877,purchase
0,POL-743892,2025-01-01 03:58:37.312847,renewal
0,POL-050889,2025-01-01 05:34:49.200244,claim
0,POL-817526,2025-01-01 06:11:40.075400,cancellation
0,POL-649650,2025-01-01 08:14:43.742824,cancellation
0,POL-279119,2025-01-01 09:26:12.490348,cancellation
0,POL-840180,2025-01-01 11:23:23.280696,claim
0,POL-796317,2025-01-01 11:36:35.540576,renewal
0,POL-388044,2025-01-01 13:18:14.074232,purchase
0,POL-616104,2025-01-01 13:24:19.440077,claim
0,POL-598182,2025-01-01 13:43:32.957974,claim
0,POL-960476,2025-01-01 13:55:14.389026,purchase
0,POL-339810,2025-01-01 14:39:59.434020,purchase
0,POL-225778,2025-01-01 14:59:00.841365,purchase
0,POL-129902,2025-01-01 15:12:59.172928,cancellation
0,POL-783027,2025-01-01 15:52:45.683573,renewal
0,POL-148608,2025-01-01 15:58:26.159568,renewal
0,POL-200977,2025-01-01 17:32:26.453973,claim
0,POL-362416,2025-01-01 18:12:18.660504,renewal
0,POL-683346,2025-01-01 18:13:21.586453,purchase
0,POL-140808,2025-01-01 20:09:17.664686,purchase
0,POL-867669,2025-01-01 20:20:11.829186,purchase
0,POL-552075,2025-01-01 21:15:11.021330,cancellation
0,POL-623489,2025-01-01 22:35:00.721922,renewal
0,POL-980084,2025-01-01 23:49:18.522973,purchase
0,POL-075594,2025-01-02 00:00:11.271698,purchase
0,POL-620643,2025-01-02 01:33:35.496201,cancellation
0,POL-549273,2025-01-02 01:38:45.495199,purchase
0,POL-719253,2025-01-02 07:15:33.606750,cancellation
0,POL-982249,2025-01-02 07:21:14.689077,claim
0,POL-630180,2025-01-02 07:57:04.206623,claim
0,POL-555760,2025-01-02 08:08:32.336158,renewal
0,POL-296687,2025-01-02 10:31:53.656382,cancellation
0,POL-953819,2025-01-02 10:38:34.549705,cancellation
0,POL-911572,2025-01-02 10:44:10.980700,claim
0,POL-647615,2025-01-02 11:34:02.836485,cancellation
0,POL-314742,2025-01-02 11:35:39.699279,claim
0,POL-885350,2025-01-02 13:09:52.973941,cancellation
0,POL-776030,2025-01-02 13:14:55.787184,renewal
0,POL-060703,2025-01-02 13:57:24.782394,claim
0,POL-145560,2025-01-02 14:51:41.979953,cancellation
0,POL-449748,2025-01-02 15:03:14.103381,cancellation
0,POL-359371,2025-01-02 15:46:41.095062,claim
0,POL-239917,2025-01-02 17:52:44.673522,cancellation
0,POL-509731,2025-01-02 18:45:47.972653,cancellation
0,POL-222648,2025-01-02 19:50:37.099877,renewal
0,POL-849099,2025-01-02 22:07:11.304513,cancellation
0,POL-392804,2025-01-02 23:43:09.785967,claim
0,POL-166256,2025-01-03 02:09:52.399962,purchase
0,POL-310684,2025-01-03 06:22:28.952055,cancellation
0,POL-995728,2025-01-03 06:29:24.715919,cancellation
0,POL-602874,2025-01-03 07:42:33.029779,renewal
0,POL-009347,2025-01-03 08:36:45.052512,renewal
0,POL-533609,2025-01-03 09:19:08.215529,claim
0,POL-379486,2025-01-03 09:30:42.455717,claim
0,POL-838819,2025-01-03 10:19:04.223141,claim
0,POL-578504,2025-01-03 12:04:55.267433,purchase
0,POL-959634,2025-01-03 13:48:55.404261,claim
0,POL-174774,2025-01-03 18:01:55.929112,cancellation
0,POL-737377,2025-01-03 18:59:43.458031,claim
0,POL-176253,2025-01-03 19:46:32.595300,renewal
0,POL-667954,2025-01-03 20:39:00.639239,purchase
0,POL-199202,2025-01-03 20:57:17.990187,renewal
0,POL-035641,2025-01-03 21:26:10.135965,cancellation
0,POL-359721,2025-01-03 21:32:30.817410,renewal
0,POL-148783,2025-01-03 21:58:32.115398,purchase
0,POL-503627,2025-01-04 01:27:08.149964,renewal
0,POL-578504,2025-01-04 01:51:03.781688,renewal
0,POL-820332,2025-01-04 03:01:45.068464,purchase
0,POL-639351,2025-01-04 03:49:30.595047,claim
0,POL-406876,2025-01-04 04:33:52.503463,purchase
0,POL-533609,2025-01-04 04:51:34.054761,renewal
0,POL-446908,2025-01-04 07:29:00.312116,purchase
0,POL-862176,2025-01-04 08:23:46.044664,cancellation
0,POL-636983,2025-01-04 10:06:32.428397,claim
0,POL-625376,2025-01-04 11:27:25.860918,cancellation
0,POL-315655,2025-01-04 13:41:14.552245,cancellation
0,POL-695192,2025-01-04 13:46:57.794114,renewal
0,POL-320247,2025-01-04 14:00:40.045556,cancellation
0,POL-387140,2025-01-04 18:22:54.090951,claim
0,POL-889200,2025-01-04 18:35:49.177105,renewal
0,POL-428556,2025-01-04 18:47:48.283589,purchase
0,POL-281185,2025-01-04 19:10:50.091213,claim
0,POL-958727,2025-01-04 22:28:18.589016,claim
0,POL-279049,2025-01-04 23:12:34.132938,cancellation
0,POL-292013,2025-01-05 00:48:51.770323,cancellation
0,POL-973692,2025-01-05 00:52:54.452045,cancellation
0,POL-822563,2025-01-05 01:36:20.723058,claim
0,POL-364276,2025-01-05 02:58:41.808193,cancellation
0,POL-604269,2025-01-05 05:26:29.582269,purchase
0,POL-016187,2025-01-05 06:11:01.909975,purchase
0,POL-759589,2025-01-05 06:21:48.548654,purchase
0,POL-075080,2025-01-05 07:00:49.605174,renewal
0,POL-013910,2025-01-05 08:58:07.379173,renewal
0,POL-048869,2025-01-05 10:04:42.755063,cancellation
0,POL-278460,2025-01-05 11:03:22.297407,renewal
0,POL-037765,2025-01-05 13:48:05.264889,renewal
0,POL-494396,2025-01-05 14:05:23.018721,cancellation
0,POL-484640,2025-01-05 14:18:25.154999,purchase
0,POL-671594,2025-01-05 16:08:27.367625,claim
0,POL-686097,2025-01-05 16:55:28.760619,purchase
0,POL-165399,2025-01-05 19:08:16.583696,claim
0,POL-935904,2025-01-05 20:32:41.063113,renewal
0,POL-845954,2025-01-05 21:07:23.918272,purchase
0,POL-786191,2025-01-05 22:41:08.849180,claim
0,POL-468903,2025-01-05 22:50:28.049490,renewal
0,859753,2025-01-06 00:22:39.209425,claim
0,POL-923777,2025-01-06 02:17:34.847538,cancellation
0,POL-321706,2025-01-06 02:20:01.537114,purchase
0,POL-351789,2025-01-06 02:56:45.841464,claim
0,POL-496128,2025-01-06 03:15:40.262145,claim
0,324908,2025-01-06 05:27:47.745443,renewal
0,POL-408952,2025-01-06 06:10:05.334304,renewal
0,POL-915997,2025-01-06 08:22:00.770754,cancellation
0,POL-553002,2025-01-06 09:14:41.594621,claim
0,POL-005235,2025-01-06 11:38:47.145961,purchase
0,POL-345383,2025-01-06 13:42:36.876114,cancellation
0,POL-765713,2025-01-06 14:41:38.843817,claim
0,POL-246944,2025-01-06 17:13:20.063696,cancellation
0,POL-313429,2025-01-06 17:20:14.841341,renewal
0,422958,2025-01-06 17:20:45.294833,purchase
0,POL-899700,2025-01-06 17:21:20.567167,renewal
0,POL-332112,2025-01-06 17:30:50.453949,renewal
0,POL-885976,2025-01-06 19:14:29.706726,cancellation
0,POL-135918,2025-01-06 19:37:17.406415,cancellation
0,POL-040546,2025-01-06 20:35:45.359112,renewal
0,POL-875128,2025-01-07 05:19:56.385536,cancellation
0,POL-873799,2025-01-07 07:53:58.214628,claim
0,POL-605649,2025-01-07 07:58:41.687753,renewal
0,POL-137915,2025-01-07 10:11:03.468102,renewal
0,POL-270676,2025-01-07 11:53:33.018624,renewal
0,POL-076604,2025-01-07 12:27:30.188879,claim
0,POL-803724,2025-01-07 13:00:08.896520,purchase
0,POL-036990,2025-01-07 13:17:43.911491,cancellation
0,POL-862245,2025-01-07 13:19:29.270318,renewal
0,POL-706122,2025-01-07 13:25:35.873016,renewal
0,POL-571437,2025-01-07 13:35:27.999731,claim
0,POL-067861,2025-01-07 14:02:52.731189,renewal
0,POL-831331,2025-01-07 14:05:31.791167,purchase
0,POL-020422,2025-01-07 15:40:04.807916,cancellation
0,POL-771063,2025-01-07 16:27:15.409178,cancellation
0,POL-972072,2025-01-07 16:39:53.204082,purchase
0,POL-359943,2025-01-07 17:41:50.251354,renewal
0,POL-362419,2025-01-07 21:27:08.949022,cancellation
0,POL-205412,2025-01-07 21:30:00.306258,cancellation
0,POL-755715,2025-01-07 22:08:25.266641,purchase
0,POL-931232,2025-01-07 22:10:35.861961,cancellation
0,POL-968021,2025-01-07 23:35:25.423128,cancellation
0,POL-326932,2025-01-07 23:37:10.132359,purchase
0,POL-976840,2025-01-07 23:50:59.191196,renewal
0,POL-161684,2025-01-08 00:01:03.334428,cancellation
0,POL-594930,2025-01-08 00:07:53.309299,cancellation
0,POL-946163,2025-01-08 00:08:25.271393,claim
0,POL-571382,2025-01-08 01:13:53.968688,purchase
0,POL-059680,2025-01-08 01:25:15.844582,claim
0,POL-658982,2025-01-08 01:42:05.104432,purchase
0,POL-286439,2025-01-08 03:13:07.686047,cancellation
0,POL-505292,2025-01-08 05:24:49.364697,purchase
0,POL-524123,2025-01-08 05:59:24.862112,renewal
0,POL-879094,2025-01-08 07:04:41.295594,renewal
0,POL-364446,2025-01-08 08:57:18.592393,renewal
0,POL-176312,2025-01-08 09:22:39.643646,cancellation
0,POL-590463,2025-01-08 09:28:09.068693,renewal
0,POL-505592,2025-01-08 10:25:58.313570,purchase
0,POL-479307,2025-01-08 11:12:11.253842,claim
0,POL-444487,2025-01-08 13:54:59.465737,renewal
0,POL-737078,2025-01-08 14:16:11.172085,claim
0,POL-634608,2025-01-08 14:56:21.074233,claim
0,POL-785197,2025-01-08 15:50:57.874933,claim
0,POL-637932,2025-01-08 16:11:44.357336,cancellation
0,POL-118917,2025-01-08 18:02:13.797293,cancellation
0,POL-118100,2025-01-08 18:41:35.323601,renewal
0,POL-029622,2025-01-08 19:20:02.526657,renewal
0,POL-095712,2025-01-08 19:45:44.582907,purchase
0,POL-431777,2025-01-08 19:57:59.625286,cancellation
0,POL-882525,2025-01-08 20:48:33.576547,claim
0,POL-071873,2025-01-08 23:11:06.003208,claim
0,POL-225915,2025-01-09 00:58:55.313958,purchase
0,POL-014124,2025-01-09 02:01:05.683009,purchase
0,POL-503382,2025-01-09 04:31:33.493356,cancellation
0,463772,2025-01-09 06:22:45.855420,renewal
0,POL-868796,2025-01-09 07:15:46.713117,cancellation
0,POL-117057,2025-01-09 07:38:41.257591,purchase
0,POL-135918,2025-01-09 07:54:04.419513,claim
0,POL-924871,2025-01-09 08:21:12.462842,cancellation
0,POL-809255,2025-01-09 09:13:16.691844,renewal
0,POL-843745,2025-01-09 09:22:47.365309,renewal
0,POL-249324,2025-01-09 09:46:12.196638,claim
0,POL-177857,2025-01-09 10:02:19.839341,claim
0,POL-724375,2025-01-09 10:59:28.508574,purchase
0,POL-560530,2025-01-09 11:04:43.656031,purchase
0,POL-441810,2025-01-09 12:39:31.177934,claim
0,POL-230962,2025-01-09 14:39:17.609231,claim
0,POL-113265,2025-01-09 15:18:58.235546,cancellation
0,789091,2025-01-09 15:40:07.522635,claim
0,POL-410770,2025-01-09 18:37:19.719419,renewal
0,POL-953956,2025-01-09 18:54:37.519261,renewal
0,POL-725183,2025-01-09 23:06:35.111048,renewal
0,POL-280199,2025-01-09 23:30:47.251945,claim
0,POL-943640,2025-01-10 00:09:09.290065,purchase
0,POL-996526,2025-01-10 00:48:24.848865,renewal
0,POL-178974,2025-01-10 02:50:26.599912,cancellation
0,POL-706518,2025-01-10 04:26:53.887090,cancellation
0,POL-809096,2025-01-10 04:30:09.596591,claim
0,POL-364343,2025-01-10 04:53:26.886672,claim
0,POL-620643,2025-01-10 06:46:20.297087,purchase
0,POL-035038,2025-01-10 08:35:53.586605,purchase
0,POL-395485,2025-01-10 08:42:05.209977,claim
0,POL-568860,2025-01-10 09:28:23.365640,claim
0,POL-616323,2025-01-10 09:32:56.694176,claim
0,POL-960879,2025-01-10 10:32:24.347400,cancellation
0,POL-552075,2025-01-10 11:39:47.942327,claim
0,POL-620067,2025-01-10 11:52:47.818341,renewal
0,POL-811483,2025-01-10 12:15:22.885476,claim
0,POL-276962,2025-01-10 12:36:52.737177,renewal
0,POL-472796,2025-01-10 14:25:52.604637,purchase
0,POL-480999,2025-01-10 15:50:41.309630,renewal
0,POL-998661,2025-01-10 18:23:59.684198,cancellation
0,POL-564263,2025-01-10 18:47:07.477327,renewal
0,979955,2025-01-10 19:02:15.730663,cancellation
0,POL-321399,2025-01-10 19:55:32.498672,purchase
0,POL-707138,2025-01-10 20:58:13.763142,claim
0,POL-119169,2025-01-10 22:18:46.274314,cancellation
0,POL-732061,2025-01-10 22:53:15.526896,purchase
0,POL-656398,2025-01-11 00:08:26.863234,renewal
0,POL-535032,2025-01-11 00:34:33.246697,purchase
0,POL-045240,2025-01-11 01:03:29.309674,renewal
0,POL-380817,2025-01-11 02:24:54.163486,cancellation
0,POL-199828,2025-01-11 03:26:53.354263,claim
0,POL-558405,2025-01-11 05:23:55.623057,claim
0,POL-744676,2025-01-11 08:19:18.732920,purchase
0,POL-089838,2025-01-11 08:35:55.899911,claim
0,POL-448301,2025-01-11 09:28:25.197552,cancellation
0,POL-885137,2025-01-11 10:47:10.473186,renewal
0,POL-511361,2025-01-11 10:53:10.674820,purchase
0,POL-567558,2025-01-11 16:08:06.426105,purchase
0,POL-003061,2025-01-11 19:59:15.855376,purchase
0,POL-620067,2025-01-11 22:03:18.311341,cancellation
0,POL-843156,2025-01-11 22:05:22.356500,claim
0,POL-903428,2025-01-11 22:13:04.844430,claim
0,POL-283762,2025-01-11 22:21:56.119661,purchase
0,POL-169516,2025-01-12 00:58:44.606244,claim
0,POL-308341,2025-01-12 00:59:52.021243,renewal
0,POL-986487,2025-01-12 01:29:38.430719,cancellation
0,POL-936367,2025-01-12 01:43:29.925023,claim
0,POL-915004,2025-01-12 02:15:58.595337,claim
0,POL-471998,2025-01-12 02:23:46.298595,purchase
0,POL-705538,2025-01-12 02:30:00.473055,renewal
0,POL-922483,2025-01-12 03:12:13.417286,renewal
0,POL-533169,2025-01-12 04:18:49.430082,renewal
0,POL-729713,2025-01-12 05:22:17.318734,cancellation
0,POL-875297,2025-01-12 06:08:18.199701,claim
0,POL-295850,2025-01-12 06:41:13.574520,cancellation
0,POL-303610,2025-01-12 06:50:06.475898,renewal
0,POL-129925,2025-01-12 07:46:45.341445,claim
0,POL-736804,2025-01-12 09:38:35.886045,purchase
0,POL-939212,2025-01-12 11:14:16.528262,purchase
0,POL-500236,2025-01-12 13:04:18.044517,cancellation
0,POL-300462,2025-01-12 14:31:50.069778,purchase
0,POL-472320,2025-01-12 15:38:02.885272,cancellation
0,663917,2025-01-12 16:25:40.449572,purchase
0,POL-771996,2025-01-12 18:19:34.068110,claim
0,POL-757596,2025-01-12 21:06:46.878885,renewal
0,POL-327770,2025-01-12 22:02:33.087854,cancellation
0,POL-987047,2025-01-12 22:11:55.195453,purchase
0,POL-303967,2025-01-12 23:53:36.186486,claim
0,POL-968881,2025-01-13 00:18:21.744161,cancellation
0,POL-384791,2025-01-13 03:03:31.402100,claim
0,POL-055458,2025-01-13 04:35:17.933693,claim
0,POL-270838,2025-01-13 06:25:13.205567,purchase
0,POL-231264,2025-01-13 07:27:44.578930,cancellation
0,POL-914947,2025-01-13 07:53:04.145243,renewal
0,POL-915050,2025-01-13 08:15:15.631934,cancellation
0,POL-544033,2025-01-13 09:41:08.411007,renewal
0,POL-190001,2025-01-13 10:35:04.909591,claim
0,POL-803724,2025-01-13 11:48:30.596355,claim
0,POL-363052,2025-01-13 12:42:42.199476,claim
0,POL-287184,2025-01-13 15:40:10.301932,claim
0,POL-752742,2025-01-13 17:16:19.475045,claim
0,POL-281773,2025-01-13 18:49:38.975879,claim
0,POL-332779,2025-01-13 20:37:56.653824,claim
0,POL-874029,2025-01-13 21:13:25.262180,claim
0,POL-955560,2025-01-14 00:28:35.734615,claim
0,POL-603541,2025-01-14 00:36:27.794428,cancellation
0,POL-509876,2025-01-14 02:24:39.112349,cancellation
0,POL-832045,2025-01-14 02:59:20.301569,renewal
0,POL-901113,2025-01-14 04:31:14.040511,cancellation
0,POL-849990,2025-01-14 05:36:06.591171,cancellation
0,POL-915014,2025-01-14 06:14:53.537303,renewal
0,POL-863118,2025-01-14 07:23:19.738120,claim
0,POL-450414,2025-01-14 08:28:10.917198,renewal
0,POL-691628,2025-01-14 08:47:57.528197,claim
0,POL-776508,2025-01-14 09:34:22.190103,purchase
0,POL-595252,2025-01-14 09:44:46.483100,renewal
0,POL-642638,2025-01-14 10:22:33.743251,cancellation
0,POL-114671,2025-01-14 10:30:08.696173,cancellation
0,POL-706122,2025-01-14 11:03:32.586055,cancellation
0,POL-375973,2025-01-14 12:45:47.687680,purchase
0,POL-776989,2025-01-14 13:49:43.248708,purchase
0,POL-306788,2025-01-14 14:31:25.696036,purchase
0,POL-285676,2025-01-14 16:21:56.469153,cancellation
0,POL-213042,2025-01-14 17:34:07.681403,cancellation
0,POL-644235,2025-01-14 19:24:16.336110,purchase
0,POL-665365,2025-01-14 19:49:31.528246,claim
0,POL-261840,2025-01-14 21:44:20.321204,claim
0,POL-621206,2025-01-14 22:24:19.835728,purchase
0,364454,2025-01-14 23:22:26.036568,cancellation
0,POL-059114,2025-01-14 23:49:05.397238,cancellation
0,POL-398808,2025-01-15 02:33:33.792386,renewal
0,POL-864036,2025-01-15 02:34:35.449695,claim
0,POL-270676,2025-01-15 03:41:03.087150,claim
0,POL-715321,2025-01-15 04:56:46.794288,purchase
0,POL-110236,2025-01-15 05:26:58.696272,purchase
0,POL-983980,2025-01-15 07:37:46.236480,purchase
0,POL-432931,2025-01-15 08:23:56.440485,purchase
0,POL-602874,2025-01-15 09:12:02.548337,claim
0,POL-977860,2025-01-15 13:26:58.600957,cancellation
0,POL-884230,2025-01-15 14:27:27.450260,cancellation
0,POL-608351,2025-01-15 14:29:31.870845,cancellation
0,POL-379806,2025-01-15 17:23:16.138362,purchase
0,POL-886626,2025-01-15 19:11:44.032884,renewal
0,POL-650420,2025-01-15 20:35:05.099300,claim
0,POL-278611,2025-01-15 22:52:11.675384,claim
0,POL-212991,2025-01-15 23:17:30.208992,purchase
0,POL-856318,2025-01-16 01:35:34.011078,cancellation
0,POL-819543,2025-01-16 01:55:53.451642,purchase
0,POL-512144,2025-01-16 03:15:24.429222,renewal
0,POL-665468,2025-01-16 03:39:49.331515,cancellation
0,POL-313015,2025-01-16 03:56:59.819280,claim
0,POL-874112,2025-01-16 04:05:49.929260,cancellation
0,POL-469941,2025-01-16 04:41:34.430248,renewal
0,POL-946619,2025-01-16 05:08:24.570137,renewal
0,POL-072840,2025-01-16 05:11:02.997859,cancellation
0,POL-305796,2025-01-16 06:15:37.952958,renewal
0,POL-516122,2025-01-16 07:52:13.092931,renewal
0,POL-836595,2025-01-16 10:10:19.838128,claim
0,POL-703210,2025-01-16 10:39:19.332977,purchase
0,POL-461270,2025-01-16 12:36:46.149302,purchase
0,POL-623882,2025-01-16 15:00:07.014934,renewal
0,POL-206164,2025-01-16 17:16:37.662149,claim
0,POL-761973,2025-01-16 19:47:38.828345,claim
0,POL-897724,2025-01-16 20:27:01.411447,renewal
0,POL-543817,2025-01-16 21:23:32.843914,purchase
0,POL-279049,2025-01-16 22:06:03.755925,purchase
0,POL-161419,2025-01-16 23:21:33.767414,purchase
0,POL-443886,2025-01-16 23:56:21.119277,cancellation
0,POL-078328,2025-01-17 00:43:15.092576,cancellation
0,POL-292745,2025-01-17 01:56:10.399323,claim
0,POL-577912,2025-01-17 02:27:00.895774,claim
0,POL-843817,2025-01-17 03:39:46.238843,cancellation
0,POL-831949,2025-01-17 04:08:06.617870,purchase
0,POL-508293,2025-01-17 05:26:09.789314,cancellation
0,POL-862176,2025-01-17 06:51:05.078973,cancellation
0,POL-455043,2025-01-17 09:10:05.558530,renewal
0,POL-021112,2025-01-17 11:11:16.272498,cancellation
0,POL-231518,2025-01-17 11:50:00.109953,claim
0,POL-131579,2025-01-17 13:31:48.867093,renewal
0,POL-008035,2025-01-17 13:41:23.789432,claim
0,POL-762868,2025-01-17 13:54:47.840337,renewal
0,POL-199202,2025-01-17 14:00:17.553271,renewal
0,POL-662797,2025-01-17 16:43:07.402959,renewal
0,POL-108904,2025-01-17 16:44:36.710796,cancellation
0,POL-437876,2025-01-17 16:45:47.502267,purchase
0,POL-276962,2025-01-17 16:49:00.910193,purchase
0,POL-308347,2025-01-17 17:14:54.371116,claim
0,POL-523129,2025-01-17 18:04:57.159562,purchase
0,POL-172903,2025-01-17 18:24:57.106834,cancellation
0,POL-277482,2025-01-17 19:13:43.763455,claim
0,POL-903534,2025-01-17 19:37:55.385813,purchase
0,POL-852850,2025-01-17 20:28:13.966405,renewal
0,POL-341504,2025-01-17 21:44:12.407538,cancellation
0,POL-228370,2025-01-17 22:31:39.153224,cancellation
0,POL-014220,2025-01-17 23:17:53.774418,claim
0,POL-994603,2025-01-18 00:42:48.722749,claim
0,POL-858692,2025-01-18 01:11:15.707853,purchase
0,POL-980826,2025-01-18 01:23:24.596307,cancellation
0,POL-821372,2025-01-18 03:54:53.424085,claim
0,POL-501884,2025-01-18 05:48:33.479944,cancellation
0,POL-889366,2025-01-18 05:57:40.551956,cancellation
0,POL-317341,2025-01-18 06:47:07.055316,cancellation
0,POL-488573,2025-01-18 06:47:29.748822,claim
0,POL-327770,2025-01-18 06:59:28.699396,purchase
0,POL-995556,2025-01-18 07:58:58.153641,claim
0,POL-312100,2025-01-18 08:19:21.699594,cancellation
0,POL-506907,2025-01-18 10:15:21.766755,cancellation
0,POL-639750,2025-01-18 10:49:27.619502,claim
0,POL-877963,2025-01-18 13:26:28.180303,claim
0,POL-459597,2025-01-18 13:33:12.131139,renewal
0,POL-874744,2025-01-18 14:16:50.161807,claim
0,POL-237973,2025-01-18 15:11:53.206567,purchase
0,POL-124537,2025-01-18 15:31:42.381553,renewal
0,POL-781124,2025-01-18 15:37:44.795709,purchase
0,POL-761074,2025-01-18 16:10:31.423931,renewal
0,POL-514445,2025-01-18 17:46:37.235562,cancellation
0,POL-864465,2025-01-18 17:50:29.064590,renewal
0,POL-293253,2025-01-18 18:25:13.127479,renewal
0,POL-405181,2025-01-18 19:20:17.781434,cancellation
0,POL-583648,2025-01-18 20:12:07.525024,renewal
0,POL-905125,2025-01-18 20:37:34.125241,cancellation
0,POL-366478,2025-01-18 21:33:37.958701,cancellation
0,POL-366203,2025-01-18 22:47:07.209624,cancellation
0,979955,2025-01-19 00:06:47.663665,renewal
0,POL-618623,2025-01-19 00:13:12.202173,purchase
0,POL-437729,2025-01-19 02:49:00.549934,purchase
0,POL-903935,2025-01-19 03:07:28.162287,renewal
0,POL-409855,2025-01-19 03:25:34.960185,claim
0,POL-587698,2025-01-19 04:03:53.120241,claim
0,POL-062277,2025-01-19 04:09:50.779302,renewal
0,POL-120700,2025-01-19 04:47:10.869663,renewal
0,POL-074890,2025-01-19 06:24:51.125441,claim
0,POL-206081,2025-01-19 07:06:55.018000,cancellation
0,POL-082874,2025-01-19 07:54:59.727479,claim
0,POL-038115,2025-01-19 07:59:56.105522,claim
0,POL-026714,2025-01-19 08:27:05.352844,claim
0,POL-578384,2025-01-19 09:35:24.196198,claim
0,POL-096535,2025-01-19 09:50:37.675579,purchase
0,POL-125365,2025-01-19 10:35:31.006671,renewal
0,POL-948001,2025-01-19 16:06:43.908361,renewal
0,POL-013038,2025-01-19 16:40:51.516442,cancellation
0,POL-256647,2025-01-19 16:50:35.021405,claim
0,POL-188994,2025-01-19 17:11:10.974668,purchase
0,POL-783211,2025-01-19 17:57:44.622548,purchase
0,POL-602620,2025-01-19 18:23:43.105232,purchase
0,POL-254503,2025-01-19 19:26:59.983679,renewal
0,POL-055109,2025-01-19 19:59:27.989424,purchase
0,POL-262923,2025-01-19 22:48:02.754205,purchase
0,POL-971958,2025-01-19 23:45:22.071950,claim
0,POL-120700,2025-01-19 23:47:07.931853,cancellation
0,POL-534437,2025-01-20 02:12:41.963475,renewal
0,POL-007335,2025-01-20 02:18:30.591751,claim
0,POL-877560,2025-01-20 03:02:41.423280,claim
0,POL-994990,2025-01-20 04:57:54.674069,renewal
0,POL-112756,2025-01-20 05:49:47.608980,purchase
0,POL-056253,2025-01-20 08:52:03.366729,purchase
0,POL-672395,2025-01-20 09:19:48.395414,purchase
0,POL-476244,2025-01-20 10:07:09.807912,purchase
0,POL-785667,2025-01-20 10:46:53.398987,purchase
0,POL-863932,2025-01-20 11:24:31.094985,claim
0,POL-760888,2025-01-20 12:36:48.979931,renewal
0,POL-145694,2025-01-20 15:15:39.789278,renewal
0,POL-119169,2025-01-20 19:03:19.571045,claim
0,POL-713459,2025-01-20 19:11:37.009384,renewal
0,POL-469034,2025-01-20 19:31:12.291618,renewal
0,POL-188813,2025-01-20 21:36:09.149921,purchase
0,POL-627770,2025-01-20 22:59:58.520906,cancellation
0,POL-130592,2025-01-20 23:09:32.153318,claim
0,176229,2025-01-21 00:39:32.216753,renewal
0,POL-432218,2025-01-21 03:08:56.912533,claim
0,POL-633687,2025-01-21 03:42:50.766618,purchase
0,POL-439648,2025-01-21 05:24:39.649931,purchase
0,POL-132963,2025-01-21 06:10:20.255315,claim
0,POL-505921,2025-01-21 07:50:57.932037,renewal
0,POL-318316,2025-01-21 07:54:32.401627,claim
0,POL-231264,2025-01-21 09:30:16.885043,purchase
0,POL-202945,2025-01-21 10:56:21.301363,claim
0,POL-648443,2025-01-21 11:54:41.699680,renewal
0,POL-910574,2025-01-21 12:29:01.829119,claim
0,POL-928740,2025-01-21 12:30:08.880464,renewal
0,POL-649446,2025-01-21 14:13:28.191355,renewal
0,POL-764341,2025-01-21 17:09:21.067847,claim
0,POL-008083,2025-01-21 17:23:55.935643,cancellation
0,POL-147197,2025-01-21 17:45:19.640509,purchase
0,POL-745644,2025-01-21 18:24:54.128387,claim
0,POL-394573,2025-01-21 19:11:02.714434,claim
0,POL-006607,2025-01-22 01:39:25.693735,purchase
0,POL-529516,2025-01-22 04:29:13.375875,renewal
0,POL-776375,2025-01-22 05:52:47.677094,purchase
0,POL-452069,2025-01-22 06:00:22.611508,purchase
0,POL-577072,2025-01-22 09:21:18.051677,claim
0,POL-748483,2025-01-22 09:45:30.465075,cancellation
0,POL-989566,2025-01-22 10:58:19.340365,renewal
0,POL-754736,2025-01-22 12:32:24.128405,renewal
0,POL-204673,2025-01-22 14:02:11.677857,renewal
0,POL-752255,2025-01-22 18:06:05.123736,renewal
0,POL-311893,2025-01-22 21:21:32.300929,purchase
0,POL-389073,2025-01-22 23:54:22.542065,purchase
0,POL-607396,2025-01-23 01:54:35.572941,cancellation
0,POL-803134,2025-01-23 02:07:01.374451,renewal
0,POL-621920,2025-01-23 03:27:53.760195,cancellation
0,POL-737683,2025-01-23 03:49:27.727308,cancellation
0,POL-412766,2025-01-23 04:21:25.682646,claim
0,POL-572711,2025-01-23 06:11:58.106269,claim
0,POL-311538,2025-01-23 07:32:22.357427,cancellation
0,POL-188805,2025-01-23 07:48:08.484941,renewal
0,POL-419723,2025-01-23 08:57:43.104526,cancellation
0,POL-220767,2025-01-23 10:07:37.267428,purchase
0,POL-575829,2025-01-23 11:26:12.778441,claim
0,POL-718579,2025-01-23 12:36:44.036510,claim
0,POL-152847,2025-01-23 13:27:30.299552,purchase
0,POL-168975,2025-01-23 13:27:42.245469,claim
0,POL-674039,2025-01-23 14:33:32.188475,purchase
0,POL-729222,2025-01-23 16:31:10.888181,claim
0,POL-160948,2025-01-23 16:54:23.390614,renewal
0,POL-007317,2025-01-23 17:49:50.358332,claim
0,POL-057374,2025-01-23 18:15:53.096260,claim
0,POL-708992,2025-01-23 20:08:05.606538,cancellation
0,POL-821643,2025-01-23 20:27:24.978934,purchase
0,POL-573652,2025-01-23 20:42:20.742900,purchase
0,071388,2025-01-23 20:51:36.816163,claim
0,POL-780465,2025-01-23 21:46:02.248057,purchase
0,POL-310646,2025-01-23 22:02:01.690717,claim
0,POL-567048,2025-01-23 22:21:47.276945,cancellation
0,POL-352851,2025-01-23 23:43:28.926245,purchase
0,POL-555079,2025-01-24 01:03:50.533609,claim
0,POL-592459,2025-01-24 02:01:07.288844,purchase
0,463772,2025-01-24 02:54:41.947916,renewal
0,POL-377393,2025-01-24 03:21:15.523052,renewal
0,POL-010838,2025-01-24 04:54:30.863648,purchase
0,POL-804421,2025-01-24 05:10:11.827386,cancellation
0,POL-475790,2025-01-24 05:30:41.274178,cancellation
0,POL-846813,2025-01-24 05:35:14.417067,renewal
0,POL-671383,2025-01-24 06:27:04.149367,claim
0,POL-414243,2025-01-24 07:10:46.991934,renewal
0,POL-056253,2025-01-24 07:41:36.779487,renewal
0,POL-779513,2025-01-24 08:41:56.333903,renewal
0,POL-096736,2025-01-24 09:08:58.465123,renewal
0,POL-361259,2025-01-24 09:24:44.847280,renewal
0,POL-016271,2025-01-24 10:06:20.230879,renewal
0,POL-658474,2025-01-24 11:30:59.097661,claim
0,POL-905544,2025-01-24 12:17:50.984042,renewal
0,POL-192821,2025-01-24 13:12:02.007405,cancellation
0,POL-464463,2025-01-24 14:00:58.810905,purchase
0,POL-029497,2025-01-24 15:26:18.229949,renewal
0,POL-171792,2025-01-24 15:47:37.510839,cancellation
0,POL-521616,2025-01-24 15:47:41.228502,purchase
0,POL-783027,2025-01-24 18:55:53.029494,claim
0,POL-729840,2025-01-24 21:55:01.011368,cancellation
0,POL-515205,2025-01-25 00:00:50.831725,cancellation
0,POL-274808,2025-01-25 00:44:53.070363,renewal
0,POL-194003,2025-01-25 01:08:23.485670,claim
0,POL-555626,2025-01-25 02:42:39.078216,purchase
0,POL-826567,2025-01-25 03:11:57.747954,purchase
0,POL-595252,2025-01-25 05:48:04.722641,claim
0,POL-037756,2025-01-25 06:15:12.384715,cancellation
0,POL-917456,2025-01-25 07:32:58.185714,cancellation
0,POL-789407,2025-01-25 09:24:01.996817,claim
0,POL-879702,2025-01-25 09:26:53.993866,cancellation
0,POL-087402,2025-01-25 09:33:59.832564,cancellation
0,POL-807692,2025-01-25 13:01:07.948835,purchase
0,POL-520920,2025-01-25 13:19:58.392684,renewal
0,POL-331391,2025-01-25 14:52:41.863905,cancellation
0,POL-373518,2025-01-25 16:22:30.225059,cancellation
0,POL-780958,2025-01-25 16:56:37.127500,cancellation
0,POL-105891,2025-01-25 17:15:06.776130,purchase
0,POL-442204,2025-01-25 17:28:24.989818,claim
0,POL-703707,2025-01-25 18:12:55.805438,purchase
0,POL-752742,2025-01-25 18:44:07.354483,claim
0,POL-785197,2025-01-25 20:03:10.060541,cancellation
0,POL-397802,2025-01-25 21:47:44.181657,cancellation
0,POL-839507,2025-01-25 22:11:41.808363,cancellation
0,POL-736804,2025-01-25 22:48:04.545511,cancellation
0,POL-003061,2025-01-25 23:22:14.725336,renewal
0,POL-481188,2025-01-26 00:02:52.613148,cancellation
0,POL-580740,2025-01-26 00:57:12.928196,renewal
0,POL-939839,2025-01-26 01:19:56.556848,purchase
0,POL-924501,2025-01-26 03:47:13.268975,purchase
0,POL-593388,2025-01-26 04:13:52.053343,purchase
0,POL-112756,2025-01-26 05:04:17.792692,claim
0,POL-319193,2025-01-26 06:34:33.560670,claim
0,POL-126114,2025-01-26 07:25:08.619256,purchase
0,POL-944979,2025-01-26 07:25:28.420551,cancellation
0,POL-972770,2025-01-26 08:58:57.364175,cancellation
0,POL-289522,2025-01-26 09:36:24.336889,purchase
0,POL-265793,2025-01-26 09:37:00.517414,purchase
0,POL-928499,2025-01-26 10:06:46.719478,renewal
0,POL-381815,2025-01-26 11:33:56.372335,cancellation
0,POL-853289,2025-01-26 11:39:08.308077,renewal
0,POL-953364,2025-01-26 13:25:15.252858,purchase
0,POL-852850,2025-01-26 13:33:16.560233,purchase
0,POL-126448,2025-01-26 14:01:02.256982,cancellation
0,POL-127026,2025-01-26 14:27:40.155553,claim
0,POL-780274,2025-01-26 15:13:19.756194,renewal
0,POL-109603,2025-01-26 15:30:27.323567,claim
0,POL-036176,2025-01-26 16:50:39.025200,cancellation
0,POL-197273,2025-01-26 17:26:12.671630,cancellation
0,POL-836431,2025-01-26 17:28:00.243883,purchase
0,POL-756812,2025-01-26 17:55:14.797868,claim
0,POL-230492,2025-01-26 18:56:18.587270,cancellation
0,POL-849990,2025-01-26 19:42:01.692284,claim
0,POL-643033,2025-01-26 19:43:56.655958,claim
0,POL-651906,2025-01-26 23:04:12.937732,cancellation
0,POL-181669,2025-01-26 23:13:52.795147,renewal
0,POL-810295,2025-01-26 23:56:04.562367,claim
0,POL-888175,2025-01-27 00:01:30.082220,renewal
0,POL-236711,2025-01-27 01:04:11.497519,cancellation
0,POL-965684,2025-01-27 01:36:49.520070,claim
0,POL-844028,2025-01-27 02:59:40.474569,renewal
0,POL-652008,2025-01-27 04:04:30.503428,renewal
0,POL-076957,2025-01-27 05:13:24.283261,purchase
0,POL-948066,2025-01-27 05:17:54.182151,purchase
0,POL-737683,2025-01-27 06:56:16.146955,claim
0,POL-239917,2025-01-27 07:47:29.870081,cancellation
0,POL-683615,2025-01-27 07:50:05.543515,cancellation
0,POL-377445,2025-01-27 09:07:25.222966,renewal
0,POL-816588,2025-01-27 09:15:30.215426,cancellation
0,POL-132456,2025-01-27 11:39:00.771452,cancellation
0,POL-073960,2025-01-27 12:44:40.330230,purchase
0,POL-072899,2025-01-27 14:06:12.051690,cancellation
0,POL-902519,2025-01-27 15:08:11.464125,purchase
0,POL-725628,2025-01-27 15:34:01.514436,renewal
0,POL-460210,2025-01-27 18:29:30.351854,claim
0,POL-465181,2025-01-27 23:02:31.254672,renewal
0,POL-033450,2025-01-27 23:50:58.059403,cancellation
0,POL-026351,2025-01-28 02:02:42.124195,cancellation
0,POL-918008,2025-01-28 05:26:07.811247,claim
0,POL-713852,2025-01-28 05:38:00.433648,cancellation
0,POL-610406,2025-01-28 06:17:02.562980,claim
0,POL-573652,2025-01-28 07:00:30.914302,claim
0,POL-729222,2025-01-28 09:25:50.622368,purchase
0,POL-087929,2025-01-28 09:55:13.987584,claim
0,POL-936348,2025-01-28 11:33:21.854999,claim
0,POL-984891,2025-01-28 13:45:37.773206,cancellation
0,POL-960476,2025-01-28 13:46:18.801509,cancellation
0,POL-878083,2025-01-28 14:09:01.180528,claim
0,POL-243385,2025-01-28 14:36:57.304394,cancellation
0,POL-430665,2025-01-28 16:06:51.927691,renewal
0,POL-390849,2025-01-28 19:11:10.355986,cancellation
0,POL-050035,2025-01-28 19:32:29.932196,purchase
0,POL-456451,2025-01-28 20:30:58.868012,purchase
0,POL-688526,2025-01-28 22:58:12.474594,renewal
0,POL-200959,2025-01-29 00:17:50.067162,cancellation
0,POL-684812,2025-01-29 00:48:06.052911,renewal
0,POL-683615,2025-01-29 01:41:30.117532,renewal
0,POL-754736,2025-01-29 02:51:04.631462,renewal
0,POL-174000,2025-01-29 03:01:17.734682,renewal
0,POL-496919,2025-01-29 03:06:03.272990,claim
0,POL-433885,2025-01-29 04:30:19.050262,claim
0,POL-163160,2025-01-29 08:03:02.429118,renewal
0,POL-335607,2025-01-29 08:32:42.041258,renewal
0,POL-415187,2025-01-29 09:46:01.606995,purchase
0,POL-094212,2025-01-29 10:39:58.227996,claim
0,POL-861976,2025-01-29 11:13:00.608734,renewal
0,POL-621920,2025-01-29 12:21:10.878405,cancellation
0,POL-313960,2025-01-29 13:11:30.131032,renewal
0,POL-850668,2025-01-29 14:16:53.211697,claim
0,POL-151400,2025-01-29 15:23:49.925756,claim
0,POL-500542,2025-01-29 15:32:48.447990,claim
0,POL-166969,2025-01-29 15:55:57.280538,purchase
0,POL-560262,2025-01-29 18:55:28.699336,cancellation
0,POL-774143,2025-01-29 19:58:26.242870,purchase
0,POL-153206,2025-01-30 00:28:11.298496,renewal
0,POL-793371,2025-01-30 01:03:29.361856,purchase
0,POL-779482,2025-01-30 02:16:23.111556,cancellation
0,POL-252874,2025-01-30 02:35:53.813063,cancellation
0,POL-369349,2025-01-30 03:17:23.386617,renewal
0,POL-575822,2025-01-30 05:47:19.977661,claim
0,POL-360760,2025-01-30 06:47:36.651813,renewal
0,POL-712623,2025-01-30 08:03:46.274007,cancellation
0,POL-920281,2025-01-30 08:06:14.919235,cancellation
0,POL-953616,2025-01-30 08:44:03.109141,renewal
0,POL-121271,2025-01-30 11:41:44.780011,renewal
0,POL-391832,2025-01-30 17:57:10.263401,claim
0,POL-378235,2025-01-30 20:38:19.877051,claim
0,POL-973097,2025-01-30 20:41:49.660240,purchase
0,POL-645093,2025-01-30 21:39:36.527742,cancellation
0,POL-670519,2025-01-30 21:49:36.539459,claim
0,POL-342466,2025-01-30 22:22:57.587230,purchase
0,POL-428229,2025-01-30 22:33:39.081343,renewal
0,POL-698658,2025-01-30 23:15:00.036513,cancellation
0,POL-090596,2025-01-30 23:46:01.970992,claim
0,POL-523792,2025-01-30 23:57:41.838915,renewal
0,POL-572050,2025-01-31 00:41:58.073452,claim
0,POL-481968,2025-01-31 00:45:57.764355,claim
0,POL-912239,2025-01-31 01:13:28.646206,claim
0,POL-301092,2025-01-31 03:00:48.012109,claim
0,POL-321622,2025-01-31 05:08:19.920890,renewal
0,POL-059628,2025-01-31 05:32:56.542165,purchase
0,POL-238777,2025-01-31 08:23:29.590456,renewal
0,POL-228241,2025-01-31 10:52:02.522556,claim
0,POL-713255,2025-01-31 11:16:53.743725,renewal
0,POL-132963,2025-01-31 11:44:23.116552,purchase
0,POL-342171,2025-01-31 11:55:25.697222,purchase
0,POL-334711,2025-01-31 14:07:49.083728,claim
0,POL-476244,2025-01-31 15:16:27.929751,renewal
0,POL-708612,2025-01-31 16:45:17.309480,claim
0,POL-960606,2025-01-31 18:09:06.196602,renewal
0,POL-967896,2025-01-31 18:35:14.294208,cancellation
0,POL-879018,2025-01-31 20:03:32.219729,purchase
0,POL-137085,2025-01-31 21:22:54.640270,cancellation
0,POL-138971,2025-01-31 22:16:23.877829,cancellation
0,POL-528285,2025-01-31 22:25:38.084213,claim
0,POL-687601,2025-01-31 22:42:12.415621,purchase
0,POL-554205,2025-02-01 03:50:11.785885,claim
0,POL-079805,2025-02-01 04:30:52.123497,purchase
0,POL-646145,2025-02-01 05:36:16.694113,renewal
0,POL-476098,2025-02-01 08:21:06.702543,purchase
0,POL-601986,2025-02-01 09:57:02.427995,renewal
0,POL-571844,2025-02-01 10:08:56.707873,purchase
0,POL-630802,2025-02-01 13:56:26.753803,claim
0,POL-377393,2025-02-01 14:09:27.451946,cancellation
0,POL-514044,2025-02-01 15:06:50.186609,renewal
0,POL-063359,2025-02-01 16:03:47.157269,claim
0,POL-939564,2025-02-01 17:04:20.018860,cancellation
0,POL-281319,2025-02-01 17:22:06.222323,claim
0,POL-174774,2025-02-01 17:24:12.280174,renewal
0,POL-933502,2025-02-01 19:56:05.308422,purchase
0,POL-315842,2025-02-01 22:44:05.155368,renewal
0,POL-448301,2025-02-01 23:58:17.566289,cancellation
0,POL-429629,2025-02-02 01:05:14.991232,purchase
0,POL-676703,2025-02-02 01:11:52.471183,cancellation
0,POL-666949,2025-02-02 01:59:11.339371,renewal
0,POL-661321,2025-02-02 02:05:46.558677,claim
0,POL-640887,2025-02-02 02:21:36.196370,renewal
0,POL-189292,2025-02-02 02:28:02.326117,purchase
0,POL-326932,2025-02-02 03:25:52.314090,purchase
0,POL-916195,2025-02-02 07:03:30.176659,renewal
0,POL-030062,2025-02-02 08:21:17.283322,claim
0,POL-021112,2025-02-02 10:18:22.425013,renewal
0,POL-062713,2025-02-02 11:07:08.122995,renewal
0,POL-938537,2025-02-02 13:06:49.574615,purchase
0,POL-120570,2025-02-02 13:38:57.327513,claim
0,POL-739681,2025-02-02 14:27:43.846118,cancellation
0,POL-540551,2025-02-02 14:50:24.521224,renewal
0,POL-215645,2025-02-02 19:44:06.080423,claim
0,POL-360760,2025-02-02 21:18:15.338013,cancellation
0,POL-803473,2025-02-02 21:33:17.205658,cancellation
0,POL-800350,2025-02-02 23:06:48.864557,purchase
0,POL-255526,2025-02-03 01:02:52.875126,cancellation
0,POL-188566,2025-02-03 02:43:49.993633,purchase
0,POL-066706,2025-02-03 02:45:01.038291,renewal
0,POL-905125,2025-02-03 03:05:33.418091,claim
0,POL-835467,2025-02-03 03:23:41.026006,renewal
0,POL-456104,2025-02-03 03:59:26.997332,claim
0,POL-214331,2025-02-03 05:37:30.986147,renewal
0,POL-513608,2025-02-03 06:08:27.287219,claim
0,POL-066934,2025-02-03 06:36:29.365145,cancellation
0,POL-134179,2025-02-03 06:54:22.651601,claim
0,POL-031485,2025-02-03 09:34:24.491302,purchase
0,POL-279072,2025-02-03 11:52:45.410536,purchase
0,POL-625710,2025-02-03 12:24:03.738562,cancellation
0,POL-117251,2025-02-03 17:39:06.168615,cancellation
0,POL-803724,2025-02-03 18:23:33.327304,cancellation
0,POL-713915,2025-02-03 20:45:07.799290,claim
0,POL-568167,2025-02-03 21:00:43.221036,purchase
0,POL-552600,2025-02-04 01:23:24.052876,cancellation
0,POL-029497,2025-02-04 01:26:04.446861,purchase
0,POL-685724,2025-02-04 05:22:55.133353,purchase
0,POL-607041,2025-02-04 05:23:43.919341,purchase
0,POL-825349,2025-02-04 07:10:00.620092,renewal
0,POL-061296,2025-02-04 10:22:54.079581,purchase
0,POL-799864,2025-02-04 11:53:04.364284,purchase
0,POL-292446,2025-02-04 12:38:53.776083,renewal
0,POL-420306,2025-02-04 12:53:28.427345,cancellation
0,POL-239786,2025-02-04 13:53:35.333936,purchase
0,POL-080984,2025-02-04 14:40:07.212175,purchase
0,POL-482794,2025-02-04 15:03:52.722246,claim
0,POL-398894,2025-02-04 15:54:08.253387,claim
0,POL-279172,2025-02-04 20:46:16.737944,claim
0,POL-186453,2025-02-04 21:39:33.758838,purchase
0,POL-627495,2025-02-04 22:42:36.044930,claim
0,POL-578504,2025-02-04 22:45:34.780666,cancellation
0,POL-977069,2025-02-05 00:08:44.972290,cancellation
0,POL-676671,2025-02-05 00:54:11.604336,renewal
0,POL-276126,2025-02-05 01:15:41.136200,claim
0,POL-516576,2025-02-05 03:59:14.003160,claim
0,POL-612845,2025-02-05 04:18:07.934834,claim
0,POL-990222,2025-02-05 05:09:38.753712,cancellation
0,POL-409087,2025-02-05 05:11:49.276011,renewal
0,POL-046758,2025-02-05 05:28:30.204401,renewal
0,POL-097686,2025-02-05 05:33:22.464835,purchase
0,POL-897464,2025-02-05 06:11:42.843344,cancellation
0,POL-614017,2025-02-05 06:57:44.331923,claim
0,POL-554129,2025-02-05 08:53:30.739396,claim
0,POL-832045,2025-02-05 12:02:27.382142,claim
0,POL-358384,2025-02-05 13:43:53.649405,claim
0,POL-225778,2025-02-05 13:51:05.732398,purchase
0,POL-783946,2025-02-05 15:45:40.295657,renewal
0,POL-676398,2025-02-05 20:26:06.801736,claim
0,POL-316224,2025-02-05 20:51:39.445259,cancellation
0,POL-813820,2025-02-05 21:16:26.417041,cancellation
0,POL-813533,2025-02-05 21:34:42.238542,purchase
0,POL-895728,2025-02-05 22:54:48.894593,purchase
0,POL-973232,2025-02-05 23:19:13.687716,renewal
0,POL-592508,2025-02-06 02:04:28.737127,claim
0,POL-479349,2025-02-06 02:26:30.215660,cancellation
0,POL-311893,2025-02-06 02:51:45.740500,claim
0,POL-575255,2025-02-06 04:00:42.732744,claim
0,POL-837544,2025-02-06 05:08:16.652488,purchase
0,POL-454165,2025-02-06 05:54:57.621860,cancellation
0,POL-092436,2025-02-06 06:30:30.288841,renewal
0,POL-688526,2025-02-06 08:15:52.594832,cancellation
0,POL-864386,2025-02-06 09:50:47.028725,cancellation
0,POL-379486,2025-02-06 09:55:05.526110,renewal
0,POL-646628,2025-02-06 11:04:42.034865,renewal
0,POL-859125,2025-02-06 11:43:07.374826,cancellation
0,513554,2025-02-06 12:11:48.143187,renewal
0,POL-837544,2025-02-06 12:30:47.067465,renewal
0,POL-969154,2025-02-06 12:32:22.854933,renewal
0,POL-560234,2025-02-06 13:01:31.213515,cancellation
0,POL-973537,2025-02-06 13:08:19.306520,purchase
0,POL-681692,2025-02-06 14:10:37.269153,renewal
0,POL-594565,2025-02-06 14:16:33.517273,claim
0,POL-842133,2025-02-06 15:12:05.955560,claim
0,POL-925647,2025-02-06 16:16:15.884762,claim
0,POL-624918,2025-02-06 20:36:22.524073,claim
0,POL-916311,2025-02-06 21:01:25.763334,cancellation
0,POL-300403,2025-02-06 21:02:42.996086,purchase
0,POL-879324,2025-02-06 21:10:21.474020,renewal
0,POL-179967,2025-02-06 22:30:59.217196,purchase
0,POL-432955,2025-02-07 00:19:15.223371,claim
0,POL-126790,2025-02-07 01:07:32.653720,cancellation
0,POL-383091,2025-02-07 02:00:35.756521,purchase
0,POL-986487,2025-02-07 03:15:16.597995,renewal
0,POL-606022,2025-02-07 04:02:55.085475,claim
0,POL-293099,2025-02-07 04:14:14.673293,renewal
0,POL-295850,2025-02-07 04:14:31.840093,claim
0,POL-275578,2025-02-07 05:11:44.790049,purchase
0,POL-753298,2025-02-07 06:16:33.507219,cancellation
0,POL-324650,2025-02-07 06:40:19.054615,renewal
0,POL-231518,2025-02-07 08:41:34.876070,purchase
0,POL-822563,2025-02-07 08:46:34.252971,renewal
0,POL-493240,2025-02-07 09:12:34.966719,claim
0,POL-711030,2025-02-07 10:16:53.118109,cancellation
0,POL-949102,2025-02-07 10:47:10.983068,renewal
0,POL-571337,2025-02-07 11:10:55.240850,claim
0,POL-593495,2025-02-07 12:08:39.181987,claim
0,POL-232968,2025-02-07 12:10:21.285182,purchase
0,POL-030062,2025-02-07 13:39:59.911351,claim
0,POL-218015,2025-02-07 14:23:11.141900,claim
0,POL-734413,2025-02-07 14:25:47.275920,claim
0,POL-654773,2025-02-07 14:58:38.129517,renewal
0,POL-526002,2025-02-07 15:14:38.568648,claim
0,POL-280649,2025-02-07 16:41:51.939981,claim
0,167463,2025-02-07 18:41:52.597879,renewal
0,POL-153521,2025-02-07 19:43:15.865465,renewal
0,POL-722428,2025-02-08 00:36:21.286527,claim
0,POL-537567,2025-02-08 01:04:01.171744,claim
0,919419,2025-02-08 01:06:53.093630,purchase
0,POL-026351,2025-02-08 01:07:18.290134,renewal
0,POL-891218,2025-02-08 01:09:45.859021,cancellation
0,POL-480720,2025-02-08 03:19:09.548477,cancellation
0,POL-190431,2025-02-08 03:41:30.903158,claim
0,POL-400638,2025-02-08 04:52:14.565746,purchase
0,POL-364276,2025-02-08 05:56:19.110802,purchase
0,POL-537915,2025-02-08 07:03:21.757697,renewal
0,POL-630802,2025-02-08 07:45:39.432503,cancellation
0,POL-466920,2025-02-08 07:52:29.037645,renewal
0,POL-561096,2025-02-08 10:42:16.876873,cancellation
0,POL-903224,2025-02-08 12:06:23.730668,cancellation
0,POL-757596,2025-02-08 12:29:00.845256,cancellation
0,POL-487266,2025-02-08 14:16:25.943510,purchase
0,POL-764341,2025-02-08 14:43:51.951217,renewal
0,POL-832763,2025-02-08 16:43:22.105083,purchase
0,POL-340623,2025-02-08 17:11:09.933924,cancellation
0,POL-756812,2025-02-08 18:31:45.823050,purchase
0,POL-103393,2025-02-08 19:21:15.443735,renewal
0,POL-620475,2025-02-08 19:55:55.908193,purchase
0,POL-861817,2025-02-08 21:04:34.263966,claim
0,POL-230507,2025-02-08 22:27:42.499931,renewal
0,POL-040313,2025-02-08 23:36:03.738134,cancellation
0,POL-848606,2025-02-09 01:05:06.524259,purchase
0,POL-690981,2025-02-09 03:18:03.104972,claim
0,POL-197178,2025-02-09 06:03:39.032450,purchase
0,POL-489614,2025-02-09 07:03:27.352403,purchase
0,POL-453268,2025-02-09 07:07:11.253587,purchase
0,POL-227135,2025-02-09 08:41:37.555016,cancellation
0,POL-935883,2025-02-09 10:02:47.359886,cancellation
0,POL-735040,2025-02-09 11:37:26.955178,claim
0,POL-132612,2025-02-09 13:01:11.413541,cancellation
0,POL-651522,2025-02-09 14:15:21.590600,renewal
0,POL-309443,2025-02-09 14:32:38.971981,purchase
0,POL-215260,2025-02-09 15:48:20.214443,purchase
0,POL-798761,2025-02-09 18:22:00.148239,claim
0,POL-686433,2025-02-09 19:49:00.463344,cancellation
0,POL-097686,2025-02-09 20:35:16.136199,cancellation
0,POL-144841,2025-02-09 20:49:52.504977,renewal
0,POL-363624,2025-02-09 23:01:24.059613,cancellation
0,POL-230469,2025-02-09 23:43:50.424629,cancellation
0,POL-688999,2025-02-10 00:10:48.121356,claim
0,POL-955032,2025-02-10 00:33:41.530093,purchase
0,POL-449373,2025-02-10 01:27:06.390127,purchase
0,POL-821426,2025-02-10 03:11:40.597164,claim
0,POL-695405,2025-02-10 04:02:23.035507,cancellation
0,POL-765822,2025-02-10 04:42:59.965322,renewal
0,POL-661307,2025-02-10 05:38:47.216692,claim
0,POL-583648,2025-02-10 06:46:03.936998,purchase
0,POL-452545,2025-02-10 07:04:26.549773,claim
0,POL-784115,2025-02-10 07:14:16.589153,claim
0,POL-930333,2025-02-10 07:17:56.905764,purchase
0,POL-789436,2025-02-10 07:19:57.147579,purchase
0,POL-789776,2025-02-10 07:35:45.494401,renewal
0,POL-958215,2025-02-10 10:17:58.570253,cancellation
0,POL-390496,2025-02-10 10:47:09.843428,claim
0,POL-008793,2025-02-10 11:08:11.878608,renewal
0,POL-094646,2025-02-10 12:44:22.522360,claim
0,POL-563462,2025-02-10 14:12:15.182025,claim
0,POL-591842,2025-02-10 16:11:43.323313,renewal
0,POL-581393,2025-02-10 16:36:35.819907,purchase
0,POL-738879,2025-02-10 21:40:20.461598,cancellation
0,POL-687980,2025-02-10 23:05:21.358811,purchase
0,POL-236496,2025-02-10 23:09:27.934463,claim
0,POL-160671,2025-02-11 00:18:31.467323,cancellation
0,POL-477144,2025-02-11 01:01:57.372357,renewal
0,POL-949340,2025-02-11 01:24:28.086956,renewal
0,POL-769871,2025-02-11 09:02:25.079232,claim
0,POL-104518,2025-02-11 09:28:04.050801,cancellation
0,POL-117267,2025-02-11 10:37:13.646956,claim
0,POL-339725,2025-02-11 12:44:42.033395,renewal
0,POL-446938,2025-02-11 13:28:40.198299,claim
0,POL-254971,2025-02-11 15:59:26.752259,claim
0,POL-359794,2025-02-11 16:04:17.311953,renewal
0,POL-332139,2025-02-11 17:12:52.357582,claim
0,POL-126448,2025-02-11 19:34:38.139304,cancellation
0,POL-392305,2025-02-11 19:51:00.123221,cancellation
0,POL-817219,2025-02-11 20:27:22.197260,claim
0,POL-813406,2025-02-11 22:29:44.693336,purchase
0,POL-985849,2025-02-11 23:51:35.090035,claim
0,POL-551523,2025-02-12 00:51:35.514389,claim
0,POL-131654,2025-02-12 01:47:42.985108,cancellation
0,POL-989566,2025-02-12 02:23:28.481106,renewal
0,POL-192602,2025-02-12 03:18:34.122078,cancellation
0,POL-748024,2025-02-12 07:13:24.644574,claim
0,463772,2025-02-12 08:40:46.676836,claim
0,POL-601986,2025-02-12 09:39:40.056738,renewal
0,POL-234480,2025-02-12 10:06:06.968900,purchase
0,POL-034979,2025-02-12 11:11:08.051306,claim
0,POL-325074,2025-02-12 11:17:38.095749,cancellation
0,POL-140111,2025-02-12 12:06:11.509644,renewal
0,POL-946619,2025-02-12 12:23:57.267527,cancellation
0,POL-975343,2025-02-12 12:55:07.505864,purchase
0,POL-331141,2025-02-12 14:17:57.491417,renewal
0,POL-316523,2025-02-12 14:53:03.028751,claim
0,POL-521357,2025-02-12 16:02:50.724259,cancellation
0,POL-268018,2025-02-12 16:18:18.584136,renewal
0,POL-490818,2025-02-12 17:03:14.910923,renewal
0,POL-062277,2025-02-12 19:33:20.018523,purchase
0,POL-769198,2025-02-12 20:55:26.036937,purchase
0,POL-617112,2025-02-12 21:21:54.623445,cancellation
0,POL-738734,2025-02-12 23:23:53.435653,renewal
0,POL-449437,2025-02-13 00:51:47.112933,cancellation
0,POL-660663,2025-02-13 03:16:10.784194,purchase
0,POL-776698,2025-02-13 05:02:59.328628,renewal
0,POL-038115,2025-02-13 05:51:47.137431,claim
0,POL-620668,2025-02-13 07:02:16.744811,purchase
0,POL-621471,2025-02-13 08:20:28.335251,cancellation
0,POL-143813,2025-02-13 09:40:24.474842,claim
0,POL-968021,2025-02-13 09:50:36.482367,purchase
0,POL-442204,2025-02-13 09:58:02.613427,renewal
0,POL-815969,2025-02-13 10:57:13.008521,claim
0,POL-872917,2025-02-13 11:23:42.316166,purchase
0,POL-283947,2025-02-13 11:26:48.249662,renewal
0,POL-943350,2025-02-13 11:38:22.368957,claim
0,POL-450688,2025-02-13 12:09:41.788186,claim
0,POL-702235,2025-02-13 14:52:07.684337,renewal
0,POL-830304,2025-02-13 18:10:37.932204,purchase
0,POL-616343,2025-02-13 18:31:12.883518,cancellation
0,POL-940525,2025-02-13 21:17:11.347983,claim
0,POL-511547,2025-02-13 21:24:31.571179,claim
0,POL-547014,2025-02-14 00:56:16.355411,purchase
0,POL-859144,2025-02-14 03:19:50.790113,renewal
0,POL-545845,2025-02-14 04:29:20.648811,claim
0,POL-092755,2025-02-14 05:07:31.951595,purchase
0,POL-702774,2025-02-14 05:45:47.759334,cancellation
0,POL-543817,2025-02-14 09:50:57.073633,claim
0,POL-721128,2025-02-14 11:38:36.834148,purchase
0,POL-454282,2025-02-14 11:47:52.616927,claim
0,POL-905406,2025-02-14 12:09:48.003191,cancellation
0,POL-007982,2025-02-14 12:26:21.715820,purchase
0,POL-536884,2025-02-14 12:31:36.999404,purchase
0,POL-496510,2025-02-14 14:04:17.721896,renewal
0,POL-612470,2025-02-14 14:35:26.352917,claim
0,POL-586824,2025-02-14 15:22:26.180224,cancellation
0,POL-646486,2025-02-14 18:56:17.159469,claim
0,POL-404726,2025-02-14 20:01:52.326515,renewal
0,POL-043876,2025-02-14 20:42:08.346182,renewal
0,POL-721477,2025-02-14 21:16:05.043501,claim
0,POL-581393,2025-02-14 21:44:33.918224,cancellation
0,POL-889251,2025-02-14 21:59:59.328418,cancellation
0,POL-558405,2025-02-14 22:33:11.667474,purchase
0,POL-658474,2025-02-15 01:16:39.769295,purchase
0,POL-819101,2025-02-15 03:08:28.563182,claim
0,POL-845964,2025-02-15 03:09:10.137748,cancellation
0,POL-360315,2025-02-15 04:59:11.265508,renewal
0,POL-407622,2025-02-15 10:03:24.866680,cancellation
0,POL-008035,2025-02-15 10:49:25.845062,purchase
0,POL-253179,2025-02-15 12:23:39.398626,claim
0,POL-877812,2025-02-15 12:24:30.468827,claim
0,POL-891815,2025-02-15 12:37:10.130088,renewal
0,POL-050478,2025-02-15 13:31:37.478920,claim
0,POL-371367,2025-02-15 14:06:09.759991,purchase
0,POL-802825,2025-02-15 14:17:19.591105,cancellation
0,POL-869257,2025-02-15 14:42:01.095984,purchase
0,POL-962998,2025-02-15 17:10:55.818139,purchase
0,POL-700404,2025-02-15 22:50:10.001000,renewal
0,POL-293253,2025-02-15 22:59:19.604160,claim
0,921989,2025-02-16 02:23:22.371104,purchase
0,POL-638371,2025-02-16 03:13:16.909572,cancellation
0,POL-166256,2025-02-16 05:16:04.934187,renewal
0,POL-756185,2025-02-16 07:37:00.016884,purchase
0,POL-678430,2025-02-16 10:41:11.159157,cancellation
0,POL-441424,2025-02-16 10:45:38.327889,claim
0,POL-822394,2025-02-16 11:58:16.841454,cancellation
0,POL-631837,2025-02-16 15:59:49.884106,cancellation
0,184337,2025-02-16 16:08:50.216868,cancellation
0,POL-840037,2025-02-16 17:02:26.434932,purchase
0,POL-776375,2025-02-16 18:15:45.930263,renewal
0,POL-238556,2025-02-16 18:59:14.423615,cancellation
0,POL-541841,2025-02-16 19:00:12.023263,purchase
0,POL-136195,2025-02-16 21:29:19.334988,renewal
0,POL-189292,2025-02-16 21:30:41.561151,renewal
0,POL-504822,2025-02-17 02:27:07.510802,cancellation
0,POL-144841,2025-02-17 04:17:34.393360,claim
0,POL-696719,2025-02-17 05:02:23.055865,renewal
0,POL-874029,2025-02-17 05:17:36.729483,claim
0,POL-100962,2025-02-17 06:15:56.817660,renewal
0,POL-470878,2025-02-17 07:18:51.923697,renewal
0,POL-733092,2025-02-17 07:31:06.219396,renewal
0,POL-785100,2025-02-17 07:44:27.772124,purchase
0,POL-708045,2025-02-17 08:36:33.360217,purchase
0,POL-601746,2025-02-17 09:41:16.055501,purchase
0,POL-324862,2025-02-17 10:14:14.195386,renewal
0,POL-075305,2025-02-17 10:43:46.573334,claim
0,POL-873392,2025-02-17 10:55:53.568282,renewal
0,POL-966822,2025-02-17 11:01:56.579343,renewal
0,POL-055458,2025-02-17 13:32:21.359336,cancellation
0,POL-778696,2025-02-17 14:08:20.923003,purchase
0,POL-420967,2025-02-17 16:51:32.934757,cancellation
0,POL-477144,2025-02-17 18:26:02.476442,claim
0,POL-795338,2025-02-17 18:45:29.709851,renewal
0,POL-434289,2025-02-17 18:57:47.897516,cancellation
0,POL-229965,2025-02-17 19:17:01.518708,cancellation
0,POL-589868,2025-02-17 19:51:52.365738,claim
0,184337,2025-02-17 23:31:50.197015,claim
0,POL-342171,2025-02-18 00:09:33.602115,purchase
0,POL-279049,2025-02-18 00:26:55.218555,claim
0,POL-233580,2025-02-18 02:06:10.728318,purchase
0,POL-873392,2025-02-18 03:19:01.668179,cancellation
0,POL-281832,2025-02-18 03:39:40.069398,renewal
0,POL-271317,2025-02-18 03:43:46.133144,renewal
0,POL-389957,2025-02-18 04:14:14.822634,renewal
0,POL-179188,2025-02-18 05:47:15.511050,renewal
0,POL-035038,2025-02-18 05:47:45.020895,renewal
0,POL-988613,2025-02-18 05:52:40.600651,claim
0,POL-521616,2025-02-18 07:37:26.057545,claim
0,POL-290712,2025-02-18 08:05:03.618881,cancellation
0,POL-987859,2025-02-18 08:33:52.966628,cancellation
0,POL-113265,2025-02-18 08:48:01.539008,claim
0,POL-764212,2025-02-18 10:01:07.371122,cancellation
0,POL-624377,2025-02-18 12:37:12.129348,claim
0,POL-901224,2025-02-18 13:29:22.487372,purchase
0,POL-861976,2025-02-18 14:17:06.612290,claim
0,POL-082422,2025-02-18 15:03:08.942214,renewal
0,POL-146190,2025-02-18 15:22:56.009404,claim
0,POL-892899,2025-02-18 16:38:17.765094,claim
0,POL-815706,2025-02-18 18:38:39.758938,claim
0,POL-817962,2025-02-18 19:15:30.440667,purchase
0,POL-568860,2025-02-18 19:52:34.906000,renewal
0,POL-113594,2025-02-18 20:29:38.321715,claim
0,POL-101613,2025-02-19 00:38:25.546006,renewal
0,POL-301221,2025-02-19 03:20:23.894011,claim
0,POL-584172,2025-02-19 03:39:40.176131,cancellation
0,POL-862145,2025-02-19 06:03:49.882200,renewal
0,POL-912345,2025-02-19 09:02:00.061254,cancellation
0,POL-903838,2025-02-19 10:15:15.252954,claim
0,POL-915050,2025-02-19 12:43:28.722215,renewal
0,POL-249227,2025-02-19 13:13:44.585696,cancellation
0,POL-887647,2025-02-19 14:32:23.368091,claim
0,POL-395299,2025-02-19 19:37:11.936859,renewal
0,POL-505412,2025-02-19 20:54:51.881690,cancellation
0,POL-488319,2025-02-19 23:28:40.930265,renewal
0,POL-975096,2025-02-20 00:29:20.228002,claim
0,POL-080538,2025-02-20 03:03:31.931338,purchase
0,POL-373608,2025-02-20 04:34:56.359057,cancellation
0,POL-176312,2025-02-20 04:37:18.863127,cancellation
0,POL-843784,2025-02-20 06:43:45.273161,renewal
0,POL-717142,2025-02-20 07:22:05.121822,cancellation
0,POL-792262,2025-02-20 08:38:32.346146,claim
0,POL-305596,2025-02-20 11:13:03.380071,purchase
0,POL-778626,2025-02-20 11:39:00.693855,renewal
0,POL-712395,2025-02-20 11:52:48.466375,claim
0,POL-970602,2025-02-20 15:47:29.584610,purchase
0,POL-922483,2025-02-20 16:17:05.331773,renewal
0,POL-844305,2025-02-20 19:15:43.567915,cancellation
0,POL-414745,2025-02-20 19:29:42.586168,renewal
0,POL-598534,2025-02-20 20:11:03.202588,claim
0,POL-028992,2025-02-20 20:27:56.200354,renewal
0,POL-638536,2025-02-20 21:36:03.892035,cancellation
0,POL-362464,2025-02-20 23:45:25.305637,renewal
0,POL-925647,2025-02-20 23:58:26.473544,renewal
0,POL-514695,2025-02-21 00:12:00.243033,renewal
0,POL-068511,2025-02-21 01:23:25.141840,cancellation
0,POL-495440,2025-02-21 01:56:45.034849,purchase
0,POL-389754,2025-02-21 02:42:54.359846,claim
0,POL-325971,2025-02-21 03:20:03.787294,claim
0,POL-105055,2025-02-21 04:09:04.001567,renewal
0,POL-259656,2025-02-21 05:01:23.233471,purchase
0,POL-082389,2025-02-21 05:04:19.173229,claim
0,POL-982194,2025-02-21 05:42:42.622061,renewal
0,POL-884230,2025-02-21 07:38:05.832306,claim
0,POL-392044,2025-02-21 09:35:29.248503,cancellation
0,POL-437729,2025-02-21 09:56:20.211092,cancellation
0,POL-084975,2025-02-21 10:28:15.910210,renewal
0,POL-850419,2025-02-21 11:32:31.974235,cancellation
0,POL-135918,2025-02-21 11:48:44.030404,claim
0,POL-777562,2025-02-21 14:57:25.630411,renewal
0,POL-662797,2025-02-21 16:31:03.982142,renewal
0,POL-470605,2025-02-21 17:35:30.544191,purchase
0,POL-766590,2025-02-21 17:43:57.253417,claim
0,POL-809807,2025-02-21 17:54:56.834189,purchase
0,POL-328973,2025-02-21 20:38:54.274256,claim
0,POL-340547,2025-02-21 21:06:56.938389,renewal
0,POL-297278,2025-02-21 23:10:07.339851,claim
0,POL-772608,2025-02-21 23:16:08.427622,renewal
0,POL-414657,2025-02-22 01:29:32.518363,claim
0,POL-899207,2025-02-22 02:08:08.303245,renewal
0,POL-012643,2025-02-22 04:05:30.209765,renewal
0,POL-630802,2025-02-22 05:09:54.325246,claim
0,POL-835091,2025-02-22 05:39:30.903906,cancellation
0,POL-197076,2025-02-22 06:32:40.094443,claim
0,POL-405181,2025-02-22 06:42:50.949316,renewal
0,POL-140706,2025-02-22 06:59:03.492572,renewal
0,POL-188566,2025-02-22 07:06:17.247756,claim
0,POL-431777,2025-02-22 07:20:10.392097,cancellation
0,POL-783378,2025-02-22 07:37:44.061388,claim
0,POL-948001,2025-02-22 08:28:34.625596,renewal
0,POL-372674,2025-02-22 09:10:13.807532,renewal
0,POL-593783,2025-02-22 09:51:28.474953,purchase
0,POL-988158,2025-02-22 10:11:19.678309,purchase
0,POL-483491,2025-02-22 10:38:52.289904,claim
0,POL-114442,2025-02-22 11:03:45.700016,purchase
0,POL-913639,2025-02-22 12:20:48.590345,cancellation
0,POL-996526,2025-02-22 12:43:43.156831,claim
0,POL-407197,2025-02-22 13:30:50.875267,claim
0,POL-744075,2025-02-22 13:37:45.173366,renewal
0,POL-161419,2025-02-22 14:17:14.271391,purchase
0,POL-606196,2025-02-22 15:09:22.087318,cancellation
0,POL-724116,2025-02-22 15:16:11.133516,cancellation
0,POL-248294,2025-02-22 16:43:24.865458,renewal
0,POL-291981,2025-02-22 16:45:55.109243,cancellation
0,POL-007004,2025-02-22 21:09:23.717247,cancellation
0,POL-953003,2025-02-22 21:43:00.467181,purchase
0,POL-177240,2025-02-22 21:52:03.270890,cancellation
0,POL-696666,2025-02-23 02:53:39.808699,claim
0,POL-953724,2025-02-23 02:54:44.374361,renewal
0,POL-489660,2025-02-23 03:12:27.883626,purchase
0,POL-252166,2025-02-23 03:24:14.281939,renewal
0,POL-408952,2025-02-23 03:34:08.188645,purchase
0,POL-647757,2025-02-23 04:35:38.029349,claim
0,POL-807068,2025-02-23 05:50:01.479214,purchase
0,POL-215561,2025-02-23 06:12:21.769718,cancellation
0,POL-516028,2025-02-23 08:38:18.824044,purchase
0,POL-343841,2025-02-23 09:46:27.345387,renewal
0,POL-957168,2025-02-23 10:54:04.745497,renewal
0,POL-364603,2025-02-23 11:29:07.661639,purchase
0,POL-742364,2025-02-23 11:39:52.697626,purchase
0,141709,2025-02-23 16:29:49.790051,claim
0,POL-567104,2025-02-23 17:54:11.742058,renewal
0,POL-678682,2025-02-23 18:58:26.425516,cancellation
0,POL-919256,2025-02-23 21:02:42.763664,renewal
0,POL-665339,2025-02-23 22:11:50.375253,renewal
0,POL-126087,2025-02-24 01:43:29.940567,claim
0,POL-099513,2025-02-24 04:55:39.561406,claim
0,POL-109821,2025-02-24 05:19:59.081336,renewal
0,POL-867740,2025-02-24 06:04:25.917050,purchase
0,POL-943350,2025-02-24 06:13:33.360838,cancellation
0,POL-276187,2025-02-24 06:51:07.360581,renewal
0,POL-351789,2025-02-24 07:36:00.634501,cancellation
0,POL-302233,2025-02-24 07:41:22.968504,purchase
0,POL-803857,2025-02-24 08:11:23.905753,claim
0,POL-309071,2025-02-24 11:21:38.209040,purchase
0,POL-492338,2025-02-24 12:31:20.046720,purchase
0,POL-585513,2025-02-24 12:47:25.009356,purchase
0,POL-936521,2025-02-24 14:55:49.983078,purchase
0,POL-161233,2025-02-24 16:40:11.060860,claim
0,POL-053310,2025-02-24 16:56:26.305828,claim
0,POL-035958,2025-02-24 16:57:22.893163,claim
0,POL-466701,2025-02-24 17:08:14.910444,cancellation
0,POL-897354,2025-02-24 18:06:08.269276,claim
0,POL-371651,2025-02-24 19:40:48.621246,renewal
0,POL-083330,2025-02-24 21:08:40.951411,cancellation
0,POL-128042,2025-02-24 21:36:13.537164,claim
0,POL-186453,2025-02-24 22:06:23.509314,renewal
0,789091,2025-02-24 23:39:26.374562,claim
0,POL-612470,2025-02-25 00:11:32.586368,claim
0,POL-308916,2025-02-25 00:35:23.165607,claim
0,POL-055528,2025-02-25 01:36:07.838279,claim
0,POL-538316,2025-02-25 04:18:05.682363,cancellation
0,POL-677364,2025-02-25 04:22:53.960608,purchase
0,POL-688436,2025-02-25 04:40:52.252306,renewal
0,POL-691077,2025-02-25 04:48:04.737914,claim
0,POL-238453,2025-02-25 05:17:53.313064,purchase
0,POL-617112,2025-02-25 05:46:09.027245,renewal
0,POL-988613,2025-02-25 05:57:44.711629,renewal
0,POL-197733,2025-02-25 06:18:45.674911,claim
0,POL-228449,2025-02-25 07:12:01.909081,renewal
0,POL-728578,2025-02-25 07:41:26.391850,cancellation
0,POL-110022,2025-02-25 09:01:02.960117,purchase
0,POL-082422,2025-02-25 09:17:55.205838,purchase
0,POL-602874,2025-02-25 11:21:43.284312,purchase
0,POL-733160,2025-02-25 14:19:12.500503,renewal
0,POL-905340,2025-02-25 16:28:12.678681,claim
0,POL-516028,2025-02-25 17:24:35.187707,renewal
0,POL-289522,2025-02-25 17:45:47.995961,purchase
0,POL-865324,2025-02-25 17:49:09.302631,purchase
0,POL-383604,2025-02-25 18:49:05.902630,renewal
0,POL-708764,2025-02-25 23:07:35.471423,renewal
0,POL-188480,2025-02-25 23:47:12.894369,renewal
0,POL-610245,2025-02-25 23:54:53.070193,purchase
0,POL-552600,2025-02-26 02:10:39.778177,cancellation
0,POL-110236,2025-02-26 03:01:05.861938,renewal
0,POL-483528,2025-02-26 04:17:04.657891,claim
0,POL-733113,2025-02-26 05:07:44.249311,renewal
0,339607,2025-02-26 05:23:58.163286,renewal
0,POL-817526,2025-02-26 06:00:44.924343,cancellation
0,POL-040725,2025-02-26 06:56:14.855129,renewal
0,POL-248614,2025-02-26 06:59:33.677117,cancellation
0,POL-945320,2025-02-26 07:16:59.404962,claim
0,POL-580392,2025-02-26 08:06:23.906281,purchase
0,POL-050478,2025-02-26 08:29:30.835998,cancellation
0,POL-974118,2025-02-26 09:16:52.160492,claim
0,POL-028036,2025-02-26 11:52:01.147829,claim
0,POL-964375,2025-02-26 13:09:00.301611,cancellation
0,POL-989566,2025-02-26 14:27:59.240903,renewal
0,POL-098358,2025-02-26 17:34:16.345934,purchase
0,POL-536884,2025-02-26 18:47:31.568588,claim
0,098632,2025-02-26 19:06:58.744217,claim
0,POL-774729,2025-02-26 19:22:38.675044,cancellation
0,POL-894707,2025-02-26 20:48:24.531595,cancellation
0,POL-581983,2025-02-26 21:04:04.049657,purchase
0,POL-561201,2025-02-26 21:12:15.618604,claim
0,POL-693299,2025-02-27 00:32:47.151485,cancellation
0,POL-504348,2025-02-27 00:56:02.099847,renewal
0,POL-996756,2025-02-27 01:03:58.069555,renewal
0,POL-422259,2025-02-27 03:41:09.097033,renewal
0,POL-498841,2025-02-27 05:36:09.771064,purchase
0,POL-984650,2025-02-27 06:29:12.235004,purchase
0,POL-113149,2025-02-27 06:48:10.897919,purchase
0,POL-331391,2025-02-27 07:54:56.476734,cancellation
0,POL-424138,2025-02-27 09:56:30.493322,cancellation
0,POL-795172,2025-02-27 12:00:01.862367,claim
0,POL-172885,2025-02-27 13:14:42.200588,claim
0,POL-320247,2025-02-27 14:37:53.238388,claim
0,POL-753690,2025-02-27 15:54:51.867087,cancellation
0,POL-057374,2025-02-27 17:30:41.062924,purchase
0,POL-669330,2025-02-27 17:34:24.025058,purchase
0,POL-317580,2025-02-27 18:39:49.783422,purchase
0,POL-524123,2025-02-27 20:59:50.398080,cancellation
0,POL-648008,2025-02-27 21:43:49.252018,claim
0,POL-729222,2025-02-27 21:48:25.338574,renewal
0,POL-431777,2025-02-27 23:59:22.854181,claim
0,POL-757828,2025-02-28 00:27:56.024064,purchase
0,POL-066104,2025-02-28 01:00:36.804946,renewal
0,POL-821931,2025-02-28 01:05:24.691093,claim
0,POL-363785,2025-02-28 01:58:25.635246,cancellation
0,POL-364446,2025-02-28 02:22:54.197426,cancellation
0,POL-694126,2025-02-28 02:31:21.796820,claim
0,POL-977069,2025-02-28 03:14:22.512166,cancellation
0,POL-170443,2025-02-28 04:04:25.085410,claim
0,POL-579479,2025-02-28 04:22:35.864171,renewal
0,POL-565686,2025-02-28 06:03:42.827500,purchase
0,POL-162881,2025-02-28 07:59:15.952703,claim
0,POL-738187,2025-02-28 08:43:30.444719,claim
0,POL-889144,2025-02-28 08:54:04.692754,renewal
0,POL-911877,2025-02-28 09:20:55.819189,purchase
0,POL-392804,2025-02-28 10:00:49.106745,purchase
0,POL-277896,2025-02-28 10:03:28.858161,cancellation
0,POL-713459,2025-02-28 11:32:17.023544,purchase
0,POL-635788,2025-02-28 12:47:37.528623,cancellation
0,POL-420056,2025-02-28 15:47:58.674099,claim
0,POL-494396,2025-02-28 18:19:15.984458,purchase
0,167077,2025-02-28 18:52:22.590521,cancellation
0,POL-964375,2025-02-28 19:25:01.939458,purchase
0,POL-619256,2025-02-28 19:27:24.860838,cancellation
0,POL-596093,2025-02-28 21:25:23.411218,renewal
0,POL-505921,2025-02-28 21:48:18.625314,claim
0,POL-220402,2025-02-28 23:10:10.245420,renewal
0,POL-293254,2025-03-01 01:54:03.485879,claim
0,POL-752520,2025-03-01 02:08:00.126008,claim
0,928414,2025-03-01 02:48:33.947095,purchase
0,POL-209487,2025-03-01 03:12:17.047316,claim
0,POL-735524,2025-03-01 03:41:54.130964,cancellation
0,POL-008035,2025-03-01 06:36:14.674254,purchase
0,POL-463811,2025-03-01 06:38:18.673412,purchase
0,POL-453268,2025-03-01 07:09:29.766908,cancellation
0,POL-737600,2025-03-01 07:48:29.469080,cancellation
0,POL-412766,2025-03-01 09:28:28.015959,claim
0,POL-037756,2025-03-01 10:32:13.887487,cancellation
0,POL-956302,2025-03-01 13:03:28.413113,claim
0,POL-838322,2025-03-01 13:45:20.054193,claim
0,POL-276384,2025-03-01 15:17:12.857330,claim
0,POL-266112,2025-03-01 16:06:10.805285,claim
0,POL-298283,2025-03-01 16:06:48.089127,claim
0,POL-240171,2025-03-01 18:15:05.030012,claim
0,POL-073648,2025-03-01 19:55:04.357536,purchase
0,POL-145576,2025-03-01 20:11:22.129574,purchase
0,POL-763975,2025-03-01 21:15:35.044936,renewal
0,POL-413043,2025-03-01 21:36:29.663143,cancellation
0,POL-308341,2025-03-01 22:13:21.273857,renewal
0,POL-412042,2025-03-02 00:43:37.398147,purchase
0,POL-988546,2025-03-02 01:47:26.117584,cancellation
0,POL-021467,2025-03-02 02:55:47.342919,renewal
0,POL-081827,2025-03-02 02:56:39.238573,cancellation
0,POL-295957,2025-03-02 03:45:13.524313,purchase
0,POL-923720,2025-03-02 04:37:15.271391,cancellation
0,POL-765822,2025-03-02 04:50:36.477890,purchase
0,POL-164820,2025-03-02 04:59:43.378006,purchase
0,POL-884904,2025-03-02 05:04:32.005031,purchase
0,POL-389754,2025-03-02 05:51:42.547553,renewal
0,POL-729222,2025-03-02 06:22:14.907413,purchase
0,POL-464468,2025-03-02 09:18:40.238346,renewal
0,POL-653672,2025-03-02 09:48:06.533730,renewal
0,POL-899044,2025-03-02 10:03:47.775537,renewal
0,POL-094895,2025-03-02 10:57:08.113920,purchase
0,POL-369998,2025-03-02 13:06:15.772848,claim
0,POL-679092,2025-03-02 13:50:23.786967,purchase
0,POL-460401,2025-03-02 14:31:37.478312,claim
0,POL-217322,2025-03-02 14:59:59.695694,claim
0,POL-524527,2025-03-02 15:05:50.191558,purchase
0,POL-630048,2025-03-02 15:14:45.853242,claim
0,POL-974118,2025-03-02 16:53:32.589687,cancellation
0,POL-141551,2025-03-02 17:45:27.465154,renewal
0,POL-403175,2025-03-02 18:05:58.732294,claim
0,POL-647421,2025-03-02 20:07:06.616941,claim
0,POL-452347,2025-03-02 20:22:24.936540,claim
0,POL-232652,2025-03-02 23:55:02.833512,claim
0,POL-197773,2025-03-03 01:12:23.467752,renewal
0,POL-485841,2025-03-03 02:32:29.620459,claim
0,POL-853947,2025-03-03 02:34:19.055428,purchase
0,POL-186318,2025-03-03 02:58:57.124522,renewal
0,POL-923637,2025-03-03 03:22:10.261362,renewal
0,POL-188480,2025-03-03 06:29:28.728869,cancellation
0,POL-696808,2025-03-03 07:16:48.211107,claim
0,POL-293524,2025-03-03 10:05:51.786232,renewal
0,POL-829208,2025-03-03 10:14:07.859425,claim
0,POL-542071,2025-03-03 10:17:03.442928,renewal
0,POL-556062,2025-03-03 12:45:26.334408,purchase
0,POL-014928,2025-03-03 15:01:21.626925,purchase
0,POL-559380,2025-03-03 15:53:26.717740,claim
0,POL-370493,2025-03-03 18:01:38.520730,renewal
0,POL-084468,2025-03-03 19:24:47.498616,claim
0,POL-991851,2025-03-03 21:26:08.283707,claim
0,POL-968835,2025-03-03 21:50:40.799481,claim
0,POL-276384,2025-03-03 22:12:21.295117,renewal
0,POL-532135,2025-03-03 22:39:33.231023,purchase
0,POL-446931,2025-03-04 00:11:26.225679,renewal
0,POL-574544,2025-03-04 00:35:51.287714,claim
0,997472,2025-03-04 01:30:23.661872,renewal
0,POL-457019,2025-03-04 05:34:55.234862,renewal
0,POL-897464,2025-03-04 06:10:52.282795,cancellation
0,POL-015837,2025-03-04 07:54:06.102158,renewal
0,POL-861503,2025-03-04 08:34:32.464832,purchase
0,POL-935744,2025-03-04 10:02:33.947660,cancellation
0,POL-959628,2025-03-04 10:57:05.386675,cancellation
0,POL-849099,2025-03-04 11:21:05.098828,cancellation
0,POL-577072,2025-03-04 11:26:02.827714,renewal
0,POL-458568,2025-03-04 11:29:33.452053,cancellation
0,POL-340758,2025-03-04 12:00:38.687892,cancellation
0,POL-233755,2025-03-04 12:09:39.110206,claim
0,POL-296670,2025-03-04 12:31:59.484144,renewal
0,POL-915014,2025-03-04 13:52:30.298108,renewal
0,POL-295312,2025-03-04 14:19:52.719062,purchase
0,POL-495563,2025-03-04 15:09:04.241605,purchase
0,POL-260349,2025-03-04 15:55:25.229537,cancellation
0,POL-431386,2025-03-04 15:58:54.218651,cancellation
0,POL-234233,2025-03-04 15:59:39.164998,renewal
0,POL-663218,2025-03-04 19:42:50.266443,cancellation
0,POL-758325,2025-03-04 22:17:29.927413,claim
0,POL-820332,2025-03-04 23:52:44.141074,claim
0,POL-754736,2025-03-05 00:47:45.493251,renewal
0,POL-497914,2025-03-05 01:33:23.526750,cancellation
0,POL-928404,2025-03-05 02:42:01.231309,cancellation
0,POL-394639,2025-03-05 05:18:06.171444,claim
0,POL-991318,2025-03-05 07:45:46.248442,renewal
0,POL-842133,2025-03-05 08:43:09.580026,renewal
0,POL-997918,2025-03-05 10:01:14.727959,renewal
0,POL-400638,2025-03-05 10:33:43.320344,cancellation
0,POL-220946,2025-03-05 11:34:33.786810,purchase
0,POL-516122,2025-03-05 11:37:41.931584,cancellation
0,POL-429629,2025-03-05 12:03:10.772424,claim
0,POL-505397,2025-03-05 12:26:12.149589,claim
0,POL-524123,2025-03-05 14:13:46.510508,claim
0,POL-938040,2025-03-05 15:38:47.004300,renewal
0,POL-762140,2025-03-05 15:54:09.065027,renewal
0,POL-350899,2025-03-05 17:52:47.052998,purchase
0,713422,2025-03-05 19:03:02.925848,renewal
0,POL-384157,2025-03-05 19:37:53.131534,claim
0,POL-798017,2025-03-05 19:37:58.473333,claim
0,POL-767618,2025-03-05 22:43:58.894029,cancellation
0,POL-382168,2025-03-05 23:33:11.455553,cancellation
0,POL-790037,2025-03-06 00:20:52.053195,claim
0,POL-877949,2025-03-06 01:54:44.584724,claim
0,POL-215561,2025-03-06 02:44:42.045662,renewal
0,POL-916311,2025-03-06 03:08:46.680897,renewal
0,POL-804014,2025-03-06 03:19:34.033245,renewal
0,POL-290084,2025-03-06 03:55:22.321940,cancellation
0,POL-739692,2025-03-06 03:59:28.988356,renewal
0,POL-549762,2025-03-06 04:20:56.534937,claim
0,POL-205603,2025-03-06 04:54:33.715503,purchase
0,POL-370829,2025-03-06 07:24:08.389654,renewal
0,POL-431206,2025-03-06 07:47:10.912521,purchase
0,POL-177443,2025-03-06 11:26:10.376112,cancellation
0,POL-894707,2025-03-06 11:27:53.056232,purchase
0,POL-897603,2025-03-06 14:01:54.816535,claim
0,POL-651552,2025-03-06 14:49:14.272849,renewal
0,POL-477144,2025-03-06 15:45:29.534711,cancellation
0,POL-573341,2025-03-06 17:34:09.103510,claim
0,POL-206370,2025-03-06 19:07:39.627605,cancellation
0,POL-624506,2025-03-06 19:24:32.195602,purchase
0,POL-721267,2025-03-06 20:17:19.997866,renewal
0,POL-063178,2025-03-06 20:26:06.165007,purchase
0,POL-080597,2025-03-06 20:43:13.354465,claim
0,POL-584809,2025-03-06 21:58:38.317117,purchase
0,POL-874535,2025-03-07 00:49:18.842965,renewal
0,POL-240820,2025-03-07 01:22:42.532670,cancellation
0,POL-037765,2025-03-07 01:32:12.658458,cancellation
0,POL-823660,2025-03-07 02:58:28.140535,renewal
0,POL-003178,2025-03-07 03:14:28.290067,purchase
0,POL-523658,2025-03-07 03:59:48.096346,claim
0,POL-409491,2025-03-07 05:55:58.394898,purchase
0,POL-365260,2025-03-07 07:32:04.837139,cancellation
0,POL-220850,2025-03-07 07:44:54.899302,renewal
0,POL-697504,2025-03-07 08:01:14.796155,claim
0,POL-962542,2025-03-07 08:02:27.462249,renewal
0,POL-622457,2025-03-07 09:33:17.423807,cancellation
0,POL-722893,2025-03-07 09:54:38.766274,purchase
0,POL-795104,2025-03-07 11:20:36.789407,cancellation
0,POL-603941,2025-03-07 12:14:39.968487,claim
0,POL-172010,2025-03-07 14:58:55.360726,renewal
0,POL-415067,2025-03-07 16:08:17.068489,cancellation
0,POL-710315,2025-03-07 16:22:00.353743,purchase
0,POL-494872,2025-03-07 18:59:17.307883,purchase
0,POL-712623,2025-03-07 20:22:21.413522,renewal
0,POL-529105,2025-03-07 22:08:00.841390,claim
0,POL-769290,2025-03-08 00:31:16.569818,cancellation
0,POL-718013,2025-03-08 02:08:13.782700,cancellation
0,POL-933942,2025-03-08 04:57:38.389639,claim
0,POL-736386,2025-03-08 07:05:07.547019,renewal
0,POL-968509,2025-03-08 07:07:12.700943,claim
0,POL-905880,2025-03-08 08:41:10.272293,purchase
0,POL-935883,2025-03-08 09:58:41.920969,claim
0,POL-554205,2025-03-08 10:07:20.707552,claim
0,POL-082184,2025-03-08 12:32:54.231305,cancellation
0,POL-054663,2025-03-08 13:49:10.141411,renewal
0,POL-885481,2025-03-08 13:54:35.965164,claim
0,POL-770829,2025-03-08 14:36:35.229276,renewal
0,POL-408873,2025-03-08 14:50:44.989704,cancellation
0,POL-233236,2025-03-08 16:40:16.474397,claim
0,POL-468295,2025-03-08 16:43:52.122733,cancellation
0,POL-092755,2025-03-08 17:52:14.605207,cancellation
0,POL-413299,2025-03-08 18:48:24.607008,purchase
0,POL-738187,2025-03-08 19:01:14.076578,cancellation
0,POL-950403,2025-03-08 19:20:12.422909,claim
0,POL-983980,2025-03-08 21:03:01.588309,purchase
0,POL-057374,2025-03-08 22:07:24.411481,renewal
0,POL-755754,2025-03-08 22:29:05.708982,renewal
0,POL-238661,2025-03-08 23:40:21.038435,renewal
0,POL-843784,2025-03-09 00:00:36.119349,claim
0,POL-897509,2025-03-09 00:55:35.275203,renewal
0,POL-530613,2025-03-09 01:19:10.859108,cancellation
0,POL-344822,2025-03-09 04:32:35.553433,purchase
0,POL-013115,2025-03-09 05:11:32.371231,claim
0,POL-560362,2025-03-09 06:19:49.735132,purchase
0,POL-492590,2025-03-09 07:51:20.436591,claim
0,POL-079726,2025-03-09 08:18:53.640566,purchase
0,POL-178974,2025-03-09 10:15:09.221095,renewal
0,POL-580262,2025-03-09 11:34:43.250767,cancellation
0,POL-256658,2025-03-09 11:47:16.882077,renewal
0,POL-389638,2025-03-09 11:49:37.849928,renewal
0,POL-371367,2025-03-09 12:23:55.404927,claim
0,POL-195089,2025-03-09 13:49:46.581712,renewal
0,POL-769884,2025-03-09 14:51:02.349500,claim
0,POL-071873,2025-03-09 15:45:04.356342,renewal
0,POL-587074,2025-03-09 16:34:36.563284,claim
0,POL-922860,2025-03-09 17:23:23.353477,renewal
0,POL-468485,2025-03-09 17:45:32.717706,cancellation
0,POL-460286,2025-03-09 19:05:14.055435,renewal
0,POL-766405,2025-03-09 20:02:56.582827,purchase
0,POL-345616,2025-03-09 21:07:50.270849,claim
0,POL-184709,2025-03-09 21:39:07.245510,renewal
0,POL-318964,2025-03-09 21:40:45.416580,purchase
0,POL-982375,2025-03-09 22:08:32.842732,purchase
0,921989,2025-03-09 23:14:04.800167,cancellation
0,POL-014124,2025-03-10 00:48:49.648484,renewal
0,POL-290240,2025-03-10 01:25:27.137600,renewal
0,POL-535054,2025-03-10 01:58:39.990647,renewal
0,POL-609821,2025-03-10 02:23:51.965138,purchase
0,POL-852658,2025-03-10 03:52:34.178886,claim
0,POL-555141,2025-03-10 04:34:21.006896,renewal
0,POL-248614,2025-03-10 05:08:02.087131,claim
0,POL-717142,2025-03-10 05:44:59.267228,renewal
0,POL-821987,2025-03-10 05:59:01.454591,claim
0,POL-003424,2025-03-10 07:06:41.347716,claim
0,POL-899207,2025-03-10 07:53:49.916533,cancellation
0,POL-906889,2025-03-10 08:34:37.323081,claim
0,POL-060847,2025-03-10 08:38:55.373438,renewal
0,POL-175452,2025-03-10 09:48:50.040600,cancellation
0,POL-032391,2025-03-10 10:43:26.340370,renewal
0,POL-852658,2025-03-10 11:18:37.651717,cancellation
0,POL-997423,2025-03-10 11:51:41.292218,cancellation
0,POL-930249,2025-03-10 12:19:14.907593,claim
0,POL-130592,2025-03-10 14:42:22.005263,purchase
0,POL-273364,2025-03-10 14:45:49.915988,cancellation
0,POL-599722,2025-03-10 15:27:33.378480,claim
0,POL-119130,2025-03-10 19:56:20.425861,purchase
0,POL-143722,2025-03-10 20:20:20.209450,purchase
0,POL-375973,2025-03-10 22:19:44.745873,renewal
0,POL-506981,2025-03-10 23:42:48.911468,renewal
0,POL-028395,2025-03-10 23:46:39.426164,cancellation
0,POL-015817,2025-03-11 00:32:19.097739,cancellation
0,POL-228449,2025-03-11 01:24:45.309004,claim
0,POL-780960,2025-03-11 01:43:50.845738,renewal
0,POL-137415,2025-03-11 02:05:46.128762,purchase
0,POL-676398,2025-03-11 02:18:55.286178,cancellation
0,POL-070854,2025-03-11 03:47:11.256491,purchase
0,POL-102571,2025-03-11 04:06:13.668318,claim
0,POL-585035,2025-03-11 05:39:53.021092,cancellation
0,POL-019872,2025-03-11 06:08:47.489555,renewal
0,POL-767033,2025-03-11 06:45:55.221398,cancellation
0,POL-792262,2025-03-11 07:42:37.885483,cancellation
0,POL-687031,2025-03-11 09:30:05.031547,purchase
0,POL-872917,2025-03-11 09:50:27.216904,purchase
0,POL-218171,2025-03-11 10:22:08.588494,cancellation
0,POL-916807,2025-03-11 10:27:55.146058,cancellation
0,POL-311893,2025-03-11 11:33:35.627505,renewal
0,POL-410107,2025-03-11 12:36:30.845731,renewal
0,POL-917228,2025-03-11 12:39:34.338078,purchase
0,POL-244130,2025-03-11 12:54:41.631972,renewal
0,POL-792564,2025-03-11 13:27:26.537560,renewal
0,POL-907864,2025-03-11 16:46:17.400117,cancellation
0,POL-822460,2025-03-11 17:06:16.229177,purchase
0,POL-425928,2025-03-11 17:16:17.758242,claim
0,POL-210730,2025-03-11 19:43:21.459066,purchase
0,POL-890710,2025-03-11 23:57:38.604049,cancellation
0,POL-860888,2025-03-12 00:02:49.253550,renewal
0,POL-126173,2025-03-12 00:57:24.157774,cancellation
0,POL-160505,2025-03-12 01:21:25.815228,renewal
0,POL-245044,2025-03-12 02:10:08.735597,renewal
0,POL-165290,2025-03-12 03:51:12.897497,purchase
0,POL-625376,2025-03-12 04:25:34.178485,purchase
0,POL-939839,2025-03-12 05:49:44.555433,cancellation
0,POL-737683,2025-03-12 06:56:37.158840,cancellation
0,POL-981434,2025-03-12 07:57:49.700735,renewal
0,POL-151292,2025-03-12 08:25:55.485238,cancellation
0,POL-814026,2025-03-12 09:34:33.084385,purchase
0,POL-495284,2025-03-12 11:09:30.191668,renewal
0,POL-530613,2025-03-12 11:58:54.988495,cancellation
0,POL-161684,2025-03-12 14:38:06.137885,cancellation
0,POL-825489,2025-03-12 15:42:46.800269,purchase
0,POL-003061,2025-03-12 16:20:55.701654,claim
0,POL-056496,2025-03-12 16:53:13.321245,purchase
0,POL-250178,2025-03-12 17:51:03.362480,renewal
0,POL-555626,2025-03-12 18:02:09.153526,purchase
0,POL-453268,2025-03-12 19:14:24.211753,renewal
0,POL-119130,2025-03-12 22:28:10.526392,purchase
0,357709,2025-03-12 22:36:57.747551,cancellation
0,POL-905340,2025-03-12 22:56:51.468529,purchase
0,POL-819426,2025-03-13 00:23:03.258416,renewal
0,POL-535429,2025-03-13 01:42:04.064673,claim
0,POL-552075,2025-03-13 02:00:29.474547,purchase
0,POL-356759,2025-03-13 03:55:52.925674,claim
0,POL-118208,2025-03-13 05:55:16.530421,renewal
0,POL-516618,2025-03-13 06:13:10.129037,renewal
0,POL-375973,2025-03-13 06:17:56.628107,purchase
0,POL-004893,2025-03-13 08:43:13.868017,claim
0,POL-835788,2025-03-13 09:12:14.090950,renewal
0,POL-602874,2025-03-13 09:16:22.188411,cancellation
0,POL-062040,2025-03-13 09:28:49.275558,renewal
0,POL-367439,2025-03-13 10:09:14.937578,cancellation
0,POL-399526,2025-03-13 11:09:27.256005,renewal
0,POL-315842,2025-03-13 12:05:04.062959,purchase
0,POL-468485,2025-03-13 13:47:04.629514,renewal
0,POL-765043,2025-03-13 14:09:25.813299,claim
0,POL-506220,2025-03-13 14:42:09.036970,purchase
0,POL-863118,2025-03-13 17:06:55.041118,purchase
0,POL-178160,2025-03-13 17:36:09.368539,purchase
0,POL-688504,2025-03-13 17:52:16.106534,renewal
0,POL-699829,2025-03-13 19:35:25.084696,purchase
0,POL-186141,2025-03-13 22:10:43.150097,renewal
0,POL-342162,2025-03-13 22:37:56.562583,purchase
0,POL-428683,2025-03-13 22:38:12.053111,purchase
0,POL-864996,2025-03-13 22:42:49.628695,cancellation
0,POL-772774,2025-03-13 22:48:34.465922,claim
0,POL-237911,2025-03-13 22:52:40.147349,renewal
0,POL-105092,2025-03-14 00:06:08.400940,claim
0,POL-532656,2025-03-14 01:32:00.818429,renewal
0,POL-078800,2025-03-14 02:49:28.583932,cancellation
0,POL-279072,2025-03-14 03:57:17.419859,renewal
0,POL-629405,2025-03-14 06:16:19.503729,cancellation
0,POL-386875,2025-03-14 07:06:55.305865,purchase
0,POL-630180,2025-03-14 07:59:47.808565,cancellation
0,POL-197273,2025-03-14 08:20:39.630288,renewal
0,POL-324103,2025-03-14 09:00:22.786105,cancellation
0,POL-087846,2025-03-14 09:04:06.332045,purchase
0,POL-261551,2025-03-14 10:56:34.560750,purchase
0,POL-889200,2025-03-14 11:03:07.996987,purchase
0,POL-378084,2025-03-14 12:08:36.604589,renewal
0,299932,2025-03-14 12:49:30.798440,renewal
0,POL-563009,2025-03-14 12:50:17.222701,claim
0,POL-162501,2025-03-14 13:21:04.425588,claim
0,POL-579022,2025-03-14 13:52:24.652239,purchase
0,POL-306149,2025-03-14 14:03:47.337365,purchase
0,POL-278503,2025-03-14 14:38:22.404972,claim
0,POL-388699,2025-03-14 14:55:12.682947,cancellation
0,POL-572711,2025-03-14 17:33:55.824995,renewal
0,POL-358384,2025-03-14 18:28:04.058646,purchase
0,POL-513608,2025-03-14 20:23:48.725699,renewal
0,POL-587389,2025-03-14 20:42:35.251116,purchase
0,POL-353480,2025-03-15 00:00:06.090969,purchase
0,POL-968021,2025-03-15 02:02:09.871282,purchase
0,POL-042255,2025-03-15 02:23:26.784322,purchase
0,POL-052308,2025-03-15 02:48:03.313056,cancellation
0,POL-999624,2025-03-15 05:07:11.380354,claim
0,POL-911668,2025-03-15 06:14:45.592692,cancellation
0,POL-137921,2025-03-15 08:19:57.699334,purchase
0,POL-332112,2025-03-15 10:49:09.156956,purchase
0,POL-684326,2025-03-15 11:01:42.009851,purchase
0,POL-773698,2025-03-15 11:14:41.234461,purchase
0,POL-600879,2025-03-15 11:18:51.255141,purchase
0,POL-019987,2025-03-15 12:28:19.427200,purchase
0,POL-579355,2025-03-15 13:06:01.743433,claim
0,POL-968810,2025-03-15 13:44:56.263956,renewal
0,POL-030062,2025-03-15 13:46:55.041325,claim
0,POL-715081,2025-03-15 14:06:46.582046,claim
0,POL-910866,2025-03-15 14:44:02.026029,renewal
0,POL-618171,2025-03-15 15:23:38.057253,renewal
0,POL-936367,2025-03-15 15:29:05.461705,claim
0,POL-076139,2025-03-15 15:44:29.383662,claim
0,POL-146286,2025-03-15 16:12:24.990508,purchase
0,POL-753352,2025-03-15 16:33:04.621005,purchase
0,POL-938416,2025-03-15 17:06:37.800434,cancellation
0,POL-570186,2025-03-15 18:13:15.661368,cancellation
0,POL-203652,2025-03-15 20:51:43.538278,purchase
0,POL-745471,2025-03-15 23:23:28.572563,cancellation
0,POL-746865,2025-03-15 23:23:55.460056,purchase
0,POL-424602,2025-03-16 00:45:58.494224,claim
0,POL-899725,2025-03-16 01:07:28.279984,renewal
0,POL-514695,2025-03-16 01:56:48.753628,cancellation
0,POL-052846,2025-03-16 04:00:02.178406,cancellation
0,POL-304071,2025-03-16 04:12:25.994185,cancellation
0,POL-432931,2025-03-16 04:16:13.384360,purchase
0,POL-180334,2025-03-16 09:05:13.704126,renewal
0,POL-625015,2025-03-16 13:06:49.661540,claim
0,POL-623489,2025-03-16 14:35:21.919278,renewal
0,POL-283436,2025-03-16 15:16:21.048307,purchase
0,POL-809096,2025-03-16 16:03:42.893093,cancellation
0,POL-986409,2025-03-16 17:03:58.105661,purchase
0,POL-086962,2025-03-16 17:40:10.435277,cancellation
0,POL-035958,2025-03-16 17:49:39.982253,renewal
0,POL-885699,2025-03-16 18:42:09.765610,purchase
0,POL-017253,2025-03-16 19:04:36.692659,purchase
0,POL-772155,2025-03-16 19:09:55.749922,claim
0,POL-580406,2025-03-16 20:38:35.213629,claim
0,POL-338490,2025-03-16 21:40:56.229852,cancellation
0,POL-841347,2025-03-16 22:40:40.841876,purchase
0,POL-351100,2025-03-16 23:24:41.589605,cancellation
0,POL-735524,2025-03-16 23:31:10.198566,purchase
0,POL-454061,2025-03-17 01:15:50.856149,renewal
0,POL-066003,2025-03-17 01:49:47.556638,renewal
0,POL-940908,2025-03-17 03:09:18.153268,cancellation
0,POL-753559,2025-03-17 03:46:35.559981,claim
0,POL-402116,2025-03-17 03:51:54.376729,claim
0,POL-341004,2025-03-17 05:09:37.381920,renewal
0,POL-887251,2025-03-17 05:18:25.598599,renewal
0,POL-649650,2025-03-17 06:54:40.249093,claim
0,POL-293131,2025-03-17 07:55:24.095741,claim
0,POL-494872,2025-03-17 08:18:36.705156,renewal
0,POL-160321,2025-03-17 10:50:33.746466,purchase
0,POL-734739,2025-03-17 12:13:23.666274,cancellation
0,POL-190257,2025-03-17 12:28:34.557167,cancellation
0,POL-492405,2025-03-17 14:30:29.935523,renewal
0,POL-977860,2025-03-17 17:00:10.656515,claim
0,POL-125379,2025-03-17 17:37:28.040003,renewal
0,POL-083330,2025-03-17 18:25:45.938953,claim
0,POL-151292,2025-03-17 18:32:41.744332,cancellation
0,POL-231509,2025-03-17 18:43:26.081036,purchase
0,POL-591567,2025-03-17 19:26:02.014456,purchase
0,POL-424426,2025-03-17 19:50:27.279367,claim
0,POL-519304,2025-03-17 22:41:13.234165,claim
0,POL-090098,2025-03-17 23:25:27.015273,renewal
0,POL-558693,2025-03-17 23:31:36.953423,renewal
0,POL-843659,2025-03-17 23:42:13.007412,renewal
0,POL-174348,2025-03-18 02:30:01.296217,cancellation
0,POL-762167,2025-03-18 03:57:46.274115,purchase
0,POL-572771,2025-03-18 04:32:50.140909,purchase
0,POL-470384,2025-03-18 08:23:52.007637,renewal
0,POL-172700,2025-03-18 08:38:48.609480,claim
0,POL-756812,2025-03-18 09:33:35.350224,renewal
0,POL-460428,2025-03-18 10:43:49.212596,purchase
0,POL-716810,2025-03-18 14:11:00.547032,renewal
0,POL-823386,2025-03-18 15:00:45.667388,purchase
0,POL-309978,2025-03-18 16:12:37.693964,cancellation
0,POL-648921,2025-03-18 17:51:58.575388,purchase
0,POL-595987,2025-03-18 18:10:59.413514,purchase
0,POL-465497,2025-03-18 18:26:49.946210,claim
0,POL-352905,2025-03-18 19:16:18.721020,claim
0,POL-709708,2025-03-18 19:55:49.325854,cancellation
0,POL-208150,2025-03-18 21:29:44.649607,purchase
0,POL-095045,2025-03-18 22:08:59.409956,renewal
0,POL-191310,2025-03-18 23:49:21.122052,claim
0,POL-881681,2025-03-19 03:03:07.064887,claim
0,POL-873999,2025-03-19 04:27:41.756633,renewal
0,POL-875128,2025-03-19 06:11:18.027708,renewal
0,POL-732061,2025-03-19 06:35:30.611638,cancellation
0,POL-321337,2025-03-19 10:14:00.574467,renewal
0,POL-512124,2025-03-19 10:36:13.687199,claim
0,POL-373871,2025-03-19 11:06:17.025615,claim
0,POL-381758,2025-03-19 12:57:12.807104,cancellation
0,POL-935649,2025-03-19 13:53:52.193329,purchase
0,POL-009339,2025-03-19 15:02:41.450636,purchase
0,POL-153393,2025-03-19 16:16:07.563872,renewal
0,POL-335607,2025-03-19 16:21:03.703347,purchase
0,POL-538019,2025-03-19 16:46:03.223012,purchase
0,POL-740038,2025-03-19 17:09:23.820734,claim
0,930500,2025-03-19 18:31:52.288450,claim
0,POL-435788,2025-03-19 19:04:52.517427,claim
0,POL-308341,2025-03-19 23:58:01.775743,purchase
0,POL-009845,2025-03-20 05:33:36.140060,cancellation
0,POL-245785,2025-03-20 06:55:21.975863,claim
0,POL-897624,2025-03-20 07:12:24.792842,claim
0,POL-842133,2025-03-20 11:39:48.168485,cancellation
0,POL-453320,2025-03-20 13:25:07.105339,claim
0,POL-021467,2025-03-20 13:48:28.227117,cancellation
0,POL-685123,2025-03-20 13:51:14.485164,renewal
0,POL-160396,2025-03-20 15:58:53.883673,purchase
0,POL-432100,2025-03-20 16:26:45.404509,cancellation
0,POL-045420,2025-03-20 17:09:25.638250,purchase
0,POL-944979,2025-03-20 17:41:34.176580,purchase
0,POL-623832,2025-03-20 17:52:00.125745,claim
0,POL-187346,2025-03-20 19:45:27.732967,claim
0,POL-344499,2025-03-20 20:09:41.910764,cancellation
0,POL-641226,2025-03-20 21:07:38.692058,claim
0,POL-837033,2025-03-21 01:44:03.736435,claim
0,POL-901936,2025-03-21 02:50:35.686309,renewal
0,POL-939285,2025-03-21 05:03:40.206520,renewal
0,POL-357818,2025-03-21 05:32:58.689916,renewal
0,POL-888856,2025-03-21 07:54:52.988640,cancellation
0,POL-063995,2025-03-21 08:02:42.973407,cancellation
0,POL-776989,2025-03-21 10:28:58.182834,cancellation
0,POL-803962,2025-03-21 11:42:25.349353,claim
0,POL-605381,2025-03-21 12:12:05.303579,purchase
0,POL-614633,2025-03-21 14:35:30.259572,renewal
0,POL-237973,2025-03-21 16:36:44.680585,renewal
0,POL-477701,2025-03-21 16:54:25.607396,cancellation
0,POL-461682,2025-03-21 17:08:18.950495,cancellation
0,POL-043256,2025-03-21 18:25:02.060696,claim
0,POL-615371,2025-03-21 19:32:21.331239,renewal
0,POL-980000,2025-03-21 20:20:53.770663,renewal
0,POL-863555,2025-03-21 20:50:40.697026,renewal
0,POL-964846,2025-03-21 21:33:23.674243,cancellation
0,POL-507406,2025-03-21 22:16:21.709408,claim
0,POL-991801,2025-03-21 23:11:41.382668,purchase
0,POL-055197,2025-03-21 23:38:06.881901,cancellation
0,POL-356688,2025-03-22 00:24:04.768466,claim
0,POL-814821,2025-03-22 01:03:17.329118,renewal
0,POL-958197,2025-03-22 02:57:06.543367,renewal
0,POL-545409,2025-03-22 03:02:54.267206,renewal
0,POL-322470,2025-03-22 03:53:18.129347,purchase
0,POL-930333,2025-03-22 05:20:44.290644,cancellation
0,POL-117251,2025-03-22 06:09:38.396927,purchase
0,POL-896298,2025-03-22 07:05:42.727893,purchase
0,POL-897624,2025-03-22 07:07:09.751899,renewal
0,POL-429354,2025-03-22 08:03:22.602297,purchase
0,POL-752520,2025-03-22 08:05:42.203462,renewal
0,POL-896608,2025-03-22 11:20:42.344712,renewal
0,POL-366262,2025-03-22 11:40:27.366307,renewal
0,POL-370829,2025-03-22 12:50:25.810463,renewal
0,POL-280852,2025-03-22 12:53:27.702509,purchase
0,POL-665546,2025-03-22 14:21:08.664685,purchase
0,POL-583054,2025-03-22 15:04:20.980921,cancellation
0,POL-497887,2025-03-22 15:33:50.496677,cancellation
0,POL-464927,2025-03-22 17:01:40.067032,claim
0,POL-072615,2025-03-22 17:19:03.930307,purchase
0,POL-620643,2025-03-22 17:23:02.384541,claim
0,POL-513608,2025-03-22 21:25:28.077538,cancellation
0,POL-964388,2025-03-22 21:32:35.717181,purchase
0,POL-881618,2025-03-22 23:03:41.319821,purchase
0,POL-025691,2025-03-23 00:41:39.527435,cancellation
0,POL-215260,2025-03-23 00:45:15.269795,renewal
0,POL-026351,2025-03-23 03:50:53.685978,purchase
0,POL-229772,2025-03-23 04:12:43.936098,renewal
0,POL-760236,2025-03-23 04:28:51.159433,purchase
0,POL-412042,2025-03-23 04:32:44.503863,renewal
0,POL-424602,2025-03-23 04:47:57.166303,cancellation
0,POL-837010,2025-03-23 05:21:16.447696,purchase
0,POL-545845,2025-03-23 07:22:27.713660,purchase
0,POL-805001,2025-03-23 07:57:19.538690,cancellation
0,POL-516122,2025-03-23 08:23:53.257997,purchase
0,POL-675431,2025-03-23 08:26:30.373712,purchase
0,POL-067307,2025-03-23 09:55:34.039587,cancellation
0,POL-643033,2025-03-23 10:53:05.858517,renewal
0,POL-066104,2025-03-23 11:55:40.964441,purchase
0,POL-918683,2025-03-23 13:12:57.393843,cancellation
0,POL-444341,2025-03-23 14:25:22.980328,renewal
0,POL-570501,2025-03-23 14:41:15.349901,renewal
0,POL-470384,2025-03-23 17:40:45.498128,cancellation
0,POL-877949,2025-03-23 18:28:09.075641,claim
0,POL-731935,2025-03-23 20:05:26.791325,cancellation
0,POL-874744,2025-03-23 22:32:39.579122,renewal
0,POL-371651,2025-03-23 22:59:00.629851,purchase
0,POL-525638,2025-03-23 23:23:23.691947,purchase
0,POL-338867,2025-03-23 23:47:35.240352,claim
0,POL-814821,2025-03-24 03:42:35.995600,renewal
0,POL-068511,2025-03-24 04:48:23.325031,renewal
0,POL-356396,2025-03-24 05:00:41.855592,purchase
0,POL-502991,2025-03-24 10:51:21.192676,claim
0,POL-102147,2025-03-24 13:15:58.778987,claim
0,POL-638707,2025-03-24 13:49:27.191038,cancellation
0,POL-678712,2025-03-24 15:02:45.479859,purchase
0,POL-076139,2025-03-24 15:34:47.197655,cancellation
0,POL-713629,2025-03-24 16:44:56.334965,claim
0,POL-059067,2025-03-24 18:05:41.913815,claim
0,176229,2025-03-24 18:06:01.827587,cancellation
0,POL-219176,2025-03-24 18:07:16.588732,claim
0,POL-217534,2025-03-24 20:28:20.281387,claim
0,POL-348144,2025-03-24 20:46:24.003384,renewal
0,POL-361259,2025-03-24 20:49:30.706063,renewal
0,POL-481463,2025-03-24 22:02:19.979748,claim
0,POL-379419,2025-03-24 23:46:35.856821,claim
0,POL-218760,2025-03-25 00:15:04.210014,renewal
0,POL-580406,2025-03-25 04:28:40.847577,renewal
0,POL-292414,2025-03-25 05:49:24.843856,renewal
0,POL-173421,2025-03-25 06:16:39.504028,renewal
0,POL-586824,2025-03-25 08:33:47.064923,purchase
0,POL-304071,2025-03-25 08:56:01.327550,renewal
0,POL-893991,2025-03-25 09:00:51.774694,claim
0,POL-509558,2025-03-25 10:36:29.930964,purchase
0,POL-222966,2025-03-25 13:19:38.310130,claim
0,POL-537877,2025-03-25 13:52:44.016715,claim
0,POL-315842,2025-03-25 16:14:21.373178,claim
0,POL-532192,2025-03-25 16:22:20.848309,claim
0,POL-956953,2025-03-25 17:13:03.252506,cancellation
0,POL-311538,2025-03-25 17:28:04.163056,purchase
0,POL-251585,2025-03-25 17:35:21.886093,claim
0,POL-777562,2025-03-25 18:09:14.629965,purchase
0,POL-712344,2025-03-25 20:25:11.535667,cancellation
0,POL-817294,2025-03-25 21:20:27.861916,claim
0,POL-551761,2025-03-25 23:07:09.333902,claim
0,POL-072698,2025-03-25 23:43:29.476285,renewal
0,POL-276506,2025-03-26 00:39:28.794437,cancellation
0,POL-304471,2025-03-26 01:06:58.558881,claim
0,POL-124282,2025-03-26 02:54:56.940926,purchase
0,POL-285094,2025-03-26 04:00:52.778026,renewal
0,POL-572711,2025-03-26 07:33:45.941407,claim
0,POL-839167,2025-03-26 07:46:02.459659,renewal
0,POL-933942,2025-03-26 07:48:26.789324,purchase
0,POL-074890,2025-03-26 07:52:30.352197,purchase
0,POL-890952,2025-03-26 09:08:14.774192,cancellation
0,POL-640811,2025-03-26 09:08:53.748158,purchase
0,POL-532348,2025-03-26 09:35:54.036111,claim
0,POL-496128,2025-03-26 11:15:57.835550,claim
0,964991,2025-03-26 15:24:55.139697,renewal
0,POL-412984,2025-03-26 15:44:29.738838,claim
0,POL-858585,2025-03-26 16:14:54.850866,cancellation
0,POL-957168,2025-03-26 22:28:55.662987,renewal
0,POL-066706,2025-03-26 22:32:21.528411,claim
0,POL-982194,2025-03-26 22:49:07.156614,purchase
0,POL-199202,2025-03-26 23:55:40.238622,cancellation
0,POL-548568,2025-03-27 00:35:42.063051,purchase
0,POL-888277,2025-03-27 02:06:21.748428,purchase
0,POL-275139,2025-03-27 02:43:19.349588,cancellation
0,POL-332720,2025-03-27 02:53:42.107554,claim
0,POL-607764,2025-03-27 04:48:39.137992,renewal
0,POL-908462,2025-03-27 05:59:30.897273,claim
0,POL-837764,2025-03-27 06:47:22.403952,claim
0,POL-250545,2025-03-27 09:42:10.554231,purchase
0,POL-044616,2025-03-27 11:05:08.852451,cancellation
0,POL-145694,2025-03-27 13:40:23.061186,renewal
0,POL-462376,2025-03-27 14:11:52.416608,renewal
0,POL-010131,2025-03-27 15:22:53.457424,renewal
0,POL-572711,2025-03-27 15:58:26.198538,purchase
0,POL-241698,2025-03-27 16:36:02.830019,renewal
0,POL-228241,2025-03-27 16:59:35.146144,renewal
0,POL-095647,2025-03-27 20:55:16.408131,renewal
0,POL-026530,2025-03-28 00:59:35.968499,cancellation
0,POL-233649,2025-03-28 01:07:17.709382,purchase
0,POL-249649,2025-03-28 01:08:12.481045,renewal
0,POL-427750,2025-03-28 01:55:25.934560,cancellation
0,POL-911877,2025-03-28 02:22:01.694350,renewal
0,POL-827597,2025-03-28 03:03:15.545808,renewal
0,POL-428807,2025-03-28 03:12:03.023650,cancellation
0,POL-695192,2025-03-28 04:07:00.816701,renewal
0,POL-063754,2025-03-28 05:37:07.999744,renewal
0,POL-708045,2025-03-28 06:16:52.071726,renewal
0,POL-616794,2025-03-28 06:35:00.197471,claim
0,POL-737377,2025-03-28 07:08:46.549964,purchase
0,POL-724137,2025-03-28 08:36:04.238903,cancellation
0,POL-203584,2025-03-28 10:48:34.334918,purchase
0,POL-364477,2025-03-28 12:02:57.808986,cancellation
0,POL-220850,2025-03-28 17:17:49.298905,renewal
0,POL-119160,2025-03-28 19:38:20.453597,claim
0,POL-839167,2025-03-28 19:42:53.386518,cancellation
0,POL-443886,2025-03-28 20:40:17.738827,renewal
0,POL-290438,2025-03-28 20:52:10.061393,purchase
0,POL-459317,2025-03-28 21:01:34.671884,renewal
0,POL-094305,2025-03-28 23:08:50.200034,renewal
0,POL-968509,2025-03-28 23:09:09.127774,renewal
0,POL-906889,2025-03-29 00:19:21.156146,cancellation
0,POL-589868,2025-03-29 00:30:48.136608,purchase
0,POL-278189,2025-03-29 01:28:59.804075,purchase
0,POL-682092,2025-03-29 01:34:07.921578,renewal
0,POL-534411,2025-03-29 01:47:17.215159,claim
0,POL-506907,2025-03-29 02:02:59.542019,renewal
0,POL-497914,2025-03-29 02:37:19.316954,cancellation
0,POL-580392,2025-03-29 02:45:19.630331,renewal
0,POL-489143,2025-03-29 03:06:41.481231,purchase
0,POL-828545,2025-03-29 03:14:44.527980,renewal
0,POL-352905,2025-03-29 06:24:53.580880,purchase
0,POL-813993,2025-03-29 06:35:29.899622,renewal
0,POL-579355,2025-03-29 07:29:26.284362,claim
0,POL-176312,2025-03-29 07:30:03.583388,renewal
0,POL-483597,2025-03-29 08:02:17.163241,purchase
0,POL-484640,2025-03-29 12:05:46.817640,purchase
0,POL-497962,2025-03-29 13:04:32.974367,cancellation
0,POL-384632,2025-03-29 16:57:59.335089,purchase
0,POL-174015,2025-03-29 20:20:34.745305,renewal
0,POL-377264,2025-03-29 21:28:40.033356,purchase
0,POL-925197,2025-03-29 22:21:53.910938,renewal
0,POL-482139,2025-03-29 22:26:55.193003,renewal
0,POL-149142,2025-03-29 23:09:58.289342,purchase
0,POL-980659,2025-03-29 23:29:09.636817,renewal
0,POL-073759,2025-03-29 23:33:01.250322,claim
0,POL-134664,2025-03-30 00:56:06.247658,cancellation
0,POL-836404,2025-03-30 02:34:22.845037,cancellation
0,POL-538248,2025-03-30 04:05:54.409509,cancellation
0,POL-089399,2025-03-30 04:12:19.444976,renewal
0,POL-802907,2025-03-30 04:54:33.755617,purchase
0,POL-175168,2025-03-30 05:16:22.212969,renewal
0,POL-021605,2025-03-30 06:38:40.571510,claim
0,POL-730137,2025-03-30 06:51:49.044034,claim
0,POL-953724,2025-03-30 07:53:32.146092,cancellation
0,POL-620679,2025-03-30 11:11:17.662447,purchase
0,POL-416213,2025-03-30 12:38:02.371356,cancellation
0,POL-180547,2025-03-30 15:14:49.390614,cancellation
0,POL-946619,2025-03-30 17:31:10.535604,claim
0,POL-874909,2025-03-30 17:41:03.069585,cancellation
0,POL-587443,2025-03-30 18:21:11.623435,renewal
0,POL-332041,2025-03-30 19:45:04.352842,cancellation
0,POL-948421,2025-03-30 22:37:03.217970,claim
0,POL-340547,2025-03-30 22:43:34.425455,claim
0,POL-356307,2025-03-31 00:41:16.839102,purchase
0,POL-204673,2025-03-31 00:44:11.399183,purchase
0,POL-659579,2025-03-31 01:19:05.324840,cancellation
0,POL-433738,2025-03-31 02:24:25.379685,renewal
0,POL-466920,2025-03-31 02:41:09.765023,purchase
0,POL-859514,2025-03-31 06:45:48.855557,cancellation
0,POL-172394,2025-03-31 07:17:14.413217,renewal
0,POL-848746,2025-03-31 09:41:13.275434,renewal
0,POL-292013,2025-03-31 09:51:57.437164,cancellation
0,POL-755726,2025-03-31 10:24:47.581602,claim
0,POL-518148,2025-03-31 10:30:39.541579,renewal
0,POL-999772,2025-03-31 13:45:14.491646,cancellation
0,POL-698626,2025-03-31 14:03:51.792496,claim
0,POL-981674,2025-03-31 16:29:28.264979,claim
0,POL-985660,2025-03-31 16:42:19.820842,claim
0,POL-164298,2025-03-31 17:32:58.662251,claim
0,POL-697457,2025-03-31 17:33:22.962538,claim
0,POL-583775,2025-03-31 18:02:15.057934,purchase
0,POL-912063,2025-03-31 18:49:09.357329,renewal
0,POL-334941,2025-03-31 19:41:20.538380,purchase
0,POL-402374,2025-03-31 21:03:08.183045,purchase
0,POL-769290,2025-03-31 23:45:06.353020,cancellation
0,POL-518470,2025-03-31 23:55:39.517392,renewal
0,POL-761984,2025-04-01 00:11:25.849045,cancellation
0,POL-406017,2025-04-01 00:44:04.978163,claim
0,POL-817032,2025-04-01 01:00:03.685664,cancellation
0,POL-475658,2025-04-01 02:23:23.275507,claim
0,POL-712344,2025-04-01 03:38:09.470150,cancellation
0,POL-496128,2025-04-01 04:37:16.727560,claim
0,POL-581983,2025-04-01 05:53:46.669824,renewal
0,POL-613558,2025-04-01 06:12:30.798714,renewal
0,POL-977860,2025-04-01 06:32:26.883394,renewal
0,POL-916256,2025-04-01 08:37:09.505692,renewal
0,POL-754621,2025-04-01 09:48:45.612414,claim
0,POL-019987,2025-04-01 10:04:01.961191,renewal
0,POL-230022,2025-04-01 10:49:31.097761,renewal
0,POL-622457,2025-04-01 11:53:52.583273,purchase
0,POL-108969,2025-04-01 16:10:34.441626,cancellation
0,POL-696603,2025-04-01 16:26:19.481157,renewal
0,POL-765822,2025-04-01 17:23:17.059585,cancellation
0,POL-087038,2025-04-01 23:51:07.308549,purchase
0,POL-158170,2025-04-02 01:04:51.057934,claim
0,POL-498512,2025-04-02 01:09:45.023401,renewal
0,POL-228241,2025-04-02 02:38:52.054458,cancellation
0,POL-030062,2025-04-02 03:10:21.964695,renewal
0,POL-224468,2025-04-02 03:36:04.117412,claim
0,POL-032131,2025-04-02 03:50:40.233703,purchase
0,POL-913034,2025-04-02 04:28:50.753306,purchase
0,POL-901891,2025-04-02 06:00:23.883667,purchase
0,POL-906889,2025-04-02 06:05:00.630747,claim
0,POL-024668,2025-04-02 06:11:51.619272,renewal
0,POL-538248,2025-04-02 06:55:57.443573,purchase
0,POL-690301,2025-04-02 07:23:35.098144,purchase
0,POL-121498,2025-04-02 07:55:40.491732,purchase
0,POL-076139,2025-04-02 10:47:28.490001,renewal
0,POL-239917,2025-04-02 12:43:47.792621,claim
0,POL-471998,2025-04-02 15:10:43.370030,renewal
0,POL-913405,2025-04-02 16:42:00.005092,cancellation
0,POL-939564,2025-04-02 17:04:52.007316,renewal
0,POL-521357,2025-04-02 17:18:19.728965,cancellation
0,POL-063252,2025-04-02 18:35:25.144634,purchase
0,POL-710983,2025-04-02 19:06:57.607631,cancellation
0,POL-037765,2025-04-02 19:55:54.993664,renewal
0,POL-445712,2025-04-02 21:53:14.073990,cancellation
0,POL-115092,2025-04-02 22:22:54.832499,claim
0,POL-133109,2025-04-02 22:45:29.514364,cancellation
0,POL-099990,2025-04-02 23:01:59.864377,cancellation
0,POL-395299,2025-04-02 23:53:24.180389,claim
0,POL-780960,2025-04-03 00:14:40.610972,claim
0,POL-481395,2025-04-03 02:11:49.318672,cancellation
0,POL-364446,2025-04-03 02:31:38.831889,renewal
0,POL-452545,2025-04-03 03:57:09.652560,cancellation
0,POL-954178,2025-04-03 05:31:26.388367,claim
0,POL-785100,2025-04-03 05:35:30.026384,renewal
0,POL-025691,2025-04-03 05:46:18.396461,renewal
0,POL-377264,2025-04-03 11:48:31.796404,claim
0,POL-303967,2025-04-03 12:56:32.352216,renewal
0,POL-475658,2025-04-03 15:47:13.876539,renewal
0,POL-776030,2025-04-03 17:09:17.597019,purchase
0,POL-814026,2025-04-03 17:22:12.651898,purchase
0,POL-953634,2025-04-03 17:44:42.788169,cancellation
0,POL-303610,2025-04-03 18:14:55.066522,renewal
0,POL-173236,2025-04-03 20:16:04.492091,renewal
0,POL-014310,2025-04-03 20:16:46.876164,claim
0,POL-195089,2025-04-03 20:48:21.191324,renewal
0,POL-277697,2025-04-03 23:48:15.570174,purchase
0,POL-014843,2025-04-04 00:24:12.451339,cancellation
0,POL-614389,2025-04-04 01:34:44.596661,purchase
0,POL-557432,2025-04-04 02:01:34.172534,cancellation
0,POL-843119,2025-04-04 04:14:32.722072,renewal
0,POL-279933,2025-04-04 05:36:58.261087,cancellation
0,POL-431820,2025-04-04 07:32:48.718919,cancellation
0,POL-072615,2025-04-04 07:42:43.308660,renewal
0,POL-577266,2025-04-04 08:20:56.198688,cancellation
0,POL-930333,2025-04-04 10:34:14.970862,cancellation
0,POL-556620,2025-04-04 13:56:07.564516,renewal
0,POL-364477,2025-04-04 14:25:02.178828,cancellation
0,POL-007346,2025-04-04 15:00:55.158083,purchase
0,POL-371581,2025-04-04 15:32:20.789305,claim
0,POL-897624,2025-04-04 16:19:46.016191,cancellation
0,POL-754543,2025-04-04 19:00:36.521456,purchase
0,POL-080313,2025-04-04 19:29:22.837611,cancellation
0,POL-461856,2025-04-04 20:54:40.979969,purchase
0,POL-501770,2025-04-04 21:58:08.721434,purchase
0,POL-672452,2025-04-04 22:01:10.894996,claim
0,POL-285094,2025-04-05 00:01:50.896906,purchase
0,POL-693435,2025-04-05 02:18:19.471593,claim
0,POL-913405,2025-04-05 03:00:53.553890,renewal
0,POL-902442,2025-04-05 03:35:42.574616,cancellation
0,POL-020422,2025-04-05 04:37:25.992259,claim
0,POL-708764,2025-04-05 05:40:17.431222,purchase
0,POL-377445,2025-04-05 06:09:29.038664,cancellation
0,POL-183546,2025-04-05 08:41:25.351539,claim
0,POL-997833,2025-04-05 09:27:20.621397,purchase
0,POL-595428,2025-04-05 09:45:11.663561,cancellation
0,POL-157573,2025-04-05 10:06:13.171965,claim
0,POL-467201,2025-04-05 10:22:13.610350,renewal
0,POL-326049,2025-04-05 13:54:41.073817,renewal
0,POL-144669,2025-04-05 14:45:40.148373,purchase
0,POL-124086,2025-04-05 16:17:45.860941,purchase
0,POL-638371,2025-04-05 18:06:49.935449,purchase
0,POL-835735,2025-04-05 19:43:42.264572,claim
0,POL-486643,2025-04-05 20:28:44.142931,claim
0,POL-502989,2025-04-05 20:57:57.040888,cancellation
0,POL-043247,2025-04-05 21:36:04.413557,cancellation
0,324908,2025-04-05 22:19:38.075392,claim
0,POL-141551,2025-04-06 01:07:56.072879,purchase
0,POL-624324,2025-04-06 02:23:05.778859,renewal
0,POL-054543,2025-04-06 03:54:06.444264,cancellation
0,POL-713172,2025-04-06 04:16:15.675556,claim
0,POL-280055,2025-04-06 05:53:57.063023,purchase
0,POL-142021,2025-04-06 06:47:09.993940,claim
0,POL-060058,2025-04-06 07:36:54.535142,cancellation
0,POL-889071,2025-04-06 10:24:08.362518,claim
0,POL-899538,2025-04-06 11:20:30.498565,cancellation
0,POL-456032,2025-04-06 11:21:12.684229,cancellation
0,POL-318119,2025-04-06 14:58:11.623708,claim
0,POL-558647,2025-04-06 15:34:07.025850,cancellation
0,POL-292839,2025-04-06 18:35:01.573622,renewal
0,POL-544045,2025-04-06 22:27:56.574705,cancellation
0,POL-882011,2025-04-06 22:38:32.230355,purchase
0,POL-289064,2025-04-06 23:10:23.157421,purchase
0,POL-653181,2025-04-07 00:46:32.403458,cancellation
0,POL-407442,2025-04-07 03:33:40.361878,renewal
0,POL-729447,2025-04-07 03:56:56.207461,renewal
0,POL-121271,2025-04-07 04:05:36.113539,renewal
0,POL-445712,2025-04-07 04:21:03.263552,renewal
0,POL-895840,2025-04-07 05:23:56.319268,claim
0,POL-827675,2025-04-07 06:44:47.754479,claim
0,POL-903777,2025-04-07 07:39:56.704398,purchase
0,POL-525638,2025-04-07 07:46:12.772301,renewal
0,POL-827899,2025-04-07 09:06:38.640169,cancellation
0,POL-498016,2025-04-07 09:59:53.669470,claim
0,POL-737600,2025-04-07 13:02:14.762513,cancellation
0,POL-125330,2025-04-07 14:02:11.423137,renewal
0,POL-323292,2025-04-07 14:25:56.309609,purchase
0,POL-506109,2025-04-07 14:30:48.890367,cancellation
0,POL-898676,2025-04-07 18:36:48.070503,renewal
0,POL-771530,2025-04-07 20:10:44.713610,renewal
0,POL-857583,2025-04-07 20:27:59.184623,claim
0,POL-276962,2025-04-07 23:22:16.067440,renewal
0,POL-757828,2025-04-07 23:34:17.373223,cancellation
0,POL-333236,2025-04-07 23:53:59.483819,renewal
0,POL-665492,2025-04-08 00:53:28.731289,claim
0,POL-523129,2025-04-08 01:59:04.655437,claim
0,POL-769871,2025-04-08 02:18:07.923424,cancellation
0,POL-205689,2025-04-08 03:07:51.378078,claim
0,POL-049208,2025-04-08 03:55:44.740750,claim
0,POL-638521,2025-04-08 06:47:19.607488,purchase
0,POL-836595,2025-04-08 06:57:01.031303,renewal
0,POL-819543,2025-04-08 07:11:39.582020,purchase
0,POL-290712,2025-04-08 08:09:40.029063,cancellation
0,POL-345676,2025-04-08 08:19:23.984020,renewal
0,POL-426244,2025-04-08 08:55:25.656891,cancellation
0,POL-646252,2025-04-08 09:17:36.401214,claim
0,POL-338562,2025-04-08 11:02:00.859159,claim
0,POL-409841,2025-04-08 12:49:00.121561,claim
0,POL-278503,2025-04-08 13:37:30.681950,claim
0,POL-115529,2025-04-08 14:40:44.064728,cancellation
0,POL-162589,2025-04-08 21:09:23.231650,renewal
0,POL-581418,2025-04-09 00:53:45.860953,renewal
0,POL-758571,2025-04-09 00:59:41.540390,purchase
0,POL-208011,2025-04-09 01:42:15.886874,claim
0,POL-735524,2025-04-09 03:04:45.206771,purchase
0,POL-493923,2025-04-09 04:16:14.536021,claim
0,POL-050807,2025-04-09 05:42:32.143603,cancellation
0,POL-523993,2025-04-09 05:51:32.761879,cancellation
0,POL-544033,2025-04-09 07:46:47.214890,renewal
0,POL-405181,2025-04-09 09:33:49.416371,cancellation
0,POL-332139,2025-04-09 10:37:35.513065,renewal
0,POL-153206,2025-04-09 11:31:15.027541,renewal
0,POL-581983,2025-04-09 13:47:57.175409,purchase
0,POL-741285,2025-04-09 14:47:32.282477,renewal
0,POL-310646,2025-04-09 15:10:46.618742,claim
0,POL-585513,2025-04-09 15:23:54.436814,cancellation
0,POL-130938,2025-04-09 15:33:49.255192,purchase
0,POL-378743,2025-04-09 17:12:01.238324,claim
0,POL-332112,2025-04-09 17:51:19.934212,claim
0,POL-835551,2025-04-09 18:37:58.860923,cancellation
0,POL-001521,2025-04-09 21:19:52.518497,cancellation
0,POL-093290,2025-04-10 00:35:17.575983,purchase
0,283591,2025-04-10 01:52:02.217041,cancellation
0,POL-634945,2025-04-10 01:53:31.882116,cancellation
0,372133,2025-04-10 03:04:13.910254,claim
0,POL-531416,2025-04-10 03:44:48.505536,purchase
0,POL-916195,2025-04-10 06:33:41.392835,renewal
0,POL-144669,2025-04-10 06:35:06.968222,cancellation
0,POL-605284,2025-04-10 07:15:42.701296,purchase
0,POL-494872,2025-04-10 08:11:44.718120,claim
0,POL-780960,2025-04-10 08:57:45.171388,renewal
0,POL-617375,2025-04-10 09:34:01.862841,claim
0,POL-577912,2025-04-10 13:58:13.917616,cancellation
0,POL-342171,2025-04-10 14:25:34.891210,claim
0,POL-076591,2025-04-10 15:07:39.936417,claim
0,POL-077972,2025-04-10 17:07:39.451582,cancellation
0,POL-329085,2025-04-10 17:39:54.483887,claim
0,POL-431386,2025-04-10 19:08:19.112679,renewal
0,POL-714810,2025-04-10 20:02:14.254031,purchase
0,POL-408961,2025-04-10 20:49:01.705041,purchase
0,POL-622837,2025-04-10 23:32:51.136085,renewal
0,POL-721477,2025-04-10 23:32:58.636654,purchase
0,POL-816588,2025-04-11 00:09:46.947268,claim
0,POL-941682,2025-04-11 01:32:12.075705,purchase
0,POL-821643,2025-04-11 02:02:17.622327,claim
0,POL-538316,2025-04-11 02:24:12.962535,purchase
0,POL-389681,2025-04-11 02:40:08.374200,purchase
0,POL-197658,2025-04-11 02:47:36.703450,purchase
0,POL-197481,2025-04-11 03:29:16.591976,renewal
0,POL-556620,2025-04-11 03:52:15.852928,claim
0,POL-668455,2025-04-11 04:33:08.021804,purchase
0,POL-604194,2025-04-11 04:48:45.705297,cancellation
0,POL-914088,2025-04-11 04:50:19.044962,purchase
0,POL-214015,2025-04-11 06:22:15.018688,renewal
0,POL-221376,2025-04-11 07:06:20.129173,claim
0,POL-183488,2025-04-11 07:07:13.918053,cancellation
0,POL-769290,2025-04-11 07:58:24.288415,cancellation
0,POL-774706,2025-04-11 08:34:38.668327,cancellation
0,POL-303610,2025-04-11 08:50:49.634616,purchase
0,POL-852271,2025-04-11 09:55:49.259872,cancellation
0,POL-691885,2025-04-11 09:58:44.472463,purchase
0,POL-304999,2025-04-11 10:16:35.049319,claim
0,POL-225778,2025-04-11 10:18:17.067519,cancellation
0,POL-366262,2025-04-11 12:29:18.879460,claim
0,POL-517487,2025-04-11 13:37:41.455482,cancellation
0,POL-095310,2025-04-11 16:28:54.149874,renewal
0,POL-600289,2025-04-11 16:41:06.573681,purchase
0,POL-771740,2025-04-11 17:51:36.807234,purchase
0,POL-250311,2025-04-11 18:15:24.356887,purchase
0,POL-557675,2025-04-11 18:35:56.232867,claim
0,POL-026351,2025-04-11 18:51:20.645631,renewal
0,POL-884798,2025-04-11 18:54:33.939722,claim
0,POL-556521,2025-04-11 19:31:44.986693,renewal
0,POL-292944,2025-04-11 19:37:49.406914,cancellation
0,POL-635194,2025-04-11 20:17:51.925843,claim
0,POL-441895,2025-04-11 21:00:06.759022,purchase
0,POL-082184,2025-04-12 05:38:55.913665,purchase
0,POL-772774,2025-04-12 07:16:10.632377,purchase
0,POL-552900,2025-04-12 09:35:01.502182,claim
0,POL-801136,2025-04-12 09:44:48.356123,claim
0,POL-074316,2025-04-12 10:00:01.285960,purchase
0,POL-894220,2025-04-12 13:37:06.815839,purchase
0,POL-030829,2025-04-12 13:45:16.133076,cancellation
0,POL-748093,2025-04-12 15:45:11.980492,renewal
0,POL-276962,2025-04-12 16:15:36.508201,renewal
0,POL-795643,2025-04-12 16:28:00.646641,cancellation
0,POL-297340,2025-04-12 16:52:55.838978,purchase
0,POL-684404,2025-04-12 18:54:41.009909,claim
0,POL-040859,2025-04-12 19:19:50.531995,claim
0,POL-774729,2025-04-12 19:20:02.770127,claim
0,POL-594930,2025-04-12 20:15:04.638513,cancellation
0,POL-553463,2025-04-12 21:07:00.834274,cancellation
0,POL-763975,2025-04-12 22:17:38.900007,cancellation
0,POL-804290,2025-04-12 22:27:38.813987,renewal
0,POL-862245,2025-04-13 00:15:59.216173,renewal
0,POL-992541,2025-04-13 00:24:08.295275,purchase
0,POL-656398,2025-04-13 02:07:34.911249,claim
0,POL-506020,2025-04-13 04:33:41.732542,renewal
0,POL-610245,2025-04-13 06:11:04.382559,purchase
0,POL-832403,2025-04-13 09:41:15.178548,purchase
0,POL-051277,2025-04-13 12:23:24.217196,purchase
0,POL-345676,2025-04-13 12:39:28.992121,cancellation
0,POL-021605,2025-04-13 13:20:46.315184,cancellation
0,POL-769218,2025-04-13 13:49:12.201326,renewal
0,POL-925641,2025-04-13 13:58:53.898206,purchase
0,POL-021112,2025-04-13 17:45:05.872482,purchase
0,POL-646368,2025-04-13 20:11:41.743878,renewal
0,POL-270770,2025-04-13 21:05:21.618392,renewal
0,POL-733110,2025-04-14 00:53:13.098679,claim
0,POL-452920,2025-04-14 00:57:47.343068,renewal
0,POL-740096,2025-04-14 00:58:51.356999,purchase
0,POL-090461,2025-04-14 01:30:02.535379,cancellation
0,POL-362464,2025-04-14 02:54:02.434549,renewal
0,POL-046674,2025-04-14 03:30:37.901155,purchase
0,POL-642638,2025-04-14 04:02:58.538435,renewal
0,POL-907317,2025-04-14 05:03:52.821016,claim
0,POL-778696,2025-04-14 05:11:13.929524,cancellation
0,POL-991318,2025-04-14 05:13:11.699094,purchase
0,POL-840427,2025-04-14 06:22:01.227602,claim
0,POL-977860,2025-04-14 07:17:42.819231,renewal
0,POL-853947,2025-04-14 07:26:22.620411,claim
0,POL-632923,2025-04-14 08:38:38.401471,cancellation
0,POL-920810,2025-04-14 09:40:09.878100,claim
0,209500,2025-04-14 14:32:29.424905,renewal
0,POL-894707,2025-04-14 17:28:55.136534,renewal
0,POL-880120,2025-04-14 19:08:47.899928,renewal
0,POL-098357,2025-04-14 21:47:48.122167,cancellation
0,POL-408256,2025-04-14 21:56:32.344982,renewal
0,POL-779892,2025-04-14 22:02:45.594676,cancellation
0,POL-761074,2025-04-14 22:58:33.703933,claim
0,POL-262405,2025-04-14 23:24:06.963659,renewal
0,POL-568860,2025-04-15 02:56:18.661518,purchase
0,POL-713021,2025-04-15 03:58:29.103816,renewal
0,POL-157573,2025-04-15 04:38:53.283471,claim
0,POL-643033,2025-04-15 05:16:31.252136,renewal
0,POL-846532,2025-04-15 05:56:03.398122,claim
0,POL-792668,2025-04-15 06:12:39.232714,renewal
0,POL-094212,2025-04-15 07:26:07.942121,claim
0,POL-256647,2025-04-15 09:49:59.064200,purchase
0,POL-715962,2025-04-15 11:19:53.843751,purchase
0,POL-025691,2025-04-15 11:38:27.814695,claim
0,POL-332041,2025-04-15 12:22:39.727632,purchase
0,POL-163004,2025-04-15 12:22:59.641880,renewal
0,POL-633687,2025-04-15 19:22:35.556907,renewal
0,POL-348236,2025-04-15 20:45:50.354820,cancellation
0,POL-632868,2025-04-15 21:51:38.317039,cancellation
0,POL-019967,2025-04-15 22:47:28.675289,claim
0,POL-143378,2025-04-16 00:43:26.361947,purchase
0,POL-990046,2025-04-16 01:16:37.192697,cancellation
0,POL-072998,2025-04-16 01:17:55.135910,renewal
0,POL-085471,2025-04-16 02:34:31.638524,cancellation
0,POL-616794,2025-04-16 02:50:56.304735,claim
0,POL-155816,2025-04-16 06:07:34.387282,purchase
0,POL-826567,2025-04-16 06:46:03.891696,cancellation
0,POL-651522,2025-04-16 07:06:38.158075,renewal
0,POL-886243,2025-04-16 07:24:31.628605,purchase
0,POL-458156,2025-04-16 11:09:27.624351,renewal
0,POL-763615,2025-04-16 12:02:18.304097,renewal
0,POL-198309,2025-04-16 13:26:12.975173,claim
0,POL-241488,2025-04-16 13:37:18.817896,purchase
0,POL-366119,2025-04-16 14:54:54.404807,renewal
0,POL-769881,2025-04-16 15:04:40.538947,cancellation
0,POL-051015,2025-04-16 15:16:12.705573,renewal
0,POL-308569,2025-04-16 17:26:42.911978,claim
0,POL-884798,2025-04-16 20:09:56.142384,renewal
0,POL-571437,2025-04-16 20:10:08.146705,cancellation
0,POL-980000,2025-04-16 20:57:42.372869,claim
0,POL-514051,2025-04-16 21:00:02.065514,claim
0,POL-483797,2025-04-16 21:34:30.298382,claim
0,644828,2025-04-17 00:21:04.017343,purchase
0,POL-364603,2025-04-17 03:26:03.080759,renewal
0,POL-483811,2025-04-17 06:23:42.045683,claim
0,POL-580608,2025-04-17 06:24:10.165659,cancellation
0,POL-984555,2025-04-17 09:58:43.224593,purchase
0,POL-072539,2025-04-17 10:56:09.270820,purchase
0,POL-233236,2025-04-17 11:07:07.820359,claim
0,POL-382168,2025-04-17 12:13:59.372144,purchase
0,POL-800254,2025-04-17 14:03:50.248173,renewal
0,POL-776991,2025-04-17 14:23:31.774202,cancellation
0,POL-863720,2025-04-17 15:12:47.764988,purchase
0,POL-443886,2025-04-17 15:30:07.135704,cancellation
0,POL-258762,2025-04-17 16:12:41.534518,purchase
0,POL-359943,2025-04-17 16:32:38.776292,claim
0,POL-540551,2025-04-17 18:01:41.135207,purchase
0,POL-721128,2025-04-17 22:52:42.620357,claim
0,POL-043325,2025-04-17 23:07:39.602693,purchase
0,POL-399526,2025-04-17 23:15:36.492944,cancellation
0,POL-085471,2025-04-17 23:30:13.342359,purchase
0,POL-882851,2025-04-18 00:31:01.489396,claim
0,POL-905880,2025-04-18 02:34:03.992557,claim
0,POL-590461,2025-04-18 03:13:05.828696,claim
0,POL-126087,2025-04-18 04:47:04.456702,renewal
0,POL-470064,2025-04-18 05:45:00.999615,claim
0,POL-282948,2025-04-18 06:34:17.733152,purchase
0,POL-661321,2025-04-18 07:37:53.182287,renewal
0,POL-852101,2025-04-18 09:31:34.981298,renewal
0,POL-935764,2025-04-18 09:41:55.136727,purchase
0,POL-535628,2025-04-18 09:54:13.438397,claim
0,POL-013115,2025-04-18 10:30:18.598767,renewal
0,POL-442512,2025-04-18 10:39:39.661376,purchase
0,POL-494872,2025-04-18 11:10:17.219318,cancellation
0,POL-052308,2025-04-18 14:46:37.655243,purchase
0,POL-441895,2025-04-18 15:01:07.803891,renewal
0,POL-776736,2025-04-18 19:50:44.244862,cancellation
0,POL-890964,2025-04-18 20:13:03.949847,cancellation
0,POL-724137,2025-04-18 20:28:35.286002,cancellation
0,POL-870189,2025-04-18 20:48:55.340244,cancellation
0,POL-691077,2025-04-18 20:56:42.855631,claim
0,POL-658223,2025-04-18 21:59:08.692415,claim
0,POL-057893,2025-04-18 22:38:33.204976,claim
0,POL-192461,2025-04-18 23:15:04.997977,purchase
0,POL-056069,2025-04-18 23:26:01.909289,claim
0,POL-243929,2025-04-19 01:51:56.470711,claim
0,POL-962998,2025-04-19 02:45:31.629277,purchase
0,POL-930333,2025-04-19 02:45:56.063128,claim
0,POL-332037,2025-04-19 02:51:30.668384,purchase
0,POL-029497,2025-04-19 02:58:50.503376,purchase
0,POL-737803,2025-04-19 05:12:17.248761,renewal
0,POL-365155,2025-04-19 06:23:38.695244,claim
0,POL-878382,2025-04-19 06:58:43.654904,claim
0,POL-190048,2025-04-19 07:44:22.075452,cancellation
0,POL-120407,2025-04-19 08:02:55.665751,purchase
0,POL-112056,2025-04-19 09:02:30.803404,cancellation
0,POL-420306,2025-04-19 09:20:01.836607,purchase
0,POL-544045,2025-04-19 09:58:15.731672,cancellation
0,POL-882977,2025-04-19 11:09:49.745930,renewal
0,POL-099522,2025-04-19 11:11:55.793958,purchase
0,POL-377463,2025-04-19 12:53:29.123261,renewal
0,POL-558405,2025-04-19 13:39:43.140229,renewal
0,POL-777562,2025-04-19 16:07:01.798090,claim
0,POL-116370,2025-04-19 16:49:38.610876,cancellation
0,POL-953523,2025-04-19 18:11:55.218101,claim
0,POL-100109,2025-04-19 18:33:56.144774,cancellation
0,POL-273364,2025-04-19 18:51:46.221246,claim
0,POL-756185,2025-04-19 20:08:03.845391,cancellation
0,POL-137415,2025-04-19 20:44:18.706185,claim
0,POL-259656,2025-04-19 21:20:19.537206,purchase
0,POL-715332,2025-04-19 22:00:45.828309,renewal
0,POL-915050,2025-04-19 22:24:48.806225,renewal
0,POL-533607,2025-04-20 01:51:00.066726,claim
0,POL-161419,2025-04-20 03:04:27.020517,claim
0,POL-920074,2025-04-20 06:58:33.477945,cancellation
0,POL-989172,2025-04-20 07:15:22.140290,claim
0,POL-973537,2025-04-20 07:43:22.364348,purchase
0,POL-062923,2025-04-20 08:07:01.266939,cancellation
0,POL-293254,2025-04-20 10:02:43.163136,cancellation
0,POL-222648,2025-04-20 11:07:32.094042,cancellation
0,POL-627770,2025-04-20 12:12:11.411844,renewal
0,POL-689165,2025-04-20 12:17:29.393958,purchase
0,POL-215116,2025-04-20 13:45:10.928882,claim
0,POL-343103,2025-04-20 16:04:08.227974,claim
0,POL-808924,2025-04-20 17:00:45.673387,renewal
0,POL-571382,2025-04-20 17:20:18.453348,purchase
0,POL-357818,2025-04-20 20:21:06.674352,renewal
0,POL-839507,2025-04-20 22:28:49.806366,cancellation
0,POL-747674,2025-04-21 00:59:05.270243,claim
0,POL-651779,2025-04-21 02:31:03.386335,cancellation
0,POL-015463,2025-04-21 02:38:55.222920,purchase
0,POL-927977,2025-04-21 03:33:55.094272,cancellation
0,POL-026320,2025-04-21 03:51:34.931847,renewal
0,POL-925376,2025-04-21 05:14:07.119251,renewal
0,POL-559380,2025-04-21 08:05:50.987707,cancellation
0,POL-959628,2025-04-21 08:38:48.874500,claim
0,POL-313429,2025-04-21 10:07:32.988140,claim
0,POL-395299,2025-04-21 10:37:12.799710,purchase
0,POL-384632,2025-04-21 10:56:17.486370,claim
0,POL-924260,2025-04-21 11:04:53.332582,claim
0,POL-816357,2025-04-21 11:34:57.892143,claim
0,POL-016754,2025-04-21 13:31:24.867050,renewal
0,POL-244130,2025-04-21 13:57:44.320308,renewal
0,POL-427750,2025-04-21 17:10:53.571625,purchase
0,POL-894538,2025-04-21 18:20:49.502100,claim
0,POL-213042,2025-04-21 19:36:32.964733,renewal
0,POL-420774,2025-04-21 19:47:48.266537,cancellation
0,POL-877560,2025-04-21 22:06:39.631080,cancellation
0,POL-308347,2025-04-21 22:32:46.992843,renewal
0,POL-253593,2025-04-22 01:16:01.209001,renewal
0,POL-504921,2025-04-22 01:52:41.099659,cancellation
0,POL-202272,2025-04-22 03:40:19.150129,renewal
0,POL-377150,2025-04-22 04:11:33.379630,cancellation
0,POL-665879,2025-04-22 04:21:14.297754,cancellation
0,POL-424767,2025-04-22 05:16:51.184101,renewal
0,POL-619489,2025-04-22 05:36:45.908035,cancellation
0,POL-512263,2025-04-22 06:54:16.234500,purchase
0,POL-961117,2025-04-22 07:17:55.430712,cancellation
0,POL-571437,2025-04-22 08:59:48.286675,cancellation
0,POL-687236,2025-04-22 09:38:35.180325,cancellation
0,POL-646096,2025-04-22 12:39:27.762611,purchase
0,POL-307854,2025-04-22 12:58:36.619339,cancellation
0,POL-991949,2025-04-22 13:40:53.963444,claim
0,POL-297278,2025-04-22 13:57:06.074874,purchase
0,184337,2025-04-22 18:01:40.758262,cancellation
0,POL-985782,2025-04-22 21:38:32.265603,purchase
0,POL-335926,2025-04-22 22:07:44.860152,claim
0,POL-772671,2025-04-23 00:53:34.847078,claim
0,POL-331141,2025-04-23 01:33:42.667384,cancellation
0,POL-097538,2025-04-23 02:03:40.141307,purchase
0,POL-317509,2025-04-23 08:18:09.836575,renewal
0,POL-406354,2025-04-23 08:18:35.956744,claim
0,POL-734485,2025-04-23 09:44:57.405736,renewal
0,POL-338237,2025-04-23 10:26:05.744267,claim
0,POL-757828,2025-04-23 10:42:08.981718,cancellation
0,POL-475964,2025-04-23 11:54:18.734833,purchase
0,POL-948964,2025-04-23 12:23:12.563599,purchase
0,POL-178825,2025-04-23 12:32:25.410140,renewal
0,POL-658912,2025-04-23 12:55:36.714024,purchase
0,POL-400455,2025-04-23 13:26:41.266738,purchase
0,POL-937262,2025-04-23 15:16:14.153017,purchase
0,POL-979130,2025-04-23 15:38:04.508081,renewal
0,POL-325545,2025-04-23 17:26:26.199324,purchase
0,POL-289064,2025-04-23 18:39:42.676036,cancellation
0,POL-226732,2025-04-23 19:47:09.192230,purchase
0,POL-683896,2025-04-23 19:52:10.344539,cancellation
0,POL-166636,2025-04-23 20:54:05.580749,renewal
0,POL-615708,2025-04-23 20:56:57.382951,claim
0,POL-928513,2025-04-23 22:01:04.338370,renewal
0,POL-183432,2025-04-23 22:58:54.740460,claim
0,POL-816502,2025-04-23 23:52:54.223471,renewal
0,POL-922287,2025-04-24 00:41:56.059549,claim
0,POL-772671,2025-04-24 01:13:56.551231,purchase
0,POL-635406,2025-04-24 03:03:52.220736,purchase
0,POL-215561,2025-04-24 03:17:09.292588,cancellation
0,POL-434888,2025-04-24 08:03:45.966974,renewal
0,POL-815706,2025-04-24 09:03:22.928698,cancellation
0,POL-769871,2025-04-24 09:37:30.287223,cancellation
0,POL-555463,2025-04-24 09:57:16.323652,claim
0,POL-864386,2025-04-24 12:31:04.562438,purchase
0,POL-298373,2025-04-24 17:00:25.765544,purchase
0,POL-350479,2025-04-24 17:11:58.549704,claim
0,POL-932194,2025-04-24 17:12:26.082640,claim
0,POL-201835,2025-04-24 17:55:30.692411,purchase
0,POL-624395,2025-04-25 02:17:24.281176,purchase
0,POL-321193,2025-04-25 02:29:06.332390,renewal
0,POL-046953,2025-04-25 02:51:13.660014,claim
0,POL-104809,2025-04-25 06:58:45.952878,renewal
0,POL-031937,2025-04-25 12:54:56.089110,claim
0,POL-274652,2025-04-25 13:15:09.675172,purchase
0,POL-145642,2025-04-25 14:57:58.553191,renewal
0,POL-147197,2025-04-25 15:06:02.121237,purchase
0,POL-516750,2025-04-25 18:41:10.623432,cancellation
0,POL-509558,2025-04-25 21:03:42.600893,claim
0,POL-561103,2025-04-26 00:16:22.866320,renewal
0,POL-125379,2025-04-26 00:21:19.481859,renewal
0,POL-878265,2025-04-26 00:43:14.279523,cancellation
0,POL-430631,2025-04-26 01:32:33.132641,claim
0,POL-368459,2025-04-26 01:56:17.885524,purchase
0,POL-900661,2025-04-26 02:50:23.838272,purchase
0,POL-234440,2025-04-26 03:19:02.896241,purchase
0,POL-927977,2025-04-26 03:50:46.435176,purchase
0,POL-342171,2025-04-26 04:10:47.815426,claim
0,POL-205364,2025-04-26 05:59:22.030938,cancellation
0,POL-870626,2025-04-26 06:57:55.110265,purchase
0,POL-570723,2025-04-26 07:00:32.385476,purchase
0,POL-581485,2025-04-26 08:19:12.066267,cancellation
0,POL-662613,2025-04-26 08:36:14.169513,renewal
0,POL-101100,2025-04-26 09:13:59.984344,renewal
0,POL-756812,2025-04-26 09:47:36.830893,claim
0,POL-493240,2025-04-26 10:33:51.492239,purchase
0,POL-472221,2025-04-26 12:12:17.733567,cancellation
0,POL-118917,2025-04-26 12:22:17.098003,cancellation
0,POL-647579,2025-04-26 12:31:40.896519,purchase
0,POL-002608,2025-04-26 13:23:13.082657,cancellation
0,POL-832847,2025-04-26 13:48:21.851129,purchase
0,POL-075305,2025-04-26 14:31:22.066494,renewal
0,POL-430665,2025-04-26 15:16:29.785367,renewal
0,POL-330989,2025-04-26 16:05:18.028035,purchase
0,POL-123789,2025-04-26 16:28:11.685435,renewal
0,POL-521438,2025-04-26 16:50:38.975848,renewal
0,POL-965684,2025-04-26 17:01:34.184496,purchase
0,POL-761074,2025-04-26 17:03:33.759837,renewal
0,POL-859925,2025-04-26 18:09:19.950587,renewal
0,POL-780465,2025-04-26 20:47:11.339554,purchase
0,POL-311602,2025-04-26 22:25:46.924948,cancellation
0,POL-535429,2025-04-26 22:59:29.061142,cancellation
0,POL-843659,2025-04-27 00:16:29.193487,claim
0,POL-460428,2025-04-27 00:56:09.825418,cancellation
0,POL-761883,2025-04-27 00:59:03.289627,purchase
0,POL-328650,2025-04-27 01:25:07.876260,renewal
0,POL-421358,2025-04-27 01:33:28.127517,renewal
0,POL-863916,2025-04-27 01:55:45.452905,cancellation
0,POL-345616,2025-04-27 05:28:38.421530,cancellation
0,POL-514051,2025-04-27 06:22:28.676167,purchase
0,POL-354195,2025-04-27 07:49:29.979924,claim
0,POL-282917,2025-04-27 07:54:48.465748,claim
0,POL-533836,2025-04-27 08:04:02.253001,renewal
0,POL-800350,2025-04-27 09:04:01.330352,cancellation
0,POL-541394,2025-04-27 09:45:05.166942,claim
0,POL-297672,2025-04-27 15:44:11.983932,purchase
0,POL-769884,2025-04-27 19:02:03.137468,purchase
0,POL-234233,2025-04-27 19:47:04.179517,purchase
0,POL-459597,2025-04-27 20:13:26.478544,purchase
0,POL-913702,2025-04-27 23:36:42.891063,purchase
0,POL-741245,2025-04-28 02:06:59.437596,purchase
0,POL-084468,2025-04-28 03:10:50.469202,claim
0,POL-352737,2025-04-28 03:43:13.539525,claim
0,POL-254971,2025-04-28 03:51:35.306376,renewal
0,POL-451915,2025-04-28 04:23:01.362083,renewal
0,POL-601463,2025-04-28 04:25:07.984297,purchase
0,POL-547014,2025-04-28 06:44:27.982094,purchase
0,POL-501721,2025-04-28 07:45:02.195869,renewal
0,POL-321287,2025-04-28 08:01:35.770970,claim
0,POL-007317,2025-04-28 08:11:44.344113,renewal
0,POL-108904,2025-04-28 09:09:50.920368,purchase
0,POL-950286,2025-04-28 10:28:39.049937,purchase
0,POL-523129,2025-04-28 11:24:10.776696,cancellation
0,POL-357830,2025-04-28 11:39:08.636904,claim
0,POL-841087,2025-04-28 11:54:01.458504,claim
0,POL-213256,2025-04-28 14:41:15.415341,purchase
0,POL-610078,2025-04-28 14:46:23.158716,cancellation
0,POL-698056,2025-04-28 15:29:37.682519,renewal
0,POL-839749,2025-04-28 15:30:25.492555,cancellation
0,POL-181669,2025-04-28 15:53:08.176271,purchase
0,POL-111523,2025-04-28 16:33:57.144401,cancellation
0,POL-942126,2025-04-28 17:07:27.776277,cancellation
0,POL-067307,2025-04-28 19:39:25.120941,cancellation
0,POL-282917,2025-04-28 19:45:55.101155,claim
0,POL-278856,2025-04-28 22:16:54.176633,renewal
0,POL-560210,2025-04-28 23:05:43.236311,claim
0,POL-498841,2025-04-28 23:24:13.739020,cancellation
0,POL-333981,2025-04-28 23:32:06.493314,cancellation
0,POL-505019,2025-04-28 23:53:36.467501,purchase
0,POL-283762,2025-04-29 00:35:29.854763,claim
0,POL-821987,2025-04-29 00:37:37.173410,cancellation
0,POL-241698,2025-04-29 00:49:46.868910,claim
0,POL-086727,2025-04-29 01:53:51.663561,cancellation
0,POL-905880,2025-04-29 02:58:10.241525,purchase
0,POL-653315,2025-04-29 03:16:44.911999,cancellation
0,POL-388343,2025-04-29 03:27:30.992404,cancellation
0,POL-583790,2025-04-29 04:52:12.811887,purchase
0,POL-832312,2025-04-29 05:03:48.601901,purchase
0,POL-838122,2025-04-29 05:16:58.359072,claim
0,POL-009845,2025-04-29 05:22:19.097394,cancellation
0,POL-077915,2025-04-29 05:43:27.009148,cancellation
0,POL-178673,2025-04-29 07:38:16.922438,renewal
0,POL-490603,2025-04-29 10:29:31.073872,cancellation
0,POL-702411,2025-04-29 12:13:27.172486,purchase
0,POL-930333,2025-04-29 13:25:57.021194,claim
0,POL-254892,2025-04-29 14:41:06.821657,renewal
0,POL-331736,2025-04-29 14:48:49.415211,cancellation
0,POL-590582,2025-04-29 15:25:53.751529,renewal
0,POL-703210,2025-04-29 16:28:52.594344,purchase
0,POL-985631,2025-04-29 19:41:23.976480,cancellation
0,POL-367439,2025-04-29 20:19:36.241722,purchase
0,POL-364886,2025-04-29 20:45:00.762988,renewal
0,POL-713021,2025-04-29 20:45:43.379528,renewal
0,POL-932487,2025-04-29 22:54:52.783694,claim
0,POL-622457,2025-04-30 00:57:35.743596,renewal
0,POL-493725,2025-04-30 01:09:04.482202,claim
0,POL-815969,2025-04-30 01:29:31.471476,renewal
0,POL-953956,2025-04-30 01:38:16.347591,renewal
0,POL-357125,2025-04-30 02:25:29.429464,cancellation
0,POL-232878,2025-04-30 02:30:06.294158,claim
0,POL-014220,2025-04-30 03:06:31.701261,cancellation
0,POL-800350,2025-04-30 04:49:57.547027,renewal
0,POL-612286,2025-04-30 05:22:19.093711,purchase
0,POL-354195,2025-04-30 07:28:12.866233,claim
0,POL-993931,2025-04-30 07:41:11.853731,purchase
0,POL-769881,2025-04-30 08:24:09.255132,claim
0,POL-203652,2025-04-30 08:26:09.895229,renewal
0,176229,2025-04-30 12:35:00.849508,purchase
0,POL-017962,2025-04-30 12:38:56.306693,purchase
0,POL-061658,2025-04-30 13:07:38.623937,purchase
0,POL-065572,2025-04-30 13:25:03.816870,claim
0,POL-499327,2025-04-30 15:31:29.508544,purchase
0,POL-409855,2025-04-30 17:06:01.297384,purchase
0,POL-088827,2025-04-30 17:21:07.291306,purchase
0,POL-446675,2025-04-30 19:37:37.611923,claim
0,POL-623882,2025-04-30 21:22:01.651268,renewal
0,POL-796314,2025-05-01 00:22:09.088496,purchase
0,POL-576346,2025-05-01 01:12:19.049981,renewal
0,POL-184491,2025-05-01 05:00:36.883021,purchase
0,POL-802261,2025-05-01 06:27:59.869536,claim
0,POL-647579,2025-05-01 07:36:17.434664,claim
0,POL-595428,2025-05-01 08:57:43.227628,renewal
0,POL-711238,2025-05-01 11:29:51.507944,claim
0,POL-497914,2025-05-01 12:48:19.660328,purchase
0,POL-890952,2025-05-01 13:41:18.389216,renewal
0,POL-595408,2025-05-01 14:14:16.252633,renewal
0,POL-724173,2025-05-01 15:13:04.188584,renewal
0,POL-800250,2025-05-01 16:30:31.547603,cancellation
0,POL-529516,2025-05-01 16:40:39.685925,claim
0,POL-195000,2025-05-01 18:42:21.031970,cancellation
0,POL-907959,2025-05-01 22:30:47.457130,claim
0,POL-647757,2025-05-02 00:31:51.728564,purchase
0,POL-694208,2025-05-02 02:54:32.284593,renewal
0,POL-026407,2025-05-02 03:21:48.259139,renewal
0,POL-173421,2025-05-02 04:26:27.917041,purchase
0,POL-071205,2025-05-02 04:50:39.983285,claim
0,POL-293099,2025-05-02 05:10:39.708594,cancellation
0,POL-555878,2025-05-02 05:41:26.488342,purchase
0,POL-507406,2025-05-02 07:40:25.742312,cancellation
0,POL-297239,2025-05-02 07:58:11.386095,claim
0,POL-364214,2025-05-02 09:26:28.326837,purchase
0,POL-483811,2025-05-02 11:39:58.310322,cancellation
0,POL-595252,2025-05-02 11:48:38.336650,purchase
0,POL-494872,2025-05-02 15:08:04.174634,claim
0,POL-523620,2025-05-02 16:02:47.037642,purchase
0,POL-236711,2025-05-02 18:48:49.810024,purchase
0,POL-589868,2025-05-02 19:19:25.514042,cancellation
0,POL-103582,2025-05-02 19:46:34.760117,claim
0,POL-904614,2025-05-02 21:34:05.792078,purchase
0,POL-577072,2025-05-02 23:08:11.155852,purchase
0,POL-276384,2025-05-03 02:37:05.383428,renewal
0,POL-645965,2025-05-03 04:24:01.717547,purchase
0,POL-228370,2025-05-03 06:33:46.470265,claim
0,711744,2025-05-03 07:31:14.448576,renewal
0,POL-139665,2025-05-03 09:28:06.859018,cancellation
0,POL-027098,2025-05-03 10:22:46.724233,claim
0,POL-465587,2025-05-03 11:06:25.571622,purchase
0,POL-677162,2025-05-03 11:19:57.822903,renewal
0,POL-474470,2025-05-03 11:53:59.428165,claim
0,452446,2025-05-03 12:11:01.202134,purchase
0,POL-966621,2025-05-03 12:34:11.664155,renewal
0,POL-745471,2025-05-03 12:34:16.286953,purchase
0,POL-870700,2025-05-03 12:46:05.361025,purchase
0,POL-772774,2025-05-03 13:01:08.363660,cancellation
0,POL-307128,2025-05-03 13:02:47.318530,purchase
0,POL-981434,2025-05-03 14:59:33.550824,renewal
0,POL-207266,2025-05-03 16:57:28.658628,claim
0,POL-088529,2025-05-03 17:18:49.716955,claim
0,POL-977695,2025-05-03 17:58:04.790452,renewal
0,POL-896437,2025-05-03 20:46:37.615606,renewal
0,POL-224007,2025-05-03 22:35:24.138020,purchase
0,POL-095636,2025-05-04 01:48:39.920011,renewal
0,POL-792845,2025-05-04 04:12:42.658426,cancellation
0,POL-511547,2025-05-04 04:18:10.001545,cancellation
0,POL-684550,2025-05-04 06:23:50.946182,claim
0,POL-955560,2025-05-04 08:34:36.095467,cancellation
0,POL-885699,2025-05-04 09:55:29.905219,renewal
0,POL-473564,2025-05-04 11:09:43.635324,cancellation
0,POL-224420,2025-05-04 12:25:23.826331,purchase
0,POL-034979,2025-05-04 13:11:31.277503,renewal
0,POL-850668,2025-05-04 13:13:32.034651,cancellation
0,POL-487344,2025-05-04 14:37:14.741946,renewal
0,POL-037756,2025-05-04 17:01:18.210335,cancellation
0,POL-683502,2025-05-04 17:28:19.355626,cancellation
0,POL-713437,2025-05-04 17:37:54.712606,purchase
0,POL-922288,2025-05-04 18:44:34.775590,claim
0,POL-252253,2025-05-04 19:24:01.577934,claim
0,POL-925647,2025-05-04 20:19:34.173606,claim
0,POL-310684,2025-05-04 22:34:28.444381,cancellation
0,POL-844028,2025-05-04 22:38:51.604287,purchase
0,POL-184723,2025-05-05 00:54:31.216192,claim
0,POL-476648,2025-05-05 02:26:13.349630,claim
0,POL-775606,2025-05-05 02:37:26.750904,purchase
0,POL-741784,2025-05-05 03:35:13.275472,purchase
0,POL-734413,2025-05-05 08:53:17.155588,renewal
0,POL-836431,2025-05-05 11:07:56.504156,claim
0,POL-616104,2025-05-05 11:49:06.795114,claim
0,POL-277896,2025-05-05 13:07:18.267336,cancellation
0,POL-532135,2025-05-05 13:38:38.446286,renewal
0,POL-889509,2025-05-05 15:02:21.190739,claim
0,POL-278189,2025-05-05 15:32:08.314669,purchase
0,POL-249649,2025-05-05 15:38:07.402974,cancellation
0,POL-100109,2025-05-05 15:56:02.200953,claim
0,POL-101100,2025-05-05 16:05:32.306647,cancellation
0,POL-936367,2025-05-05 16:28:00.480016,purchase
0,POL-512144,2025-05-05 17:37:52.636142,renewal
0,POL-100627,2025-05-05 19:29:34.659042,claim
0,POL-644948,2025-05-05 19:43:20.719313,renewal
0,POL-576149,2025-05-05 21:57:34.868396,claim
0,POL-778696,2025-05-05 22:53:36.538367,purchase
0,POL-748128,2025-05-06 01:55:54.135585,renewal
0,POL-874535,2025-05-06 03:12:47.910370,claim
0,POL-618621,2025-05-06 03:28:49.079393,claim
0,POL-008035,2025-05-06 04:42:43.235167,cancellation
0,233080,2025-05-06 04:47:45.010201,renewal
0,POL-365882,2025-05-06 05:06:09.132692,renewal
0,POL-912063,2025-05-06 05:53:12.598293,claim
0,POL-361521,2025-05-06 08:31:56.849233,claim
0,POL-157573,2025-05-06 13:19:49.285154,cancellation
0,POL-238661,2025-05-06 13:34:07.363546,claim
0,POL-016754,2025-05-06 13:56:16.594510,cancellation
0,POL-132963,2025-05-06 14:35:31.506367,purchase
0,POL-599722,2025-05-06 16:00:43.088654,purchase
0,POL-684404,2025-05-06 16:27:43.692043,renewal
0,POL-490086,2025-05-06 16:50:22.937838,cancellation
0,POL-090461,2025-05-06 17:55:44.284947,purchase
0,POL-474900,2025-05-06 18:42:51.153946,claim
0,POL-363761,2025-05-06 21:08:14.256210,claim
0,POL-133053,2025-05-06 22:22:13.313439,cancellation
0,POL-322546,2025-05-07 00:44:27.343092,purchase
0,POL-827726,2025-05-07 01:38:30.947221,renewal
0,POL-551438,2025-05-07 01:50:53.480619,cancellation
0,POL-919256,2025-05-07 04:30:26.152255,renewal
0,POL-778469,2025-05-07 05:26:35.658075,claim
0,POL-580262,2025-05-07 06:59:54.462471,claim
0,POL-910784,2025-05-07 07:05:11.405983,purchase
0,POL-279119,2025-05-07 10:58:41.800588,renewal
0,POL-267931,2025-05-07 13:08:43.819396,claim
0,POL-516750,2025-05-07 13:55:06.145600,claim
0,POL-909262,2025-05-07 14:44:31.077373,purchase
0,POL-036176,2025-05-07 17:48:58.695904,cancellation
0,POL-659277,2025-05-07 18:50:05.276009,cancellation
0,POL-177128,2025-05-07 19:59:08.187656,purchase
0,POL-564374,2025-05-07 20:25:18.444369,cancellation
0,POL-955474,2025-05-07 20:38:07.886639,renewal
0,POL-321399,2025-05-07 20:44:48.083810,purchase
0,POL-863932,2025-05-07 21:00:51.273427,cancellation
0,POL-931232,2025-05-07 21:21:04.396485,claim
0,POL-551292,2025-05-07 22:29:23.350491,purchase
0,POL-890710,2025-05-07 22:47:02.400004,claim
0,POL-433534,2025-05-07 23:11:19.255826,cancellation
0,POL-710095,2025-05-07 23:30:20.056844,purchase
0,POL-904614,2025-05-08 00:12:50.853584,renewal
0,POL-348558,2025-05-08 00:40:51.820939,claim
0,POL-202230,2025-05-08 01:30:34.995668,cancellation
0,POL-966621,2025-05-08 02:00:33.205540,purchase
0,POL-850660,2025-05-08 03:00:17.798528,renewal
0,POL-659433,2025-05-08 04:18:19.672323,renewal
0,POL-194003,2025-05-08 04:49:27.695743,claim
0,098632,2025-05-08 06:02:57.854919,cancellation
0,POL-140675,2025-05-08 07:15:05.422393,renewal
0,POL-545421,2025-05-08 08:28:51.329433,cancellation
0,POL-805001,2025-05-08 08:40:13.526697,cancellation
0,POL-919160,2025-05-08 11:01:39.606743,purchase
0,POL-964406,2025-05-08 13:41:14.310394,cancellation
0,POL-547969,2025-05-08 14:01:18.949312,renewal
0,POL-057874,2025-05-08 14:16:46.653394,cancellation
0,POL-321337,2025-05-08 16:23:50.047751,renewal
0,POL-640887,2025-05-08 16:40:01.364104,purchase
0,POL-833699,2025-05-08 17:13:05.269115,purchase
0,POL-049759,2025-05-08 20:11:37.616521,claim
0,POL-001521,2025-05-08 23:26:11.113688,claim
0,POL-717142,2025-05-08 23:31:16.706398,purchase
0,POL-594841,2025-05-09 01:03:37.808812,renewal
0,POL-971555,2025-05-09 01:23:46.737221,purchase
0,POL-028483,2025-05-09 06:10:43.780576,purchase
0,POL-776030,2025-05-09 07:08:39.408198,purchase
0,POL-965604,2025-05-09 09:23:31.089639,purchase
0,POL-745564,2025-05-09 09:30:17.241967,claim
0,POL-154725,2025-05-09 17:32:34.995248,purchase
0,POL-025691,2025-05-09 17:36:02.996504,cancellation
0,POL-006322,2025-05-09 20:26:37.418835,purchase
0,POL-049044,2025-05-09 20:50:42.921000,purchase
0,POL-501712,2025-05-09 21:10:50.265659,cancellation
0,POL-292668,2025-05-09 23:27:20.781106,renewal
0,POL-390528,2025-05-09 23:35:27.181239,renewal
0,POL-814821,2025-05-10 01:14:29.077770,claim
0,POL-197653,2025-05-10 01:44:19.109868,renewal
0,POL-958215,2025-05-10 01:50:23.438923,cancellation
0,POL-287370,2025-05-10 03:38:58.345447,claim
0,POL-631606,2025-05-10 05:25:09.431854,cancellation
0,POL-408157,2025-05-10 07:31:13.408864,renewal
0,POL-759963,2025-05-10 07:50:05.092419,cancellation
0,POL-251585,2025-05-10 07:58:31.027329,purchase
0,POL-863555,2025-05-10 10:09:52.657906,purchase
0,POL-810665,2025-05-10 10:11:02.851032,purchase
0,POL-287679,2025-05-10 11:55:07.561444,claim
0,POL-087362,2025-05-10 14:49:55.865385,claim
0,POL-744854,2025-05-10 15:25:36.353390,claim
0,POL-176534,2025-05-10 19:51:00.865085,purchase
0,POL-286439,2025-05-10 20:47:52.174684,claim
0,POL-300549,2025-05-10 21:03:46.668498,cancellation
0,POL-492405,2025-05-10 21:49:49.433071,cancellation
0,POL-072539,2025-05-10 23:37:52.851540,cancellation
0,POL-396453,2025-05-11 00:59:25.572894,claim
0,POL-737600,2025-05-11 10:14:08.096233,cancellation
0,POL-348900,2025-05-11 11:11:17.440703,renewal
0,POL-752408,2025-05-11 11:12:59.123084,purchase
0,POL-999379,2025-05-11 12:39:46.871473,renewal
0,POL-495284,2025-05-11 13:16:21.855825,renewal
0,POL-449748,2025-05-11 14:25:09.404694,purchase
0,POL-635788,2025-05-11 16:00:10.691480,claim
0,POL-177857,2025-05-11 18:07:10.122863,renewal
0,POL-778626,2025-05-11 19:39:16.661428,purchase
0,POL-453268,2025-05-11 19:59:27.957228,cancellation
0,POL-792845,2025-05-11 20:06:46.895224,renewal
0,POL-072899,2025-05-11 20:59:54.454318,claim
0,POL-907509,2025-05-11 22:16:28.407385,cancellation
0,POL-643888,2025-05-11 23:51:01.403307,cancellation
0,POL-273364,2025-05-12 02:47:54.873298,claim
0,POL-838322,2025-05-12 03:36:01.105703,renewal
0,POL-326640,2025-05-12 06:22:33.326514,renewal
0,POL-268295,2025-05-12 06:35:28.641407,cancellation
0,POL-309673,2025-05-12 07:06:50.796298,renewal
0,POL-884798,2025-05-12 07:32:28.355902,purchase
0,POL-698323,2025-05-12 09:03:22.732255,purchase
0,POL-076957,2025-05-12 10:12:53.030300,purchase
0,POL-624377,2025-05-12 14:21:10.708388,purchase
0,POL-583405,2025-05-12 14:26:17.909278,renewal
0,POL-213256,2025-05-12 15:26:53.656328,cancellation
0,POL-390849,2025-05-12 16:52:14.715177,claim
0,POL-009347,2025-05-12 18:54:30.377239,purchase
0,POL-038317,2025-05-12 19:57:18.534856,purchase
0,POL-178145,2025-05-12 20:31:31.724707,claim
0,POL-148457,2025-05-12 21:18:23.685306,renewal
0,POL-289461,2025-05-12 21:44:08.306247,purchase
0,329351,2025-05-12 22:07:46.821025,cancellation
0,POL-305596,2025-05-12 22:35:15.227928,renewal
0,POL-423938,2025-05-12 23:49:22.580492,renewal
0,POL-416354,2025-05-13 00:32:59.051094,purchase
0,POL-594565,2025-05-13 01:51:46.083239,renewal
0,POL-593729,2025-05-13 02:29:59.472562,renewal
0,POL-030965,2025-05-13 03:14:15.745945,claim
0,POL-770606,2025-05-13 07:22:09.773394,cancellation
0,POL-327770,2025-05-13 07:41:10.138548,renewal
0,POL-162881,2025-05-13 10:01:57.624464,purchase
0,POL-835551,2025-05-13 10:50:48.731200,purchase
0,POL-174348,2025-05-13 12:54:28.576706,purchase
0,POL-688902,2025-05-13 13:03:28.473131,cancellation
0,POL-572463,2025-05-13 15:45:23.111041,cancellation
0,POL-933942,2025-05-13 15:46:34.102276,claim
0,POL-950863,2025-05-13 16:07:04.850414,renewal
0,POL-188991,2025-05-13 16:28:07.503508,claim
0,POL-743892,2025-05-13 17:52:02.474719,cancellation
0,POL-363761,2025-05-13 18:06:07.074194,renewal
0,POL-205689,2025-05-13 18:25:47.876636,claim
0,POL-769871,2025-05-13 18:38:56.922006,renewal
0,POL-999964,2025-05-13 19:40:48.691705,cancellation
0,POL-745311,2025-05-13 20:16:46.026816,claim
0,POL-912302,2025-05-13 20:32:10.172966,claim
0,POL-665547,2025-05-13 20:42:10.713298,cancellation
0,POL-239425,2025-05-13 20:57:37.836598,purchase
0,POL-986409,2025-05-13 21:50:16.241879,cancellation
0,POL-729447,2025-05-13 21:55:03.733919,purchase
0,POL-924871,2025-05-13 22:09:12.056850,cancellation
0,POL-501712,2025-05-13 22:35:29.832338,purchase
0,POL-835551,2025-05-13 23:22:05.046367,cancellation
0,POL-911569,2025-05-14 01:46:43.061347,cancellation
0,POL-246681,2025-05-14 02:20:07.983403,cancellation
0,POL-154675,2025-05-14 04:09:11.687304,renewal
0,POL-981674,2025-05-14 04:35:00.827352,purchase
0,POL-863962,2025-05-14 05:01:27.845673,claim
0,POL-729643,2025-05-14 06:06:09.339906,claim
0,POL-900571,2025-05-14 06:18:06.405879,renewal
0,POL-311538,2025-05-14 06:20:49.794974,renewal
0,POL-741185,2025-05-14 06:25:27.221017,claim
0,POL-852101,2025-05-14 09:53:38.329513,purchase
0,POL-037756,2025-05-14 11:05:02.868767,cancellation
0,POL-319896,2025-05-14 14:02:55.697103,claim
0,809521,2025-05-14 14:23:22.282933,renewal
0,POL-591842,2025-05-14 14:44:15.112295,renewal
0,POL-396557,2025-05-14 15:08:41.220161,claim
0,POL-962830,2025-05-14 15:34:32.811395,claim
0,POL-263402,2025-05-14 15:36:36.480331,renewal
0,POL-445712,2025-05-14 15:53:08.046175,cancellation
0,POL-272957,2025-05-14 17:47:45.382868,purchase
0,POL-188813,2025-05-14 17:57:09.633577,renewal
0,364454,2025-05-14 19:41:07.741445,renewal
0,POL-059526,2025-05-14 22:05:45.604062,purchase
0,POL-602620,2025-05-14 23:16:33.483018,purchase
0,POL-232360,2025-05-14 23:24:51.187166,claim
0,POL-332139,2025-05-15 02:00:15.276106,renewal
0,POL-904614,2025-05-15 03:31:11.392277,cancellation
0,POL-746865,2025-05-15 03:42:44.028342,purchase
0,POL-689554,2025-05-15 03:45:03.797313,renewal
0,POL-479307,2025-05-15 04:00:20.917701,renewal
0,POL-697427,2025-05-15 05:39:29.018997,purchase
0,POL-918744,2025-05-15 06:26:53.295572,purchase
0,POL-739692,2025-05-15 07:34:41.802195,cancellation
0,POL-127588,2025-05-15 07:45:05.192152,renewal
0,POL-457693,2025-05-15 07:58:45.791041,renewal
0,POL-250545,2025-05-15 08:42:06.908468,renewal
0,POL-187313,2025-05-15 08:59:59.108597,renewal
0,POL-696666,2025-05-15 09:04:22.061220,cancellation
0,POL-481463,2025-05-15 10:09:57.122663,claim
0,POL-771229,2025-05-15 10:51:21.486623,cancellation
0,POL-060078,2025-05-15 11:45:10.939384,purchase
0,POL-795956,2025-05-15 12:28:06.234294,purchase
0,POL-263511,2025-05-15 13:23:47.931839,renewal
0,POL-595104,2025-05-15 14:07:16.584491,cancellation
0,POL-841689,2025-05-15 14:20:14.166610,claim
0,POL-311538,2025-05-15 19:00:41.596346,cancellation
0,POL-212930,2025-05-15 19:25:16.045295,claim
0,POL-970796,2025-05-15 19:33:11.729561,cancellation
0,POL-270676,2025-05-15 20:19:58.193651,cancellation
0,276101,2025-05-15 21:22:37.124979,cancellation
0,POL-961791,2025-05-15 22:07:37.177572,cancellation
0,POL-063702,2025-05-15 22:26:24.237245,claim
0,POL-567048,2025-05-15 23:02:36.932359,claim
0,POL-178974,2025-05-15 23:28:22.596273,claim
0,POL-549641,2025-05-16 00:39:09.721132,purchase
0,POL-724375,2025-05-16 01:16:53.551568,renewal
0,POL-203584,2025-05-16 01:47:38.943417,renewal
0,POL-413043,2025-05-16 02:01:43.984016,purchase
0,POL-808924,2025-05-16 02:50:17.026267,cancellation
0,POL-880214,2025-05-16 07:05:02.031032,purchase
0,POL-262405,2025-05-16 07:37:20.320036,purchase
0,POL-322546,2025-05-16 08:13:37.955729,purchase
0,POL-323292,2025-05-16 09:11:12.331031,renewal
0,POL-254407,2025-05-16 11:24:28.548568,purchase
0,POL-311893,2025-05-16 13:38:43.084391,renewal
0,POL-605737,2025-05-16 14:55:00.750079,purchase
0,POL-165131,2025-05-16 19:04:20.772267,cancellation
0,POL-759241,2025-05-16 19:08:06.770456,purchase
0,POL-479349,2025-05-16 19:44:57.192851,claim
0,POL-369349,2025-05-16 20:32:40.963142,cancellation
0,POL-276187,2025-05-16 22:29:08.895684,renewal
0,POL-714810,2025-05-17 00:26:18.108340,renewal
0,POL-390036,2025-05-17 02:56:06.328579,renewal
0,POL-545426,2025-05-17 04:29:38.547512,purchase
0,POL-985631,2025-05-17 04:44:28.783242,claim
0,POL-478653,2025-05-17 06:26:55.324309,cancellation
0,POL-125521,2025-05-17 06:41:48.732381,cancellation
0,POL-811107,2025-05-17 08:33:34.615118,claim
0,POL-789457,2025-05-17 08:41:03.439125,claim
0,POL-299249,2025-05-17 09:20:50.512559,purchase
0,POL-486815,2025-05-17 10:20:23.941598,cancellation
0,POL-194003,2025-05-17 10:21:10.670131,claim
0,POL-036176,2025-05-17 11:48:27.680171,purchase
0,POL-877812,2025-05-17 12:12:54.950391,cancellation
0,POL-931232,2025-05-17 12:30:58.989656,claim
0,POL-072899,2025-05-17 13:28:04.899179,claim
0,POL-534552,2025-05-17 13:45:55.003629,purchase
0,POL-628431,2025-05-17 16:36:52.696390,cancellation
0,POL-383604,2025-05-17 16:47:33.582602,purchase
0,POL-632868,2025-05-17 17:18:04.440942,purchase
0,POL-450414,2025-05-17 17:30:17.096887,claim
0,POL-671594,2025-05-17 18:29:55.925007,claim
0,POL-261551,2025-05-17 20:53:07.714007,renewal
0,POL-055210,2025-05-17 22:52:20.096135,purchase
0,POL-460288,2025-05-17 23:04:48.239857,renewal
0,POL-690208,2025-05-17 23:06:09.053507,claim
0,POL-076888,2025-05-17 23:18:39.288206,cancellation
0,POL-453268,2025-05-18 01:06:04.925292,cancellation
0,POL-948001,2025-05-18 02:06:57.608632,renewal
0,POL-198500,2025-05-18 02:55:51.754031,renewal
0,POL-003428,2025-05-18 03:38:10.914377,claim
0,POL-268380,2025-05-18 03:38:32.494940,renewal
0,POL-306788,2025-05-18 04:59:03.237015,renewal
0,POL-670910,2025-05-18 06:18:55.391581,purchase
0,POL-798017,2025-05-18 09:09:06.731558,purchase
0,POL-159143,2025-05-18 10:43:07.264086,claim
0,POL-338347,2025-05-18 11:28:54.146365,claim
0,POL-172394,2025-05-18 12:00:06.623382,cancellation
0,POL-311893,2025-05-18 14:07:30.287872,purchase
0,POL-458172,2025-05-18 15:12:22.554456,renewal
0,POL-351100,2025-05-18 17:04:56.992075,renewal
0,POL-173486,2025-05-18 18:33:50.361141,renewal
0,POL-032391,2025-05-18 18:51:48.215580,renewal
0,POL-651012,2025-05-18 19:55:14.288558,purchase
0,POL-859144,2025-05-18 20:10:42.739515,claim
0,POL-010131,2025-05-18 21:13:18.916284,claim
0,POL-774143,2025-05-19 01:24:01.262847,cancellation
0,POL-171922,2025-05-19 01:38:47.444102,claim
0,POL-551438,2025-05-19 01:49:03.922717,renewal
0,POL-799073,2025-05-19 02:17:56.432440,renewal
0,POL-178833,2025-05-19 02:55:04.183879,cancellation
0,POL-713082,2025-05-19 03:27:24.236887,renewal
0,POL-817526,2025-05-19 04:11:57.913340,purchase
0,POL-098357,2025-05-19 05:22:44.653694,renewal
0,POL-956302,2025-05-19 05:57:15.363281,purchase
0,POL-390847,2025-05-19 06:13:07.328302,claim
0,POL-819598,2025-05-19 06:18:06.257472,renewal
0,POL-381053,2025-05-19 07:00:16.911511,purchase
0,POL-325038,2025-05-19 07:35:02.861439,cancellation
0,POL-398941,2025-05-19 07:58:58.364318,renewal
0,329351,2025-05-19 11:57:12.528859,renewal
0,POL-115932,2025-05-19 16:58:25.215372,renewal
0,POL-135418,2025-05-19 17:16:55.299132,purchase
0,POL-764212,2025-05-19 18:09:40.307619,purchase
0,POL-287370,2025-05-19 20:14:53.544282,cancellation
0,POL-374073,2025-05-19 20:34:17.314875,claim
0,POL-814166,2025-05-19 20:51:39.901462,renewal
0,514494,2025-05-20 00:03:55.115120,renewal
0,POL-702034,2025-05-20 00:27:20.735185,renewal
0,071388,2025-05-20 07:01:16.418376,claim
0,POL-160396,2025-05-20 07:59:15.320422,renewal
0,POL-420752,2025-05-20 08:51:03.277632,cancellation
0,POL-905125,2025-05-20 09:36:47.376384,claim
0,POL-901042,2025-05-20 13:22:44.330350,cancellation
0,POL-224124,2025-05-20 14:36:55.603251,renewal
0,POL-411797,2025-05-20 15:08:21.845932,claim
0,POL-064572,2025-05-20 15:10:54.015447,claim
0,POL-804524,2025-05-20 15:20:04.480581,cancellation
0,POL-132456,2025-05-20 18:46:39.492688,renewal
0,POL-078968,2025-05-20 19:03:44.068289,claim
0,POL-268018,2025-05-20 19:27:13.955585,renewal
0,POL-111523,2025-05-20 20:12:11.927264,renewal
0,POL-320075,2025-05-20 23:18:37.496539,renewal
0,POL-279933,2025-05-20 23:51:43.491667,renewal
0,POL-450688,2025-05-21 00:57:53.610394,renewal
0,POL-517604,2025-05-21 02:39:53.921710,cancellation
0,POL-798781,2025-05-21 03:23:33.367366,purchase
0,POL-227135,2025-05-21 06:20:21.295187,cancellation
0,POL-170796,2025-05-21 07:37:34.990258,claim
0,POL-790676,2025-05-21 08:45:26.963809,cancellation
0,POL-146080,2025-05-21 10:33:40.970658,purchase
0,POL-928404,2025-05-21 12:52:48.747765,claim
0,POL-087929,2025-05-21 15:15:20.415753,cancellation
0,POL-203642,2025-05-21 17:44:59.520531,cancellation
0,POL-300632,2025-05-21 17:50:01.319396,purchase
0,POL-881607,2025-05-21 18:17:02.941579,cancellation
0,POL-802660,2025-05-21 19:39:38.419078,purchase
0,POL-614731,2025-05-21 19:56:12.441589,claim
0,POL-104809,2025-05-21 20:53:56.493869,renewal
0,POL-016004,2025-05-21 23:20:33.801399,claim
0,POL-558415,2025-05-22 01:16:11.684705,renewal
0,POL-163232,2025-05-22 01:23:34.090308,cancellation
0,POL-765713,2025-05-22 03:38:22.300927,claim
0,POL-523658,2025-05-22 03:46:51.575136,renewal
0,POL-059289,2025-05-22 05:41:33.715268,claim
0,POL-783211,2025-05-22 06:51:00.554575,claim
0,POL-552600,2025-05-22 07:25:36.172208,purchase
0,POL-931342,2025-05-22 09:10:12.294351,purchase
0,POL-968209,2025-05-22 10:14:31.680402,cancellation
0,POL-898304,2025-05-22 10:27:34.943612,renewal
0,POL-140808,2025-05-22 10:28:33.748418,renewal
0,POL-690981,2025-05-22 11:06:20.498704,purchase
0,POL-066219,2025-05-22 11:46:03.946140,purchase
0,POL-741285,2025-05-22 11:52:44.856958,cancellation
0,POL-218159,2025-05-22 12:58:06.583387,purchase
0,POL-684812,2025-05-22 13:33:35.490888,claim
0,POL-799073,2025-05-22 15:16:24.812897,claim
0,POL-275898,2025-05-22 17:05:12.509724,purchase
0,POL-394383,2025-05-22 17:08:22.851618,cancellation
0,POL-872807,2025-05-22 18:06:04.533870,cancellation
0,POL-684986,2025-05-22 19:03:48.072383,renewal
0,POL-375916,2025-05-22 20:54:06.612973,purchase
0,POL-452740,2025-05-22 23:32:07.112148,cancellation
0,POL-526679,2025-05-22 23:38:59.487235,claim
0,POL-874029,2025-05-22 23:46:03.247499,claim
0,POL-024668,2025-05-23 03:19:21.435567,claim
0,POL-664976,2025-05-23 03:52:50.086201,purchase
0,POL-953022,2025-05-23 04:15:57.180665,cancellation
0,POL-090446,2025-05-23 05:06:26.991612,cancellation
0,POL-961539,2025-05-23 05:51:33.667982,purchase
0,POL-715336,2025-05-23 08:31:11.921048,claim
0,POL-936521,2025-05-23 08:35:05.545177,cancellation
0,POL-821987,2025-05-23 08:45:21.895168,claim
0,POL-719253,2025-05-23 09:00:42.723072,claim
0,POL-587698,2025-05-23 11:40:47.852836,purchase
0,POL-988613,2025-05-23 12:26:50.396932,purchase
0,POL-540835,2025-05-23 12:43:55.421826,claim
0,POL-153521,2025-05-23 12:44:03.751664,cancellation
0,POL-005235,2025-05-23 14:17:50.349119,renewal
0,POL-936521,2025-05-23 14:27:55.937717,cancellation
0,POL-855668,2025-05-23 14:56:58.221307,cancellation
0,POL-002758,2025-05-23 15:05:46.747412,claim
0,POL-015184,2025-05-23 15:35:04.217345,cancellation
0,POL-074652,2025-05-23 16:48:22.179392,claim
0,POL-371367,2025-05-23 19:59:01.016321,claim
0,POL-953135,2025-05-23 20:32:51.079092,cancellation
0,POL-768214,2025-05-23 21:57:42.762410,claim
0,POL-664082,2025-05-23 22:02:17.292971,claim
0,POL-658912,2025-05-23 22:41:06.169591,purchase
0,POL-948729,2025-05-23 23:33:16.390074,purchase
0,POL-919884,2025-05-23 23:58:15.271245,renewal
0,POL-874744,2025-05-24 01:03:44.059094,cancellation
0,730859,2025-05-24 01:07:11.711581,purchase
0,POL-839167,2025-05-24 03:42:23.816246,renewal
0,POL-560608,2025-05-24 03:51:23.598737,cancellation
0,POL-858629,2025-05-24 03:59:51.918721,renewal
0,POL-660418,2025-05-24 05:27:08.831652,purchase
0,POL-466920,2025-05-24 09:35:08.013084,renewal
0,POL-497626,2025-05-24 10:18:16.217360,cancellation
0,POL-967896,2025-05-24 10:28:22.300850,purchase
0,POL-804014,2025-05-24 12:23:06.951747,cancellation
0,POL-744075,2025-05-24 13:38:19.325117,cancellation
0,POL-242153,2025-05-24 14:38:10.006991,renewal
0,POL-077915,2025-05-24 15:12:59.464602,cancellation
0,POL-320425,2025-05-24 15:48:55.592144,renewal
0,POL-566263,2025-05-24 15:57:27.493281,renewal
0,POL-666657,2025-05-24 17:15:50.263329,cancellation
0,POL-283947,2025-05-24 18:06:35.118539,claim
0,POL-965286,2025-05-24 19:42:39.108561,cancellation
0,POL-481029,2025-05-24 19:49:08.742060,cancellation
0,POL-092755,2025-05-24 20:19:30.175405,claim
0,POL-099990,2025-05-24 20:49:00.671689,purchase
0,POL-642808,2025-05-24 22:24:01.161535,cancellation
0,POL-300549,2025-05-24 23:24:27.569347,claim
0,POL-899207,2025-05-25 00:30:36.394555,renewal
0,POL-220815,2025-05-25 01:48:52.532642,claim
0,POL-125379,2025-05-25 02:49:02.450572,cancellation
0,POL-694392,2025-05-25 02:55:18.608234,claim
0,POL-279172,2025-05-25 03:05:01.951493,renewal
0,POL-459317,2025-05-25 03:31:39.784407,cancellation
0,POL-014176,2025-05-25 03:44:17.224275,renewal
0,POL-493707,2025-05-25 08:05:20.111295,claim
0,315402,2025-05-25 09:11:48.822220,renewal
0,POL-057374,2025-05-25 10:02:35.513131,claim
0,POL-294256,2025-05-25 10:44:41.825131,renewal
0,POL-276384,2025-05-25 15:47:44.007619,claim
0,POL-325734,2025-05-25 16:54:49.053471,claim
0,POL-638707,2025-05-25 16:56:00.292565,renewal
0,POL-934371,2025-05-25 17:01:05.326482,purchase
0,POL-905782,2025-05-25 17:05:56.507414,claim
0,POL-574511,2025-05-25 17:16:14.909344,cancellation
0,POL-783378,2025-05-25 17:20:21.140717,purchase
0,POL-171695,2025-05-25 17:20:36.831843,cancellation
0,POL-202230,2025-05-25 17:47:47.663610,purchase
0,POL-680241,2025-05-25 18:00:39.353375,purchase
0,POL-146943,2025-05-25 20:07:58.872348,renewal
0,POL-075080,2025-05-25 20:27:45.439574,claim
0,POL-828029,2025-05-25 21:03:49.555334,purchase
0,POL-899207,2025-05-26 01:15:52.547325,claim
0,POL-037756,2025-05-26 01:52:10.770704,claim
0,POL-952052,2025-05-26 02:02:44.949762,cancellation
0,POL-610078,2025-05-26 02:09:17.073714,purchase
0,POL-057863,2025-05-26 02:11:20.827577,purchase
0,POL-390496,2025-05-26 03:07:50.706918,purchase
0,POL-371367,2025-05-26 05:01:43.931399,renewal
0,POL-899207,2025-05-26 05:59:09.740129,renewal
0,POL-171005,2025-05-26 09:32:06.437463,cancellation
0,POL-423243,2025-05-26 12:22:30.248736,claim
0,POL-664794,2025-05-26 12:22:43.991732,renewal
0,POL-237581,2025-05-26 12:23:27.994317,purchase
0,POL-750188,2025-05-26 15:23:58.682595,cancellation
0,POL-832570,2025-05-26 16:19:40.249651,claim
0,POL-921793,2025-05-26 16:34:34.697835,purchase
0,POL-298283,2025-05-26 16:59:54.078741,purchase
0,POL-244895,2025-05-26 17:49:13.286266,cancellation
0,POL-073960,2025-05-26 18:24:52.091721,renewal
0,POL-621471,2025-05-26 19:57:13.193800,claim
0,POL-043256,2025-05-26 21:32:40.393726,cancellation
0,POL-289623,2025-05-27 00:56:56.202196,claim
0,POL-563252,2025-05-27 02:51:11.124274,claim
0,POL-780274,2025-05-27 03:40:35.822676,claim
0,POL-911668,2025-05-27 04:50:14.781083,purchase
0,POL-338867,2025-05-27 07:05:46.269205,claim
0,POL-925958,2025-05-27 07:52:56.478297,claim
0,POL-477701,2025-05-27 08:54:26.548955,cancellation
0,POL-624377,2025-05-27 08:59:52.367367,cancellation
0,POL-052415,2025-05-27 10:19:23.418822,cancellation
0,POL-238803,2025-05-27 10:47:47.261700,renewal
0,POL-865310,2025-05-27 12:27:49.339609,purchase
0,POL-031765,2025-05-27 12:36:51.738562,renewal
0,POL-188566,2025-05-27 14:54:59.034460,cancellation
0,POL-552900,2025-05-27 15:31:00.788669,claim
0,POL-783308,2025-05-27 15:56:18.878012,purchase
0,POL-217534,2025-05-27 16:48:18.452987,purchase
0,POL-365882,2025-05-27 17:37:58.777624,purchase
0,POL-336698,2025-05-27 18:32:09.310725,cancellation
0,POL-088921,2025-05-27 18:45:05.570898,purchase
0,POL-912302,2025-05-27 19:37:44.659729,renewal
0,POL-318411,2025-05-27 19:59:19.117539,cancellation
0,POL-146796,2025-05-27 20:10:44.189498,renewal
0,POL-950403,2025-05-27 20:56:47.334417,cancellation
0,POL-446908,2025-05-27 22:12:06.554977,claim
0,POL-845964,2025-05-28 00:05:34.643629,claim
0,POL-286744,2025-05-28 03:34:56.865078,cancellation
0,POL-170796,2025-05-28 03:42:54.566595,renewal
0,POL-378880,2025-05-28 05:36:05.596638,cancellation
0,POL-923484,2025-05-28 07:33:52.415156,cancellation
0,POL-429602,2025-05-28 07:56:00.234324,claim
0,POL-128811,2025-05-28 07:58:17.567048,purchase
0,POL-863916,2025-05-28 08:55:53.092605,cancellation
0,POL-834075,2025-05-28 12:18:30.972439,renewal
0,POL-228370,2025-05-28 13:40:41.678454,claim
0,POL-579982,2025-05-28 13:58:44.771008,cancellation
0,POL-249227,2025-05-28 16:54:56.762226,renewal
0,POL-741185,2025-05-28 18:54:26.898099,cancellation
0,POL-120570,2025-05-28 20:07:43.902550,claim
0,POL-945873,2025-05-28 20:48:33.606861,claim
0,POL-932194,2025-05-28 21:58:12.856616,purchase
0,POL-672409,2025-05-28 23:41:37.477706,renewal
0,POL-590582,2025-05-29 01:05:48.082175,claim
0,POL-062277,2025-05-29 04:07:20.212757,purchase
0,POL-017311,2025-05-29 04:50:36.759245,purchase
0,POL-481188,2025-05-29 05:29:22.445859,renewal
0,POL-118461,2025-05-29 05:40:31.114697,renewal
0,POL-593388,2025-05-29 06:13:12.378044,renewal
0,POL-205689,2025-05-29 06:19:12.946741,renewal
0,POL-779513,2025-05-29 08:14:44.933490,claim
0,POL-114671,2025-05-29 08:49:00.793240,cancellation
0,POL-377617,2025-05-29 08:52:15.079739,renewal
0,POL-500099,2025-05-29 09:20:11.436723,purchase
0,POL-690614,2025-05-29 10:54:01.408181,purchase
0,POL-378235,2025-05-29 11:43:43.977436,renewal
0,POL-584809,2025-05-29 11:53:26.659900,renewal
0,POL-019382,2025-05-29 12:14:00.363657,renewal
0,POL-968209,2025-05-29 12:50:43.759588,renewal
0,POL-126087,2025-05-29 13:11:30.222595,cancellation
0,POL-709228,2025-05-29 13:13:52.243337,renewal
0,POL-694252,2025-05-29 13:22:09.229524,cancellation
0,POL-320425,2025-05-29 14:02:31.422255,renewal
0,POL-291895,2025-05-29 15:43:50.302880,cancellation
0,POL-268380,2025-05-29 16:10:47.761928,cancellation
0,POL-932194,2025-05-29 18:11:18.409853,purchase
0,POL-821694,2025-05-29 18:43:41.378470,purchase
0,POL-859945,2025-05-29 20:44:36.903229,claim
0,POL-577251,2025-05-29 21:11:25.324004,claim
0,POL-610245,2025-05-29 23:07:32.547706,claim
0,POL-287662,2025-05-29 23:39:24.030959,cancellation
0,POL-540835,2025-05-29 23:58:27.770496,renewal
0,POL-074833,2025-05-30 01:41:43.972370,purchase
0,POL-965286,2025-05-30 02:03:20.911861,purchase
0,POL-939643,2025-05-30 02:11:41.426757,cancellation
0,POL-162272,2025-05-30 03:24:12.302444,purchase
0,POL-619414,2025-05-30 05:44:49.143293,renewal
0,POL-530613,2025-05-30 06:59:22.848283,purchase
0,POL-151157,2025-05-30 07:38:18.945458,purchase
0,POL-960573,2025-05-30 09:10:36.779329,cancellation
0,POL-512263,2025-05-30 10:36:13.524956,purchase
0,POL-651522,2025-05-30 11:30:51.979396,renewal
0,POL-321193,2025-05-30 12:59:52.888767,cancellation
0,POL-780465,2025-05-30 13:17:59.768892,purchase
0,POL-628431,2025-05-30 14:05:46.050534,cancellation
0,POL-252253,2025-05-30 14:10:47.415421,purchase
0,POL-398894,2025-05-30 14:24:19.697560,cancellation
0,POL-301221,2025-05-30 14:27:39.539937,purchase
0,POL-590461,2025-05-30 14:44:58.184704,cancellation
0,POL-483528,2025-05-30 15:19:44.031477,cancellation
0,POL-138720,2025-05-30 16:52:12.197746,renewal
0,POL-761984,2025-05-30 17:19:18.517687,claim
0,POL-351789,2025-05-30 17:57:06.896031,purchase
0,POL-240550,2025-05-30 18:16:39.161586,renewal
0,POL-529834,2025-05-30 18:51:42.793076,claim
0,POL-403884,2025-05-30 23:22:17.147490,claim
0,POL-017425,2025-05-31 00:43:43.498465,purchase
0,POL-334711,2025-05-31 02:36:51.617072,purchase
0,POL-022480,2025-05-31 02:45:22.829726,purchase
0,POL-275898,2025-05-31 04:11:37.735954,claim
0,POL-840121,2025-05-31 04:57:01.930443,claim
0,POL-845964,2025-05-31 06:16:50.496537,purchase
0,POL-925958,2025-05-31 08:57:21.258306,purchase
0,POL-155658,2025-05-31 09:14:38.467868,claim
0,POL-956953,2025-05-31 09:52:11.950577,renewal
0,POL-732779,2025-05-31 11:27:15.195246,purchase
0,POL-890710,2025-05-31 11:28:42.768849,cancellation
0,POL-902442,2025-05-31 11:30:17.575750,cancellation
0,POL-628230,2025-05-31 11:31:05.910310,purchase
0,POL-657278,2025-05-31 12:12:39.609303,cancellation
0,POL-877949,2025-05-31 12:18:55.825406,claim
0,POL-819543,2025-05-31 12:53:09.250605,claim
0,POL-837033,2025-05-31 13:56:37.030894,claim
0,POL-362464,2025-05-31 14:19:22.741428,purchase
0,POL-198309,2025-05-31 17:21:35.578535,claim
0,POL-802825,2025-05-31 18:11:15.023436,renewal
0,POL-863916,2025-05-31 18:13:37.293406,renewal
0,POL-280649,2025-05-31 18:53:53.421769,claim
0,POL-414657,2025-05-31 19:35:52.350706,cancellation
0,POL-980000,2025-05-31 19:38:46.127373,cancellation
0,POL-928499,2025-05-31 19:45:49.592963,renewal
0,POL-931646,2025-05-31 21:30:44.430833,cancellation
0,POL-651058,2025-05-31 21:50:25.195382,purchase
0,POL-312100,2025-05-31 23:12:37.050735,purchase
0,POL-813820,2025-05-31 23:42:52.766935,purchase
0,POL-051015,2025-06-01 00:16:45.347097,renewal
0,POL-931773,2025-06-01 01:58:26.538743,claim
0,POL-653181,2025-06-01 05:58:45.369376,purchase
0,POL-207501,2025-06-01 06:41:24.075573,purchase
0,POL-181669,2025-06-01 07:00:58.686846,purchase
0,POL-456451,2025-06-01 09:04:47.540706,renewal
0,POL-053406,2025-06-01 09:41:43.629412,purchase
0,POL-284634,2025-06-01 10:25:16.652707,claim
0,POL-050035,2025-06-01 10:49:01.365464,cancellation
0,POL-763537,2025-06-01 11:58:17.972426,purchase
0,POL-163707,2025-06-01 12:36:21.505221,purchase
0,POL-045240,2025-06-01 12:56:03.091903,purchase
0,POL-012811,2025-06-01 13:51:34.737953,cancellation
0,POL-624377,2025-06-01 14:19:57.518314,claim
0,POL-283382,2025-06-01 14:33:45.746979,renewal
0,POL-309336,2025-06-01 16:30:29.998671,purchase
0,POL-975181,2025-06-01 16:32:37.925614,renewal
0,POL-401753,2025-06-01 16:32:59.279332,purchase
0,POL-690208,2025-06-01 16:55:16.459695,cancellation
0,POL-108340,2025-06-01 17:28:39.992926,claim
0,816230,2025-06-01 18:19:37.131519,purchase
0,POL-190001,2025-06-01 19:07:29.363991,claim
0,POL-995949,2025-06-01 21:38:16.941647,claim
0,POL-875123,2025-06-02 00:02:06.277483,cancellation
0,543987,2025-06-02 00:44:32.919896,cancellation
0,POL-101613,2025-06-02 00:50:31.607642,claim
0,POL-851014,2025-06-02 03:07:05.158709,claim
0,POL-595633,2025-06-02 03:40:03.611526,claim
0,POL-300549,2025-06-02 03:41:02.760407,cancellation
0,POL-377523,2025-06-02 05:03:54.277900,claim
0,POL-226715,2025-06-02 05:49:19.403224,cancellation
0,POL-939463,2025-06-02 06:28:19.961817,claim
0,POL-668550,2025-06-02 07:37:24.115821,purchase
0,POL-365260,2025-06-02 09:43:08.051694,claim
0,POL-485636,2025-06-02 10:45:49.273565,renewal
0,POL-931646,2025-06-02 11:38:56.964483,purchase
0,POL-665468,2025-06-02 12:28:58.377853,purchase
0,POL-680061,2025-06-02 14:38:24.965307,claim
0,POL-329838,2025-06-02 15:41:58.028110,claim
0,POL-124377,2025-06-02 16:02:42.568593,claim
0,POL-540722,2025-06-02 17:15:03.041281,claim
0,POL-849099,2025-06-02 17:41:05.069563,claim
0,POL-953364,2025-06-02 17:45:07.293372,claim
0,POL-990250,2025-06-02 19:11:56.835035,renewal
0,POL-465225,2025-06-02 19:16:39.346460,claim
0,POL-931200,2025-06-02 20:17:42.214722,purchase
0,POL-276962,2025-06-02 20:46:35.243875,purchase
0,POL-997298,2025-06-02 20:48:08.400204,purchase
0,POL-814673,2025-06-02 21:07:30.627076,purchase
0,POL-709228,2025-06-02 21:11:32.041276,cancellation
0,POL-173892,2025-06-02 21:19:24.978292,renewal
0,POL-578823,2025-06-02 23:59:03.127846,claim
0,POL-112852,2025-06-03 00:04:48.396407,cancellation
0,POL-390847,2025-06-03 03:36:06.263050,purchase
0,POL-976840,2025-06-03 04:14:14.490096,cancellation
0,POL-278460,2025-06-03 04:21:48.322384,purchase
0,POL-078992,2025-06-03 04:27:44.077537,cancellation
0,POL-727325,2025-06-03 04:37:05.459680,claim
0,POL-337888,2025-06-03 04:41:37.857728,renewal
0,209500,2025-06-03 08:27:50.393235,purchase
0,POL-646368,2025-06-03 10:00:54.401447,claim
0,POL-394639,2025-06-03 11:31:50.867255,renewal
0,POL-060703,2025-06-03 11:43:27.284809,claim
0,POL-909658,2025-06-03 12:02:49.487164,claim
0,POL-371259,2025-06-03 15:03:41.260962,cancellation
0,POL-071243,2025-06-03 16:13:12.454650,purchase
0,POL-984370,2025-06-03 18:03:53.349913,cancellation
0,POL-993931,2025-06-03 21:51:58.881573,claim
0,POL-120407,2025-06-03 22:19:06.785853,purchase
0,POL-492338,2025-06-03 23:15:25.909326,cancellation
0,POL-267035,2025-06-03 23:19:09.092871,renewal
0,POL-150563,2025-06-04 00:22:49.205754,claim
0,POL-095310,2025-06-04 00:37:42.220258,claim
0,POL-978757,2025-06-04 01:02:43.851741,claim
0,POL-832312,2025-06-04 04:18:44.465066,claim
0,POL-664415,2025-06-04 04:35:43.249616,cancellation
0,POL-761074,2025-06-04 04:53:48.995634,cancellation
0,POL-213259,2025-06-04 05:03:28.171906,claim
0,POL-684616,2025-06-04 05:17:22.573957,cancellation
0,POL-408873,2025-06-04 05:28:44.650564,claim
0,POL-230492,2025-06-04 05:50:32.077342,claim
0,POL-518644,2025-06-04 06:19:23.149442,cancellation
0,POL-958481,2025-06-04 06:33:48.026697,cancellation
0,POL-209128,2025-06-04 07:38:10.745033,renewal
0,POL-162872,2025-06-04 09:51:24.065640,claim
0,POL-178833,2025-06-04 12:31:38.457471,claim
0,POL-389957,2025-06-04 14:09:02.211390,claim
0,POL-249650,2025-06-04 14:41:33.621050,claim
0,POL-809473,2025-06-04 15:05:03.090562,claim
0,POL-479116,2025-06-04 15:18:38.394512,claim
0,POL-931232,2025-06-04 19:44:55.392760,renewal
0,POL-408256,2025-06-04 21:00:05.970492,purchase
0,POL-629638,2025-06-04 21:59:43.136885,renewal
0,POL-087562,2025-06-04 22:12:32.513467,cancellation
0,POL-976908,2025-06-05 00:25:23.840715,cancellation
0,POL-759625,2025-06-05 01:21:14.921898,renewal
0,POL-485636,2025-06-05 03:27:19.303853,cancellation
0,POL-166256,2025-06-05 04:20:29.332569,renewal
0,POL-413170,2025-06-05 04:48:48.393826,renewal
0,POL-308883,2025-06-05 05:41:23.779449,purchase
0,POL-562154,2025-06-05 06:04:42.524961,cancellation
0,POL-268063,2025-06-05 06:37:28.027008,claim
0,POL-748094,2025-06-05 09:12:24.090430,cancellation
0,POL-987914,2025-06-05 09:33:47.084872,cancellation
0,POL-769881,2025-06-05 09:52:21.957370,purchase
0,POL-423746,2025-06-05 10:54:15.105296,claim
0,POL-616343,2025-06-05 12:08:05.456383,cancellation
0,POL-427166,2025-06-05 12:10:55.753544,claim
0,POL-813406,2025-06-05 12:33:25.021710,cancellation
0,POL-617375,2025-06-05 13:58:06.488487,cancellation
0,POL-789407,2025-06-05 19:13:56.332452,cancellation
0,POL-325545,2025-06-05 19:40:50.449266,purchase
0,POL-308182,2025-06-05 21:34:07.142982,purchase
0,POL-844036,2025-06-06 01:58:42.327098,purchase
0,POL-911569,2025-06-06 05:51:06.163608,renewal
0,POL-327247,2025-06-06 06:19:53.108333,renewal
0,POL-171695,2025-06-06 09:07:17.272527,purchase
0,POL-271520,2025-06-06 09:33:07.263867,claim
0,POL-874535,2025-06-06 12:42:13.986609,claim
0,POL-674039,2025-06-06 14:22:03.212039,renewal
0,POL-965684,2025-06-06 14:53:57.438555,purchase
0,POL-078535,2025-06-06 16:36:58.592993,renewal
0,POL-713618,2025-06-06 17:17:23.118171,renewal
0,POL-093112,2025-06-06 19:04:15.287117,renewal
0,POL-045240,2025-06-06 19:54:27.057560,cancellation
0,POL-197653,2025-06-06 20:24:52.189100,claim
0,POL-783931,2025-06-06 20:34:12.432615,purchase
0,POL-124972,2025-06-06 20:51:26.304461,purchase
0,POL-778469,2025-06-06 21:15:24.777832,cancellation
0,POL-483811,2025-06-06 21:36:26.423172,claim
0,POL-101613,2025-06-06 23:11:08.494638,claim
0,POL-659433,2025-06-07 00:06:30.844918,cancellation
0,POL-860888,2025-06-07 00:19:35.171330,claim
0,POL-398156,2025-06-07 00:30:46.918014,purchase
0,POL-154439,2025-06-07 01:51:12.187167,claim
0,POL-653315,2025-06-07 02:44:00.639352,renewal
0,POL-427750,2025-06-07 03:36:15.924185,renewal
0,POL-027576,2025-06-07 03:46:46.202936,claim
0,POL-474470,2025-06-07 04:43:34.480185,cancellation
0,POL-079726,2025-06-07 08:10:30.766569,cancellation
0,POL-371367,2025-06-07 09:12:50.515699,purchase
0,POL-798761,2025-06-07 10:24:14.490201,purchase
0,POL-270770,2025-06-07 11:44:04.069714,purchase
0,POL-077318,2025-06-07 12:05:55.369961,claim
0,POL-150109,2025-06-07 12:58:00.269722,claim
0,POL-821258,2025-06-07 13:32:32.026729,renewal
0,POL-094212,2025-06-07 13:33:56.292295,purchase
0,POL-863916,2025-06-07 14:14:44.958407,claim
0,369851,2025-06-07 15:03:17.850605,claim
0,POL-867152,2025-06-07 15:29:19.271501,purchase
0,POL-919113,2025-06-07 16:09:54.729840,cancellation
0,POL-560210,2025-06-07 16:14:32.454582,claim
0,POL-580262,2025-06-07 16:52:31.340859,renewal
0,POL-583154,2025-06-07 17:10:20.811585,renewal
0,POL-579518,2025-06-07 17:27:25.264251,purchase
0,POL-379806,2025-06-07 18:41:25.659719,claim
0,POL-662337,2025-06-07 19:00:12.904651,claim
0,POL-888277,2025-06-07 20:58:35.902974,purchase
0,POL-566073,2025-06-07 21:20:03.928460,renewal
0,POL-031765,2025-06-07 22:03:07.005180,purchase
0,POL-601287,2025-06-07 23:08:56.764269,renewal
0,POL-364276,2025-06-08 02:03:59.382892,cancellation
0,162141,2025-06-08 03:31:26.378332,purchase
0,POL-452740,2025-06-08 03:49:40.415308,renewal
0,POL-987859,2025-06-08 04:10:57.100142,cancellation
0,POL-053945,2025-06-08 04:30:44.187260,purchase
0,POL-300549,2025-06-08 06:52:37.768900,cancellation
0,POL-419814,2025-06-08 07:30:52.182628,cancellation
0,POL-948729,2025-06-08 11:47:25.339082,cancellation
0,POL-945320,2025-06-08 12:15:43.177011,cancellation
0,POL-188994,2025-06-08 13:03:24.849140,renewal
0,POL-009845,2025-06-08 13:06:03.806046,renewal
0,POL-321068,2025-06-08 13:27:08.181441,purchase
0,POL-180094,2025-06-08 13:29:19.591292,renewal
0,POL-661575,2025-06-08 14:07:52.699694,renewal
0,POL-815501,2025-06-08 15:30:36.184576,renewal
0,POL-687236,2025-06-08 16:04:07.038334,cancellation
0,POL-523993,2025-06-08 16:37:43.830046,cancellation
0,POL-925197,2025-06-08 19:43:31.827033,renewal
0,POL-516504,2025-06-08 23:05:42.267341,claim
0,POL-344822,2025-06-08 23:08:16.039672,claim
0,POL-381977,2025-06-08 23:08:24.061207,purchase
0,POL-454109,2025-06-09 02:07:08.330203,renewal
0,POL-090098,2025-06-09 02:17:34.648053,renewal
0,POL-664415,2025-06-09 03:20:39.452684,cancellation
0,POL-363999,2025-06-09 04:40:57.798643,claim
0,POL-985782,2025-06-09 06:13:04.925589,cancellation
0,POL-051633,2025-06-09 06:48:14.915998,renewal
0,POL-293028,2025-06-09 09:11:03.647322,purchase
0,POL-491248,2025-06-09 11:13:28.976301,cancellation
0,POL-925376,2025-06-09 13:47:38.117739,purchase
0,POL-374294,2025-06-09 15:02:43.963303,purchase
0,POL-888175,2025-06-09 15:09:13.913355,claim
0,POL-050478,2025-06-09 16:27:01.155172,renewal
0,POL-204356,2025-06-09 18:05:12.140990,cancellation
0,POL-123216,2025-06-09 19:00:15.493237,purchase
0,POL-423392,2025-06-09 20:13:53.604449,claim
0,POL-885699,2025-06-09 21:57:29.338330,cancellation
0,POL-714754,2025-06-10 01:23:24.282170,cancellation
0,POL-742465,2025-06-10 02:12:29.866217,purchase
0,POL-713629,2025-06-10 04:15:43.343538,renewal
0,POL-643843,2025-06-10 04:23:44.668153,cancellation
0,POL-714810,2025-06-10 07:22:04.303076,renewal
0,POL-861976,2025-06-10 08:24:45.813984,cancellation
0,POL-935764,2025-06-10 08:25:30.435896,purchase
0,POL-627770,2025-06-10 08:50:16.229306,cancellation
0,POL-389957,2025-06-10 10:07:01.878415,cancellation
0,POL-241590,2025-06-10 10:15:29.679082,renewal
0,POL-616794,2025-06-10 10:28:20.249217,renewal
0,POL-176253,2025-06-10 11:00:58.772241,purchase
0,POL-052415,2025-06-10 11:13:44.153722,cancellation
0,POL-871334,2025-06-10 12:08:15.699183,purchase
0,POL-592508,2025-06-10 13:40:25.091141,claim
0,POL-160229,2025-06-10 15:05:12.383835,purchase
0,POL-847704,2025-06-10 15:38:41.428863,cancellation
0,POL-396609,2025-06-10 16:16:22.134320,claim
0,POL-758571,2025-06-10 16:32:38.964727,cancellation
0,POL-836431,2025-06-10 17:57:37.999956,claim
0,POL-843132,2025-06-10 19:03:10.862802,renewal
0,POL-549449,2025-06-10 22:59:13.520831,claim
0,POL-367806,2025-06-11 00:15:02.272161,renewal
0,POL-369883,2025-06-11 00:33:51.920008,purchase
0,POL-961539,2025-06-11 03:35:47.322201,cancellation
0,POL-736386,2025-06-11 04:30:37.346343,cancellation
0,POL-940398,2025-06-11 05:28:13.512873,claim
0,POL-220402,2025-06-11 05:33:11.355011,claim
0,POL-923353,2025-06-11 05:34:00.968912,claim
0,POL-780465,2025-06-11 06:14:29.611218,cancellation
0,POL-612845,2025-06-11 06:54:17.080062,renewal
0,POL-624395,2025-06-11 08:45:02.536421,claim
0,POL-285094,2025-06-11 08:48:44.279295,purchase
0,POL-431206,2025-06-11 09:15:05.533485,cancellation
0,POL-308883,2025-06-11 10:33:40.062306,cancellation
0,POL-963712,2025-06-11 12:29:36.277633,cancellation
0,POL-410107,2025-06-11 16:08:19.034851,renewal
0,POL-642977,2025-06-11 18:32:33.948362,purchase
0,POL-109659,2025-06-11 20:22:21.741122,claim
0,POL-094305,2025-06-11 20:26:34.900094,renewal
0,POL-838122,2025-06-11 20:36:43.772323,claim
0,POL-201208,2025-06-11 20:48:08.064909,claim
0,POL-356545,2025-06-11 22:11:24.133684,claim
0,POL-398894,2025-06-11 22:26:40.835612,claim
0,POL-924674,2025-06-11 23:36:31.149753,claim
0,POL-116577,2025-06-11 23:44:50.013111,purchase
0,POL-659277,2025-06-12 00:48:14.262424,claim
0,POL-579518,2025-06-12 02:27:07.578741,claim
0,POL-454109,2025-06-12 05:16:47.325347,purchase
0,463772,2025-06-12 05:49:59.441133,purchase
0,POL-516122,2025-06-12 07:08:07.140451,cancellation
0,POL-624918,2025-06-12 08:41:59.485538,purchase
0,POL-188994,2025-06-12 08:45:55.783505,cancellation
0,POL-885505,2025-06-12 11:04:58.062935,cancellation
0,POL-010067,2025-06-12 14:08:20.442564,purchase
0,POL-988158,2025-06-12 14:54:29.531343,purchase
0,POL-132371,2025-06-12 17:09:21.588672,claim
0,POL-925641,2025-06-12 17:41:25.979396,cancellation
0,POL-646145,2025-06-12 17:50:18.483494,purchase
0,POL-224773,2025-06-12 19:39:39.302245,cancellation
0,POL-329838,2025-06-12 20:33:17.074547,renewal
0,POL-620679,2025-06-12 21:29:55.232529,purchase
0,POL-319193,2025-06-12 21:46:58.759998,purchase
0,POL-431849,2025-06-12 21:52:36.279740,renewal
0,POL-242164,2025-06-13 00:17:31.261732,claim
0,POL-213320,2025-06-13 01:58:49.735760,purchase
0,POL-008793,2025-06-13 03:51:35.940101,claim
0,POL-165290,2025-06-13 04:32:01.156903,cancellation
0,POL-948729,2025-06-13 06:20:58.894441,cancellation
0,POL-073648,2025-06-13 06:22:29.389729,purchase
0,327623,2025-06-13 07:32:57.830699,claim
0,098647,2025-06-13 08:37:35.169698,claim
0,POL-792262,2025-06-13 09:20:12.850864,purchase
0,POL-508877,2025-06-13 09:47:52.600219,claim
0,POL-279072,2025-06-13 12:42:04.492621,cancellation
0,POL-059526,2025-06-13 13:43:59.042524,cancellation
0,POL-178590,2025-06-13 15:19:24.708028,cancellation
0,POL-316523,2025-06-13 16:40:28.216382,purchase
0,POL-915014,2025-06-13 17:04:19.919049,claim
0,POL-311538,2025-06-13 18:34:22.784082,claim
0,POL-174015,2025-06-13 18:51:27.809026,cancellation
0,POL-675200,2025-06-13 20:01:12.911042,claim
0,POL-606702,2025-06-13 22:19:00.427202,renewal
0,POL-066219,2025-06-13 22:38:23.573900,purchase
0,POL-835091,2025-06-13 22:51:17.278158,renewal
0,POL-602874,2025-06-14 00:39:06.723671,cancellation
0,POL-142021,2025-06-14 00:56:55.641881,renewal
0,POL-178414,2025-06-14 01:17:20.545312,renewal
0,POL-038201,2025-06-14 03:03:22.852974,cancellation
0,POL-180334,2025-06-14 04:07:00.784375,purchase
0,POL-756136,2025-06-14 06:03:48.481873,claim
0,POL-919362,2025-06-14 06:14:34.044093,purchase
0,POL-920074,2025-06-14 08:12:44.273626,claim
0,POL-561658,2025-06-14 11:31:57.988735,purchase
0,POL-057601,2025-06-14 11:57:16.704931,purchase
0,POL-975322,2025-06-14 12:10:18.416534,purchase
0,POL-191737,2025-06-14 13:11:03.168359,claim
0,POL-349575,2025-06-14 13:51:27.894084,claim
0,833319,2025-06-14 14:03:41.921932,renewal
0,POL-347208,2025-06-14 16:20:23.543687,purchase
0,328368,2025-06-14 17:11:32.711043,purchase
0,POL-752163,2025-06-14 18:05:29.291002,renewal
0,POL-101645,2025-06-14 18:18:59.369498,cancellation
0,POL-738305,2025-06-14 19:07:17.256416,renewal
0,POL-983944,2025-06-14 20:38:05.151424,cancellation
0,POL-490603,2025-06-14 20:48:21.246406,purchase
0,POL-837033,2025-06-14 21:04:47.895801,renewal
0,POL-198309,2025-06-14 21:44:09.505469,claim
0,POL-163162,2025-06-15 00:28:11.110892,renewal
0,POL-684689,2025-06-15 04:01:12.874193,claim
0,POL-080597,2025-06-15 05:57:10.384676,claim
0,POL-736130,2025-06-15 06:12:10.960385,claim
0,184337,2025-06-15 06:23:41.033205,claim
0,POL-992778,2025-06-15 07:24:27.320827,claim
0,POL-018183,2025-06-15 07:59:49.901246,claim
0,POL-549561,2025-06-15 09:59:39.050926,cancellation
0,POL-128965,2025-06-15 10:49:11.077572,claim
0,POL-423328,2025-06-15 12:58:53.421829,claim
0,POL-025691,2025-06-15 12:59:08.759034,cancellation
0,POL-369282,2025-06-15 13:38:47.592180,cancellation
0,POL-903176,2025-06-15 13:41:33.818710,claim
0,POL-984650,2025-06-15 14:58:37.353963,purchase
0,POL-886626,2025-06-15 15:47:37.029314,claim
0,POL-508877,2025-06-15 16:14:55.952712,cancellation
0,POL-465848,2025-06-15 16:47:32.437800,cancellation
0,POL-496873,2025-06-15 17:20:49.821297,purchase
0,POL-070686,2025-06-15 19:21:49.955005,renewal
0,POL-476648,2025-06-15 20:36:33.130580,cancellation
0,POL-117066,2025-06-15 21:40:49.000369,purchase
0,POL-771740,2025-06-15 22:35:25.785733,claim
0,POL-228370,2025-06-16 01:58:32.278338,purchase
0,POL-072347,2025-06-16 02:14:25.797065,claim
0,POL-677364,2025-06-16 03:09:18.973332,purchase
0,POL-783262,2025-06-16 06:39:32.575043,purchase
0,POL-217815,2025-06-16 07:11:11.882008,claim
0,POL-964388,2025-06-16 08:38:44.907419,renewal
0,POL-997423,2025-06-16 08:41:58.304218,renewal
0,POL-428807,2025-06-16 09:25:29.121430,purchase
0,POL-547969,2025-06-16 10:35:55.964630,cancellation
0,POL-524123,2025-06-16 11:40:17.835954,renewal
0,POL-996191,2025-06-16 16:16:08.649099,purchase
0,POL-567104,2025-06-16 17:19:53.706209,purchase
0,POL-469191,2025-06-16 18:14:24.511325,cancellation
0,POL-309673,2025-06-16 22:15:06.803749,cancellation
0,POL-485841,2025-06-17 01:59:49.841186,claim
0,POL-013038,2025-06-17 02:07:18.478097,cancellation
0,POL-097932,2025-06-17 03:48:56.836061,purchase
0,POL-107961,2025-06-17 03:58:43.748919,renewal
0,POL-439648,2025-06-17 04:31:34.627671,claim
0,POL-558405,2025-06-17 05:23:20.204968,renewal
0,POL-563272,2025-06-17 08:17:39.390181,purchase
0,POL-834614,2025-06-17 09:39:50.786320,renewal
0,POL-856632,2025-06-17 10:16:57.620469,purchase
0,POL-063178,2025-06-17 11:31:32.483364,renewal
0,POL-907944,2025-06-17 12:37:12.724280,purchase
0,POL-565343,2025-06-17 13:21:17.016057,cancellation
0,POL-308347,2025-06-17 14:02:33.410298,claim
0,POL-567828,2025-06-17 17:09:54.755248,claim
0,POL-283196,2025-06-17 19:43:45.146253,cancellation
0,POL-063252,2025-06-17 21:42:07.409854,claim
0,POL-423746,2025-06-17 22:41:05.518973,purchase
0,POL-578384,2025-06-18 01:14:50.494949,renewal
0,POL-322560,2025-06-18 01:54:05.307610,claim
0,POL-019488,2025-06-18 02:48:13.635300,renewal
0,POL-593495,2025-06-18 03:03:24.613564,cancellation
0,POL-954250,2025-06-18 03:59:10.483020,claim
0,POL-997859,2025-06-18 05:21:34.250376,renewal
0,POL-967821,2025-06-18 07:26:58.090689,claim
0,POL-123632,2025-06-18 07:37:08.624064,claim
0,POL-785392,2025-06-18 07:39:25.050668,cancellation
0,POL-760009,2025-06-18 09:27:49.293957,claim
0,POL-859154,2025-06-18 09:46:10.379062,cancellation
0,POL-924171,2025-06-18 11:50:39.323053,claim
0,POL-457448,2025-06-18 12:22:32.817598,claim
0,POL-920810,2025-06-18 12:34:44.238139,renewal
0,POL-842810,2025-06-18 12:53:33.401207,cancellation
0,POL-700404,2025-06-18 14:32:06.132799,purchase
0,POL-745564,2025-06-18 15:59:03.195705,renewal
0,POL-796903,2025-06-18 16:41:57.546822,renewal
0,POL-688504,2025-06-18 17:05:09.028006,cancellation
0,POL-672798,2025-06-18 19:19:32.291307,cancellation
0,POL-159807,2025-06-18 20:31:55.378922,purchase
0,POL-324103,2025-06-18 21:00:53.414436,cancellation
0,POL-616104,2025-06-18 21:20:41.873481,purchase
0,POL-354195,2025-06-18 23:00:10.696014,claim
0,POL-933942,2025-06-19 00:50:03.121108,renewal
0,POL-701685,2025-06-19 02:16:08.814654,claim
0,POL-929889,2025-06-19 02:43:35.014644,claim
0,POL-250853,2025-06-19 03:57:45.033398,renewal
0,POL-221376,2025-06-19 08:09:47.880182,purchase
0,POL-172903,2025-06-19 08:58:35.615094,cancellation
0,POL-489660,2025-06-19 10:39:01.011327,cancellation
0,POL-351852,2025-06-19 11:54:36.472574,claim
0,POL-460141,2025-06-19 11:56:24.556561,purchase
0,POL-012733,2025-06-19 12:52:43.380883,claim
0,POL-621860,2025-06-19 13:13:23.849654,claim
0,POL-661321,2025-06-19 15:07:12.072986,purchase
0,POL-451517,2025-06-19 16:07:14.296985,claim
0,POL-309071,2025-06-19 17:18:12.417133,renewal
0,POL-109474,2025-06-19 19:07:32.484253,renewal
0,POL-903935,2025-06-19 20:57:40.874014,cancellation
0,POL-153206,2025-06-19 21:14:43.574995,cancellation
0,POL-753352,2025-06-19 22:40:39.838415,cancellation
0,POL-336552,2025-06-19 23:29:12.253650,renewal
0,POL-575808,2025-06-20 00:56:41.393753,purchase
0,POL-233755,2025-06-20 00:58:33.978099,purchase
0,POL-124086,2025-06-20 01:18:55.544019,purchase
0,POL-116577,2025-06-20 02:12:26.720351,claim
0,POL-582560,2025-06-20 07:25:31.986072,renewal
0,POL-999527,2025-06-20 08:00:18.730083,cancellation
0,POL-613558,2025-06-20 09:26:01.105422,claim
0,POL-939463,2025-06-20 10:27:04.209238,claim
0,POL-863118,2025-06-20 13:34:57.529029,claim
0,POL-444272,2025-06-20 15:25:12.418758,cancellation
0,POL-501059,2025-06-20 19:34:10.248597,cancellation
0,POL-128096,2025-06-20 19:49:33.570584,cancellation
0,POL-308341,2025-06-20 20:16:08.531598,purchase
0,POL-547843,2025-06-20 20:47:37.590418,renewal
0,POL-845847,2025-06-20 21:29:26.634620,cancellation
0,POL-492804,2025-06-20 22:03:44.078063,renewal
0,POL-600879,2025-06-20 22:41:53.897005,renewal
0,POL-128624,2025-06-21 00:40:46.808694,purchase
0,POL-289623,2025-06-21 00:44:17.401078,purchase
0,POL-490132,2025-06-21 01:04:37.359135,purchase
0,POL-535429,2025-06-21 03:10:36.101152,renewal
0,POL-698626,2025-06-21 03:31:02.922864,claim
0,POL-299249,2025-06-21 04:12:58.868703,claim
0,POL-126790,2025-06-21 05:37:16.241225,renewal
0,POL-265331,2025-06-21 05:42:52.823191,claim
0,POL-043876,2025-06-21 05:53:07.128446,claim
0,POL-865807,2025-06-21 05:54:45.062313,claim
0,POL-892899,2025-06-21 05:55:55.955963,cancellation
0,POL-744854,2025-06-21 06:50:12.254467,renewal
0,POL-026922,2025-06-21 06:52:51.842090,purchase
0,POL-338490,2025-06-21 07:10:45.076283,purchase
0,POL-173844,2025-06-21 08:11:16.301207,claim
0,POL-338237,2025-06-21 08:59:51.890919,purchase
0,POL-436086,2025-06-21 09:00:53.091718,purchase
0,POL-809473,2025-06-21 10:12:20.026052,claim
0,POL-903421,2025-06-21 11:53:30.519007,purchase
0,POL-481968,2025-06-21 12:36:43.394462,renewal
0,POL-789457,2025-06-21 12:47:50.124573,purchase
0,POL-691309,2025-06-21 13:17:00.531655,renewal
0,POL-829544,2025-06-21 13:49:43.089026,cancellation
0,POL-205746,2025-06-21 14:22:26.384894,claim
0,POL-374318,2025-06-21 16:18:43.620196,purchase
0,POL-283436,2025-06-21 17:03:31.284498,cancellation
0,POL-888856,2025-06-21 18:48:19.715459,purchase
0,POL-615371,2025-06-21 20:22:05.182668,claim
0,POL-038115,2025-06-21 21:27:43.702988,cancellation
0,POL-130592,2025-06-22 00:28:05.182432,claim
0,POL-146943,2025-06-22 03:03:57.915183,renewal
0,POL-526002,2025-06-22 04:13:14.141247,claim
0,POL-538316,2025-06-22 04:58:59.043744,cancellation
0,POL-489370,2025-06-22 07:25:35.755484,cancellation
0,POL-795104,2025-06-22 08:12:08.120346,claim
0,POL-019987,2025-06-22 10:21:28.803502,cancellation
0,POL-003061,2025-06-22 12:31:23.507395,purchase
0,POL-311862,2025-06-22 15:26:48.785409,purchase
0,POL-780289,2025-06-22 16:02:01.163569,claim
0,POL-378084,2025-06-22 16:13:41.309384,purchase
0,POL-663218,2025-06-22 17:11:46.069940,purchase
0,POL-084773,2025-06-22 21:59:52.025259,renewal
0,POL-313312,2025-06-22 22:31:37.305845,claim
0,POL-864907,2025-06-22 23:40:12.649381,purchase
0,POL-724173,2025-06-23 00:12:42.069849,cancellation
0,POL-721894,2025-06-23 02:19:14.880418,claim
0,POL-813932,2025-06-23 02:45:06.789301,claim
0,POL-489901,2025-06-23 03:09:19.758868,purchase
0,POL-098448,2025-06-23 08:07:14.103491,purchase
0,POL-619793,2025-06-23 08:53:32.697544,cancellation
0,POL-325734,2025-06-23 10:08:06.970226,claim
0,POL-119510,2025-06-23 11:44:17.147928,purchase
0,POL-369282,2025-06-23 14:08:04.552231,claim
0,POL-922287,2025-06-23 18:13:23.812549,cancellation
0,POL-676219,2025-06-23 18:27:33.628453,renewal
0,POL-876931,2025-06-23 18:55:26.045588,purchase
0,POL-559380,2025-06-23 19:32:44.682247,purchase
0,POL-205364,2025-06-23 20:06:10.706275,renewal
0,POL-736130,2025-06-23 20:34:59.822305,purchase
0,POL-404726,2025-06-23 20:55:15.284856,renewal
0,POL-287679,2025-06-23 21:25:18.869006,cancellation
0,POL-770606,2025-06-23 21:45:06.275975,cancellation
0,POL-108969,2025-06-23 21:50:01.171036,cancellation
0,POL-535429,2025-06-23 23:26:55.395365,purchase
0,POL-296687,2025-06-24 01:19:03.831863,purchase
0,POL-667258,2025-06-24 02:40:45.036025,purchase
0,POL-618295,2025-06-24 02:59:03.310686,cancellation
0,POL-696666,2025-06-24 03:18:04.839751,purchase
0,POL-377861,2025-06-24 04:12:29.800328,claim
0,POL-818651,2025-06-24 04:35:41.791183,claim
0,POL-278611,2025-06-24 05:34:23.465342,purchase
0,POL-078968,2025-06-24 06:53:06.701535,renewal
0,POL-840427,2025-06-24 07:23:47.406501,claim
0,POL-135826,2025-06-24 08:36:32.355655,renewal
0,POL-563286,2025-06-24 09:12:17.250893,claim
0,POL-414243,2025-06-24 09:44:41.494621,renewal
0,POL-500236,2025-06-24 11:04:25.623666,claim
0,POL-415067,2025-06-24 14:21:35.257396,cancellation
0,POL-079805,2025-06-24 14:39:28.856732,claim
0,POL-769580,2025-06-24 14:39:48.940908,renewal
0,POL-272781,2025-06-24 16:48:52.428926,claim
0,POL-594297,2025-06-24 17:07:10.948878,claim
0,POL-552732,2025-06-24 17:59:57.905956,purchase
0,POL-371651,2025-06-24 18:24:23.364585,claim
0,POL-245044,2025-06-24 20:15:53.380403,claim
0,POL-139485,2025-06-24 20:34:48.997377,renewal
0,POL-452740,2025-06-24 21:53:43.893028,renewal
0,POL-995728,2025-06-24 23:10:14.078897,cancellation
0,POL-710315,2025-06-24 23:34:03.099305,renewal
0,POL-697715,2025-06-24 23:51:10.182010,purchase
0,POL-063702,2025-06-25 01:18:29.879828,renewal
0,POL-215491,2025-06-25 01:20:05.388896,purchase
0,POL-571310,2025-06-25 01:31:52.616893,purchase
0,POL-387904,2025-06-25 02:26:29.498001,cancellation
0,POL-201208,2025-06-25 03:14:13.578984,renewal
0,POL-117251,2025-06-25 04:30:09.879407,cancellation
0,POL-069548,2025-06-25 07:06:45.455551,purchase
0,POL-889251,2025-06-25 07:13:01.778998,renewal
0,POL-593729,2025-06-25 12:20:08.442555,purchase
0,POL-354492,2025-06-25 12:29:25.402138,cancellation
0,POL-014771,2025-06-25 13:52:16.852625,claim
0,997472,2025-06-25 14:05:09.349137,claim
0,POL-940398,2025-06-25 14:46:43.234682,purchase
0,POL-753728,2025-06-25 16:21:13.860639,cancellation
0,POL-875128,2025-06-25 17:16:48.569462,cancellation
0,POL-402860,2025-06-25 17:45:25.127215,renewal
0,POL-628773,2025-06-25 19:41:43.916223,cancellation
0,POL-717527,2025-06-25 20:43:37.602497,claim
0,POL-523792,2025-06-25 20:58:18.350721,renewal
0,POL-371651,2025-06-25 21:55:25.137532,claim
0,POL-231264,2025-06-25 23:03:18.407029,renewal
0,POL-617331,2025-06-26 00:07:09.747576,renewal
0,POL-840607,2025-06-26 01:17:03.960995,purchase
0,POL-846813,2025-06-26 01:59:49.641422,renewal
0,099346,2025-06-26 03:33:10.936466,cancellation
0,POL-684986,2025-06-26 08:38:51.772448,claim
0,POL-206164,2025-06-26 08:41:22.620934,cancellation
0,POL-808271,2025-06-26 09:09:14.354209,purchase
0,POL-171922,2025-06-26 09:16:55.170387,renewal
0,POL-804290,2025-06-26 09:34:18.523281,cancellation
0,POL-955032,2025-06-26 09:34:26.541882,claim
0,POL-473615,2025-06-26 09:39:13.338698,claim
0,POL-563922,2025-06-26 09:41:11.413287,purchase
0,POL-238556,2025-06-26 10:38:56.221815,cancellation
0,POL-007317,2025-06-26 13:37:51.857546,claim
0,POL-181526,2025-06-26 15:55:11.741071,cancellation
0,POL-197481,2025-06-26 19:20:58.265636,purchase
0,POL-752742,2025-06-26 19:34:22.059151,cancellation
0,POL-147846,2025-06-26 19:55:21.036120,claim
0,POL-357830,2025-06-26 20:12:36.635149,cancellation
0,POL-753298,2025-06-26 21:28:36.671891,claim
0,POL-949102,2025-06-26 21:44:25.818414,cancellation
0,POL-490086,2025-06-26 22:29:41.453962,renewal
0,POL-526367,2025-06-26 22:58:10.276278,claim
0,POL-922246,2025-06-27 00:52:55.836679,renewal
0,POL-605284,2025-06-27 01:23:29.800473,purchase
0,POL-132963,2025-06-27 01:50:02.379063,renewal
0,POL-252874,2025-06-27 02:08:27.951016,claim
0,POL-713798,2025-06-27 02:31:42.766680,cancellation
0,POL-497914,2025-06-27 03:31:34.226295,renewal
0,POL-984370,2025-06-27 07:00:27.528345,renewal
0,POL-003428,2025-06-27 07:34:45.347933,cancellation
0,POL-228693,2025-06-27 07:38:15.284976,renewal
0,POL-633385,2025-06-27 09:05:14.164706,renewal
0,POL-088827,2025-06-27 09:22:06.093945,claim
0,POL-910890,2025-06-27 09:42:33.568439,renewal
0,POL-917228,2025-06-27 11:38:11.171435,cancellation
0,POL-737297,2025-06-27 12:14:04.706173,renewal
0,POL-872459,2025-06-27 13:07:58.854869,claim
0,POL-178825,2025-06-27 13:18:21.326900,renewal
0,POL-620350,2025-06-27 13:19:43.085011,cancellation
0,POL-050807,2025-06-27 15:04:15.502372,claim
0,POL-249227,2025-06-27 15:51:25.901198,cancellation
0,POL-719253,2025-06-27 15:55:57.139477,cancellation
0,POL-428556,2025-06-27 17:29:30.842391,cancellation
0,POL-698056,2025-06-27 18:25:28.851598,purchase
0,POL-373290,2025-06-27 18:53:25.638207,claim
0,POL-038402,2025-06-27 19:08:35.592499,renewal
0,POL-139662,2025-06-27 20:31:15.321354,renewal
0,POL-320247,2025-06-27 20:42:29.794062,claim
0,POL-235751,2025-06-27 21:00:13.269884,claim
0,POL-882658,2025-06-28 00:48:33.226930,purchase
0,POL-276962,2025-06-28 02:14:38.799952,claim
0,POL-863055,2025-06-28 03:15:08.054950,renewal
0,POL-665547,2025-06-28 03:22:12.414702,purchase
0,POL-092436,2025-06-28 04:49:04.046936,purchase
0,POL-622457,2025-06-28 05:01:32.613224,cancellation
0,POL-631384,2025-06-28 05:25:21.605110,purchase
0,POL-109659,2025-06-28 05:26:41.088263,renewal
0,POL-660418,2025-06-28 06:21:15.838303,cancellation
0,POL-686433,2025-06-28 07:02:30.103735,claim
0,POL-934040,2025-06-28 08:21:31.879164,purchase
0,POL-672452,2025-06-28 08:50:12.216393,purchase
0,POL-958594,2025-06-28 08:56:50.197345,purchase
0,POL-362870,2025-06-28 13:38:18.675619,renewal
0,POL-004547,2025-06-28 14:34:07.672340,purchase
0,POL-457448,2025-06-28 14:49:26.038189,cancellation
0,POL-197773,2025-06-28 15:03:35.132846,cancellation
0,POL-997918,2025-06-28 15:59:05.059096,cancellation
0,POL-037831,2025-06-28 17:04:34.757097,cancellation
0,POL-040859,2025-06-28 18:09:08.471340,cancellation
0,POL-465181,2025-06-28 18:10:04.676914,cancellation
0,POL-744563,2025-06-28 18:44:51.362327,cancellation
0,POL-863055,2025-06-28 19:01:11.091295,renewal
0,POL-477643,2025-06-28 19:26:25.058845,claim
0,POL-703210,2025-06-28 21:16:54.851907,cancellation
0,POL-055109,2025-06-28 22:15:13.601688,purchase
0,POL-754621,2025-06-28 22:29:21.470857,renewal
0,POL-702235,2025-06-28 22:33:38.606039,claim
0,POL-852101,2025-06-28 23:34:40.478397,purchase
0,POL-282948,2025-06-29 01:03:14.567481,cancellation
0,POL-982375,2025-06-29 03:17:57.190578,cancellation
0,POL-697457,2025-06-29 05:20:58.923890,claim
0,POL-487344,2025-06-29 06:11:58.688929,renewal
0,POL-460428,2025-06-29 07:40:55.448823,claim
0,POL-145560,2025-06-29 08:02:15.417059,cancellation
0,POL-830417,2025-06-29 08:10:30.587862,cancellation
0,POL-222966,2025-06-29 09:52:52.346390,renewal
0,POL-174000,2025-06-29 10:15:29.050186,claim
0,POL-591910,2025-06-29 10:38:09.286716,claim
0,POL-652008,2025-06-29 13:43:47.586671,purchase
0,POL-471998,2025-06-29 13:45:07.647029,claim
0,POL-738219,2025-06-29 17:40:19.273627,renewal
0,POL-718391,2025-06-29 18:02:31.608511,cancellation
0,POL-872365,2025-06-29 20:21:23.847049,cancellation
0,POL-394539,2025-06-29 22:50:11.447030,claim
0,POL-153329,2025-06-29 22:53:14.626690,cancellation
0,372133,2025-06-29 23:09:24.637743,cancellation
0,POL-924674,2025-06-29 23:30:01.779681,purchase
0,POL-686433,2025-06-29 23:49:33.938910,claim
0,POL-778696,2025-06-30 00:16:57.178917,claim
0,POL-761156,2025-06-30 03:39:57.162718,renewal
0,POL-228795,2025-06-30 03:55:35.130819,purchase
0,POL-302549,2025-06-30 06:18:32.489112,purchase
0,POL-396524,2025-06-30 06:52:43.408150,purchase
0,POL-803473,2025-06-30 07:14:27.420394,purchase
0,POL-776166,2025-06-30 07:20:43.272408,cancellation
0,POL-153216,2025-06-30 07:48:36.002974,purchase
0,POL-174395,2025-06-30 12:00:26.667190,purchase
0,POL-958297,2025-06-30 12:05:05.579732,renewal
0,POL-560152,2025-06-30 12:16:00.243125,purchase
0,POL-839507,2025-06-30 12:26:10.023613,cancellation
0,POL-774173,2025-06-30 16:42:32.868013,renewal
0,POL-665074,2025-06-30 18:31:02.571085,renewal
0,POL-512263,2025-06-30 18:31:59.637465,renewal
0,POL-694208,2025-06-30 21:07:40.508887,cancellation
0,POL-504822,2025-06-30 22:47:17.993842,claim
0,POL-754132,2025-06-30 23:02:31.038387,renewal
0,POL-402971,2025-06-30 23:44:04.362607,renewal
0,POL-207501,2025-07-01 00:09:14.139692,purchase
0,POL-167863,2025-07-01 01:15:48.416683,cancellation
0,POL-800579,2025-07-01 01:43:58.920475,purchase
0,POL-965286,2025-07-01 04:43:13.144962,renewal
0,POL-241764,2025-07-01 07:05:36.178259,renewal
0,POL-659809,2025-07-01 07:25:30.434260,purchase
0,POL-903704,2025-07-01 11:07:27.748049,cancellation
0,POL-923754,2025-07-01 13:16:01.135164,purchase
0,POL-437876,2025-07-01 14:51:14.141110,renewal
0,POL-681692,2025-07-01 14:55:52.669076,cancellation
0,POL-201208,2025-07-01 15:45:15.603008,purchase
0,POL-650442,2025-07-01 16:44:06.840474,cancellation
0,POL-903838,2025-07-01 17:55:37.958603,cancellation
0,POL-542601,2025-07-01 21:37:25.516303,cancellation
0,POL-982194,2025-07-01 22:35:31.098254,cancellation
0,POL-143200,2025-07-01 23:04:49.671329,claim
0,POL-490880,2025-07-01 23:06:04.506635,claim
0,POL-882744,2025-07-02 00:46:44.516823,purchase
0,POL-878212,2025-07-02 06:23:28.041664,renewal
0,POL-768143,2025-07-02 08:56:40.536616,renewal
0,POL-916807,2025-07-02 10:01:33.750361,cancellation
0,POL-558405,2025-07-02 12:06:08.965832,cancellation
0,POL-095712,2025-07-02 13:49:42.070066,purchase
0,POL-999624,2025-07-02 14:24:48.937748,renewal
0,POL-103393,2025-07-02 14:25:13.950748,purchase
0,POL-077638,2025-07-02 15:08:33.528662,claim
0,POL-976715,2025-07-02 18:05:38.282419,claim
0,POL-697457,2025-07-02 18:13:00.875405,claim
0,POL-357896,2025-07-02 20:05:51.605601,cancellation
0,POL-891220,2025-07-02 20:26:51.477102,purchase
0,POL-976908,2025-07-02 21:13:10.289403,cancellation
0,POL-297672,2025-07-02 21:35:13.787597,renewal
0,POL-003776,2025-07-02 22:26:41.287709,cancellation
0,POL-183488,2025-07-02 22:39:28.290321,purchase
0,POL-407442,2025-07-02 23:04:43.956763,purchase
0,POL-680343,2025-07-02 23:48:22.058553,claim
0,POL-473791,2025-07-02 23:50:41.346380,purchase
0,POL-478181,2025-07-03 00:50:56.788335,cancellation
0,POL-822220,2025-07-03 00:57:28.319372,cancellation
0,POL-042051,2025-07-03 00:59:21.661280,cancellation
0,POL-955032,2025-07-03 03:13:30.753504,cancellation
0,POL-055109,2025-07-03 04:18:56.299673,renewal
0,POL-134223,2025-07-03 05:24:04.526449,purchase
0,POL-697457,2025-07-03 06:00:20.309110,purchase
0,POL-465181,2025-07-03 06:05:45.372236,cancellation
0,POL-220815,2025-07-03 06:34:54.081716,cancellation
0,POL-874146,2025-07-03 07:37:55.428082,purchase
0,POL-060078,2025-07-03 07:47:56.898471,cancellation
0,POL-163162,2025-07-03 09:50:47.020947,purchase
0,POL-968810,2025-07-03 15:39:36.894250,purchase
0,POL-378853,2025-07-03 16:09:37.228858,renewal
0,POL-098358,2025-07-03 16:12:55.002125,cancellation
0,POL-534642,2025-07-03 17:07:01.496738,renewal
0,POL-320939,2025-07-03 17:43:10.071635,claim
0,POL-896197,2025-07-03 18:58:07.218991,renewal
0,POL-774634,2025-07-03 19:55:56.607272,renewal
0,POL-874890,2025-07-03 21:43:38.244749,purchase
0,POL-580376,2025-07-03 22:28:43.370954,claim
0,POL-936521,2025-07-04 00:26:21.829286,purchase
0,POL-242321,2025-07-04 01:28:49.446220,renewal
0,POL-241698,2025-07-04 01:58:00.388345,cancellation
0,POL-608020,2025-07-04 02:12:53.778299,cancellation
0,POL-570047,2025-07-04 03:40:48.555090,purchase
0,POL-980035,2025-07-04 05:20:54.545133,cancellation
0,POL-189872,2025-07-04 05:25:26.326966,purchase
0,POL-015463,2025-07-04 06:50:34.862895,renewal
0,POL-137044,2025-07-04 06:58:17.425893,cancellation
0,POL-845451,2025-07-04 07:28:07.521988,claim
0,POL-511588,2025-07-04 07:32:05.899991,renewal
0,POL-551480,2025-07-04 10:21:48.308264,renewal
0,POL-076604,2025-07-04 10:31:55.818321,claim
0,POL-774729,2025-07-04 11:28:16.037913,renewal
0,POL-402971,2025-07-04 13:20:20.168041,renewal
0,POL-654177,2025-07-04 14:28:59.722053,cancellation
0,POL-446324,2025-07-04 15:08:48.816730,purchase
0,POL-867152,2025-07-04 16:09:16.814461,renewal
0,POL-697504,2025-07-04 16:25:13.202365,cancellation
0,POL-978295,2025-07-04 17:29:13.565063,purchase
0,POL-270548,2025-07-04 18:47:23.373398,claim
0,POL-534552,2025-07-04 22:12:28.736102,renewal
0,POL-656462,2025-07-04 22:28:37.585171,renewal
0,POL-855668,2025-07-04 22:41:30.357497,claim
0,POL-338237,2025-07-04 23:44:51.248585,cancellation
0,POL-868056,2025-07-05 00:46:24.535156,claim
0,POL-148783,2025-07-05 00:47:13.448166,purchase
0,POL-713798,2025-07-05 01:19:08.941578,cancellation
0,POL-506981,2025-07-05 01:21:02.398453,renewal
0,POL-903421,2025-07-05 04:40:59.536708,claim
0,POL-973537,2025-07-05 05:55:06.164755,claim
0,POL-816357,2025-07-05 06:38:27.513733,cancellation
0,POL-148457,2025-07-05 07:51:47.161437,claim
0,POL-171005,2025-07-05 08:57:53.533187,cancellation
0,POL-621393,2025-07-05 12:16:47.342342,renewal
0,POL-145866,2025-07-05 12:26:58.587624,renewal
0,POL-183714,2025-07-05 12:35:18.056114,renewal
0,POL-750512,2025-07-05 12:36:41.178532,claim
0,POL-617375,2025-07-05 14:19:08.607642,renewal
0,POL-624395,2025-07-05 15:49:04.762259,cancellation
0,POL-453320,2025-07-05 15:58:05.052011,purchase
0,POL-366301,2025-07-05 16:17:18.968292,cancellation
0,POL-887517,2025-07-05 17:11:02.357929,renewal
0,POL-605737,2025-07-05 18:16:25.647052,claim
0,POL-813151,2025-07-05 19:09:49.281243,renewal
0,POL-528116,2025-07-06 01:04:45.907961,cancellation
0,POL-629638,2025-07-06 01:04:50.285403,purchase
0,POL-263402,2025-07-06 01:13:01.151670,claim
0,POL-672452,2025-07-06 01:30:00.639676,cancellation
0,POL-804290,2025-07-06 01:58:50.198867,purchase
0,POL-203584,2025-07-06 02:49:47.381240,cancellation
0,POL-632923,2025-07-06 05:43:59.153413,claim
0,POL-182070,2025-07-06 08:41:26.106261,claim
0,POL-141111,2025-07-06 08:44:25.640217,cancellation
0,POL-674112,2025-07-06 09:49:02.498286,purchase
0,POL-020279,2025-07-06 10:55:33.948445,renewal
0,POL-048938,2025-07-06 11:08:07.159914,claim
0,POL-875174,2025-07-06 12:08:13.846718,renewal
0,POL-565295,2025-07-06 15:12:03.028921,claim
0,POL-479116,2025-07-06 15:18:56.201149,renewal
0,POL-965286,2025-07-06 17:34:37.359865,claim
0,POL-894109,2025-07-06 19:13:20.533337,claim
0,POL-728674,2025-07-06 19:57:09.688590,cancellation
0,POL-297672,2025-07-06 19:57:36.767192,purchase
0,POL-945647,2025-07-06 20:36:02.812459,renewal
0,POL-234294,2025-07-06 22:40:34.856125,claim
0,POL-476244,2025-07-06 23:13:11.702031,purchase
0,POL-054058,2025-07-07 00:34:53.376673,claim
0,POL-548177,2025-07-07 01:36:03.114985,renewal
0,POL-888277,2025-07-07 03:23:04.774011,cancellation
0,POL-109039,2025-07-07 04:08:37.648517,cancellation
0,POL-283382,2025-07-07 06:40:16.409999,claim
0,POL-197076,2025-07-07 08:01:28.486901,cancellation
0,POL-506109,2025-07-07 10:44:30.053975,cancellation
0,POL-531639,2025-07-07 11:05:54.792099,claim
0,POL-710095,2025-07-07 11:29:57.731473,claim
0,POL-306012,2025-07-07 12:20:39.926875,claim
0,POL-118327,2025-07-07 13:04:41.645085,renewal
0,POL-549449,2025-07-07 13:30:24.425005,claim
0,POL-207266,2025-07-07 13:50:26.784388,cancellation
0,POL-103393,2025-07-07 15:16:45.119505,renewal
0,POL-641182,2025-07-07 16:16:17.826221,claim
0,POL-850419,2025-07-07 16:56:01.493596,purchase
0,POL-050807,2025-07-07 17:53:18.323147,cancellation
0,POL-742517,2025-07-07 18:21:37.830017,cancellation
0,POL-653997,2025-07-07 20:07:30.566746,cancellation
0,POL-982249,2025-07-07 20:41:16.113288,cancellation
0,POL-615371,2025-07-07 21:14:46.055632,renewal
0,POL-405688,2025-07-07 21:31:01.038949,claim
0,POL-742517,2025-07-07 23:02:00.708871,purchase
0,POL-603541,2025-07-07 23:14:16.465284,purchase
0,POL-188578,2025-07-08 00:03:02.486894,purchase
0,POL-042255,2025-07-08 03:02:08.166670,cancellation
0,POL-840121,2025-07-08 03:17:28.823325,renewal
0,348296,2025-07-08 03:35:34.055893,claim
0,POL-468990,2025-07-08 06:47:36.772583,claim
0,POL-931342,2025-07-08 08:02:35.425608,renewal
0,POL-257339,2025-07-08 08:36:09.410860,claim
0,POL-660663,2025-07-08 08:59:18.189283,claim
0,POL-765043,2025-07-08 09:12:07.777198,claim
0,POL-243385,2025-07-08 09:31:57.810155,cancellation
0,POL-378235,2025-07-08 09:51:56.962758,cancellation
0,POL-563922,2025-07-08 11:46:55.286922,renewal
0,POL-232685,2025-07-08 15:13:00.457470,purchase
0,POL-301092,2025-07-08 15:55:19.431540,claim
0,POL-903844,2025-07-08 19:35:32.464299,cancellation
0,POL-391832,2025-07-08 21:58:59.719213,cancellation
0,POL-623489,2025-07-08 22:11:59.804868,claim
0,POL-383246,2025-07-08 22:28:05.844476,renewal
0,POL-359905,2025-07-09 00:56:05.246684,purchase
0,837276,2025-07-09 02:09:14.650259,purchase
0,POL-263510,2025-07-09 02:19:43.783936,cancellation
0,POL-681573,2025-07-09 02:41:18.486405,cancellation
0,POL-092588,2025-07-09 02:53:33.348299,purchase
0,POL-399526,2025-07-09 06:56:04.854674,claim
0,POL-027494,2025-07-09 08:02:42.712687,purchase
0,POL-554740,2025-07-09 10:23:50.214009,cancellation
0,POL-885350,2025-07-09 10:26:53.598328,cancellation
0,POL-703707,2025-07-09 13:43:37.881365,purchase
0,POL-663218,2025-07-09 14:52:18.854166,claim
0,328368,2025-07-09 17:56:22.976493,renewal
0,POL-570629,2025-07-09 19:36:50.007688,purchase
0,POL-566115,2025-07-09 20:57:23.633571,cancellation
0,POL-891658,2025-07-10 01:24:22.725968,cancellation
0,POL-506694,2025-07-10 02:39:58.056143,purchase
0,POL-925197,2025-07-10 02:55:29.649678,claim
0,POL-497326,2025-07-10 03:32:48.343637,purchase
0,POL-769884,2025-07-10 04:05:36.856082,renewal
0,POL-624324,2025-07-10 05:27:57.456920,purchase
0,POL-024437,2025-07-10 05:53:57.188523,claim
0,POL-438960,2025-07-10 08:46:43.818986,claim
0,POL-706122,2025-07-10 08:53:01.556341,renewal
0,POL-202718,2025-07-10 09:30:02.710454,cancellation
0,POL-232647,2025-07-10 12:11:03.870493,purchase
0,POL-713915,2025-07-10 12:25:12.246714,purchase
0,POL-015184,2025-07-10 13:03:40.939593,claim
0,POL-948964,2025-07-10 13:29:11.926901,cancellation
0,POL-452920,2025-07-10 13:58:16.262945,cancellation
0,POL-687031,2025-07-10 15:26:44.221712,claim
0,POL-172714,2025-07-10 15:58:17.859478,purchase
0,POL-087562,2025-07-10 16:31:05.185477,claim
0,POL-583648,2025-07-10 23:51:37.139141,claim
0,POL-658474,2025-07-11 00:38:18.345357,renewal
0,POL-574544,2025-07-11 01:23:11.991683,claim
0,809521,2025-07-11 04:34:11.960185,purchase
0,POL-420967,2025-07-11 06:28:04.077510,cancellation
0,POL-674039,2025-07-11 07:20:14.123632,renewal
0,POL-796314,2025-07-11 07:47:24.838219,purchase
0,POL-608020,2025-07-11 08:35:59.641412,claim
0,POL-685132,2025-07-11 09:07:25.761283,purchase
0,POL-065572,2025-07-11 09:18:53.711227,purchase
0,POL-971590,2025-07-11 09:20:48.148121,cancellation
0,POL-508877,2025-07-11 09:51:03.214408,renewal
0,POL-831032,2025-07-11 11:47:55.088881,renewal
0,POL-246944,2025-07-11 11:51:14.653104,claim
0,POL-238849,2025-07-11 13:19:51.048983,cancellation
0,POL-570629,2025-07-11 14:02:53.730978,purchase
0,POL-840180,2025-07-11 15:11:58.676110,renewal
0,POL-888888,2025-07-11 17:21:03.556232,renewal
0,POL-988546,2025-07-11 19:12:06.008703,purchase
0,POL-295798,2025-07-11 19:48:37.557556,renewal
0,POL-763615,2025-07-11 21:53:38.417564,renewal
0,POL-849990,2025-07-11 22:24:33.824352,claim
0,POL-793371,2025-07-11 23:40:29.476160,cancellation
0,POL-409491,2025-07-12 02:06:34.578583,renewal
0,POL-515205,2025-07-12 02:15:26.830926,renewal
0,POL-389769,2025-07-12 03:51:30.801592,renewal
0,POL-607764,2025-07-12 04:01:48.815175,claim
0,POL-552600,2025-07-12 04:55:41.968300,purchase
0,POL-537060,2025-07-12 05:19:42.226095,claim
0,POL-475658,2025-07-12 05:30:35.959512,purchase
0,POL-078992,2025-07-12 05:35:26.718861,claim
0,POL-742813,2025-07-12 07:34:47.278250,claim
0,POL-538327,2025-07-12 07:53:48.840231,renewal
0,POL-743531,2025-07-12 08:04:28.443905,claim
0,POL-816068,2025-07-12 10:40:10.289646,purchase
0,POL-948421,2025-07-12 13:12:46.687477,claim
0,POL-658223,2025-07-12 13:36:08.557015,cancellation
0,POL-618212,2025-07-12 14:50:34.176186,cancellation
0,POL-991851,2025-07-12 15:32:11.888522,renewal
0,141709,2025-07-12 15:33:50.845830,cancellation
0,POL-509731,2025-07-12 16:15:30.388423,renewal
0,POL-938537,2025-07-12 17:25:07.740483,cancellation
0,POL-923720,2025-07-12 18:08:27.524153,purchase
0,POL-940908,2025-07-12 19:04:19.039738,cancellation
0,POL-532135,2025-07-12 20:04:47.309939,purchase
0,POL-891090,2025-07-12 20:20:31.254539,purchase
0,POL-161419,2025-07-12 20:29:30.621203,purchase
0,POL-401181,2025-07-12 23:05:12.685606,cancellation
0,POL-271317,2025-07-12 23:51:20.395082,cancellation
0,POL-560530,2025-07-13 00:34:33.533432,purchase
0,POL-479931,2025-07-13 03:19:50.718223,renewal
0,POL-521438,2025-07-13 03:40:25.905994,claim
0,POL-846373,2025-07-13 05:03:52.335991,purchase
0,POL-112056,2025-07-13 05:56:10.256632,renewal
0,POL-885252,2025-07-13 06:26:38.761684,claim
0,POL-331815,2025-07-13 06:53:46.293193,claim
0,POL-132949,2025-07-13 08:38:54.795886,purchase
0,POL-154439,2025-07-13 10:40:09.728416,cancellation
0,POL-389769,2025-07-13 10:44:03.413453,claim
0,POL-698917,2025-07-13 11:19:50.858151,claim
0,POL-414758,2025-07-13 15:12:06.068285,claim
0,POL-014176,2025-07-13 16:36:13.369887,cancellation
0,POL-703210,2025-07-13 20:17:16.914394,cancellation
0,POL-217461,2025-07-13 21:51:06.455925,claim
0,POL-697671,2025-07-13 23:05:59.167712,claim
0,POL-700404,2025-07-14 00:23:28.067991,purchase
0,POL-082962,2025-07-14 01:27:18.372626,purchase
0,POL-640887,2025-07-14 01:29:37.773597,renewal
0,POL-511547,2025-07-14 02:08:14.296975,renewal
0,POL-755632,2025-07-14 02:22:00.528260,cancellation
0,POL-059289,2025-07-14 02:33:05.507513,renewal
0,POL-416791,2025-07-14 03:03:34.496424,claim
0,POL-688436,2025-07-14 05:36:13.529754,claim
0,POL-060925,2025-07-14 06:41:53.040044,purchase
0,POL-222010,2025-07-14 08:25:38.320478,cancellation
0,POL-051277,2025-07-14 11:22:43.954733,cancellation
0,POL-166544,2025-07-14 11:57:00.928403,cancellation
0,POL-505921,2025-07-14 12:17:41.182807,renewal
0,POL-340758,2025-07-14 12:19:27.912081,cancellation
0,POL-592508,2025-07-14 12:26:48.941543,claim
0,POL-567104,2025-07-14 13:08:31.798908,cancellation
0,POL-846876,2025-07-14 13:09:56.304141,cancellation
0,POL-948001,2025-07-14 14:04:33.585313,purchase
0,POL-603941,2025-07-14 14:12:48.223561,purchase
0,POL-717527,2025-07-14 15:17:09.311554,purchase
0,POL-800298,2025-07-14 15:20:28.539411,purchase
0,POL-724173,2025-07-14 15:39:28.082474,cancellation
0,POL-628679,2025-07-14 18:24:39.687505,purchase
0,POL-231518,2025-07-14 20:02:04.475457,claim
0,099346,2025-07-14 22:15:27.892254,claim
0,POL-097171,2025-07-15 01:36:54.190610,cancellation
0,POL-153329,2025-07-15 03:24:02.130232,purchase
0,POL-721298,2025-07-15 03:37:44.564922,purchase
0,POL-779482,2025-07-15 05:15:07.177240,claim
0,POL-765153,2025-07-15 06:35:24.533690,claim
0,POL-256658,2025-07-15 06:59:23.938313,renewal
0,POL-285676,2025-07-15 07:41:53.514147,claim
0,POL-352253,2025-07-15 08:04:48.450430,purchase
0,POL-519595,2025-07-15 08:40:24.571155,claim
0,POL-826402,2025-07-15 09:22:39.388392,claim
0,POL-336698,2025-07-15 09:39:51.838187,renewal
0,POL-153750,2025-07-15 10:51:51.117505,purchase
0,POL-901113,2025-07-15 11:49:58.317734,claim
0,POL-072615,2025-07-15 14:09:00.242985,purchase
0,POL-409491,2025-07-15 14:24:02.725183,purchase
0,POL-982194,2025-07-15 14:36:46.645102,claim
0,POL-941594,2025-07-15 16:24:49.296642,cancellation
0,POL-234233,2025-07-15 20:20:47.867888,cancellation
0,POL-982375,2025-07-15 21:36:58.100386,claim
0,POL-863555,2025-07-15 22:36:47.182444,claim
0,POL-610245,2025-07-16 00:19:59.283818,cancellation
0,POL-140808,2025-07-16 03:06:27.475098,renewal
0,POL-489901,2025-07-16 05:18:13.270977,renewal
0,POL-774729,2025-07-16 06:05:45.595194,claim
0,POL-240550,2025-07-16 06:07:38.623094,renewal
0,POL-372357,2025-07-16 06:26:43.044425,cancellation
0,POL-813305,2025-07-16 08:07:34.586887,renewal
0,POL-116370,2025-07-16 10:52:39.576564,claim
0,POL-940190,2025-07-16 11:31:44.209760,cancellation
0,POL-227135,2025-07-16 12:17:14.632540,renewal
0,POL-569823,2025-07-16 14:24:29.496916,purchase
0,POL-814448,2025-07-16 15:03:39.259265,purchase
0,POL-364886,2025-07-16 16:22:35.861234,purchase
0,POL-913771,2025-07-16 16:32:01.425385,purchase
0,POL-895493,2025-07-16 18:13:53.074055,cancellation
0,POL-904614,2025-07-16 19:01:44.436274,claim
0,POL-665547,2025-07-16 19:06:00.876977,renewal
0,POL-827335,2025-07-16 19:09:14.695340,renewal
0,POL-110022,2025-07-16 21:40:06.308467,claim
0,POL-516122,2025-07-16 23:16:59.502491,renewal
0,POL-665365,2025-07-17 07:04:39.329292,cancellation
0,POL-827335,2025-07-17 08:42:55.168606,renewal
0,POL-509284,2025-07-17 08:45:13.186230,purchase
0,POL-579982,2025-07-17 10:07:14.841339,cancellation
0,POL-057863,2025-07-17 10:26:39.225979,claim
0,POL-583775,2025-07-17 10:42:15.725308,purchase
0,POL-366203,2025-07-17 11:53:33.009376,renewal
0,POL-735524,2025-07-17 12:35:55.322280,purchase
0,POL-002608,2025-07-17 13:19:16.176743,renewal
0,POL-896298,2025-07-17 15:17:04.786020,renewal
0,POL-395530,2025-07-17 17:26:58.818719,renewal
0,POL-493073,2025-07-17 17:47:22.217377,claim
0,POL-290712,2025-07-17 18:36:53.635436,purchase
0,POL-581418,2025-07-17 19:18:25.171300,claim
0,POL-211870,2025-07-17 23:23:53.762710,purchase
0,POL-847195,2025-07-18 00:42:06.577039,claim
0,POL-930278,2025-07-18 01:38:34.229605,purchase
0,POL-573652,2025-07-18 04:14:03.182390,claim
0,POL-516028,2025-07-18 04:58:10.404569,renewal
0,POL-363624,2025-07-18 06:40:50.625476,renewal
0,POL-518805,2025-07-18 07:55:37.975453,cancellation
0,POL-329930,2025-07-18 09:38:21.095325,cancellation
0,POL-470605,2025-07-18 10:56:12.962841,cancellation
0,004919,2025-07-18 13:05:07.966747,cancellation
0,POL-856632,2025-07-18 13:22:23.792969,renewal
0,POL-329085,2025-07-18 14:23:01.810309,renewal
0,POL-921138,2025-07-18 15:31:14.321880,purchase
0,POL-817219,2025-07-18 15:59:00.051438,cancellation
0,POL-746699,2025-07-18 21:06:08.038099,cancellation
0,POL-896437,2025-07-18 21:32:25.020180,claim
0,POL-890215,2025-07-18 22:00:02.885601,renewal
0,POL-817207,2025-07-18 22:20:22.430614,claim
0,POL-073960,2025-07-18 22:29:44.014012,cancellation
0,POL-989048,2025-07-19 01:15:22.634643,claim
0,POL-988302,2025-07-19 03:28:34.523602,claim
0,POL-979026,2025-07-19 04:31:45.836129,renewal
0,POL-183488,2025-07-19 04:56:15.906726,purchase
0,POL-118208,2025-07-19 05:22:47.447678,cancellation
0,POL-991176,2025-07-19 05:52:13.206164,purchase
0,POL-464927,2025-07-19 07:24:25.492882,cancellation
0,POL-527235,2025-07-19 08:18:57.233868,cancellation
0,POL-233380,2025-07-19 10:39:31.331024,claim
0,POL-071243,2025-07-19 10:46:18.205675,purchase
0,POL-262405,2025-07-19 10:49:52.650149,claim
0,POL-144669,2025-07-19 11:20:03.030611,claim
0,POL-827597,2025-07-19 11:27:21.960289,cancellation
0,POL-129065,2025-07-19 12:58:50.237444,claim
0,POL-991176,2025-07-19 13:35:34.914796,purchase
0,POL-837339,2025-07-19 13:37:18.227860,purchase
0,POL-272957,2025-07-19 15:26:14.710352,claim
0,POL-700404,2025-07-19 16:05:21.438009,renewal
0,POL-443574,2025-07-19 16:53:11.767641,claim
0,POL-782101,2025-07-19 17:39:03.618351,cancellation
0,POL-483491,2025-07-19 18:15:15.685960,claim
0,POL-408961,2025-07-19 20:23:25.240056,renewal
0,POL-916807,2025-07-19 20:45:06.778294,claim
0,POL-210121,2025-07-19 21:13:17.163102,renewal
0,POL-994615,2025-07-20 00:54:21.391532,renewal
0,POL-183432,2025-07-20 01:32:57.938015,cancellation
0,POL-772671,2025-07-20 02:01:04.379654,claim
0,POL-580406,2025-07-20 02:33:36.202968,claim
0,POL-884294,2025-07-20 02:41:19.433134,cancellation
0,POL-380702,2025-07-20 03:17:22.010772,cancellation
0,POL-332830,2025-07-20 05:04:04.180102,renewal
0,POL-261893,2025-07-20 05:14:56.847339,renewal
0,POL-227680,2025-07-20 05:54:24.170033,renewal
0,POL-250853,2025-07-20 06:54:30.548498,purchase
0,POL-887647,2025-07-20 08:01:36.305628,claim
0,POL-415718,2025-07-20 08:37:24.174201,cancellation
0,POL-898120,2025-07-20 10:43:19.161884,cancellation
0,POL-890964,2025-07-20 12:08:02.537349,renewal
0,POL-119130,2025-07-20 12:52:23.953850,cancellation
0,POL-966621,2025-07-20 13:58:40.471581,purchase
0,POL-377523,2025-07-20 15:26:41.250958,renewal
0,POL-319576,2025-07-20 18:00:21.507878,renewal
0,POL-493707,2025-07-20 19:03:20.415390,cancellation
0,POL-843817,2025-07-20 19:40:34.990140,claim
0,POL-505412,2025-07-20 20:05:35.144315,purchase
0,POL-677364,2025-07-20 20:19:47.888550,cancellation
0,POL-292234,2025-07-20 20:46:41.138055,claim
0,POL-819479,2025-07-20 23:39:23.547856,purchase
0,POL-804290,2025-07-20 23:46:09.059387,purchase
0,POL-938549,2025-07-21 00:10:57.764894,claim
0,POL-425300,2025-07-21 02:09:00.850735,renewal
0,POL-930389,2025-07-21 02:28:32.903636,claim
0,POL-309071,2025-07-21 02:36:07.102341,cancellation
0,POL-512724,2025-07-21 04:51:40.429983,claim
0,POL-249650,2025-07-21 06:34:54.923346,cancellation
0,POL-519710,2025-07-21 10:39:31.170250,renewal
0,POL-026351,2025-07-21 11:02:10.446926,claim
0,POL-618212,2025-07-21 12:37:24.781425,claim
0,POL-618523,2025-07-21 15:23:51.985016,cancellation
0,POL-451794,2025-07-21 15:56:57.734577,cancellation
0,POL-795104,2025-07-21 16:08:47.014423,purchase
0,POL-427750,2025-07-21 17:00:07.977348,claim
0,POL-290869,2025-07-21 20:21:33.856538,claim
0,POL-583833,2025-07-22 01:26:14.153949,claim
0,POL-698428,2025-07-22 01:49:34.335576,purchase
0,POL-964241,2025-07-22 01:57:09.245450,renewal
0,POL-913034,2025-07-22 02:58:14.980096,cancellation
0,POL-058570,2025-07-22 04:14:29.484192,cancellation
0,POL-051277,2025-07-22 05:38:26.991091,cancellation
0,POL-267062,2025-07-22 06:00:14.397464,renewal
0,POL-154728,2025-07-22 07:25:19.287485,cancellation
0,POL-040725,2025-07-22 09:53:58.022592,claim
0,POL-689303,2025-07-22 14:16:47.065570,purchase
0,POL-445769,2025-07-22 15:33:10.341228,renewal
0,POL-904979,2025-07-22 16:16:50.475040,cancellation
0,POL-189872,2025-07-22 16:32:24.913959,cancellation
0,POL-992905,2025-07-22 17:32:21.093673,renewal
0,POL-540160,2025-07-22 17:56:40.318310,purchase
0,POL-148188,2025-07-22 18:37:20.494982,renewal
0,POL-462353,2025-07-22 19:16:57.522454,renewal
0,POL-412023,2025-07-22 19:32:25.821157,claim
0,POL-338867,2025-07-22 20:17:00.201844,cancellation
0,POL-339511,2025-07-22 20:19:00.696145,renewal
0,POL-948729,2025-07-22 22:11:51.892588,renewal
0,POL-675431,2025-07-22 22:47:27.984056,purchase
0,POL-427643,2025-07-23 00:03:15.366740,renewal
0,POL-882977,2025-07-23 01:31:23.374121,claim
0,POL-573226,2025-07-23 02:22:43.603539,cancellation
0,POL-567558,2025-07-23 02:30:59.473565,cancellation
0,POL-775606,2025-07-23 03:42:47.446927,purchase
0,POL-122164,2025-07-23 03:52:43.982576,cancellation
0,POL-199828,2025-07-23 03:52:56.013331,cancellation
0,POL-599081,2025-07-23 03:55:46.394140,cancellation
0,POL-980659,2025-07-23 06:20:28.593583,cancellation
0,809521,2025-07-23 07:05:13.268370,claim
0,POL-330128,2025-07-23 07:08:12.964782,purchase
0,POL-589007,2025-07-23 07:25:11.431237,purchase
0,POL-831546,2025-07-23 09:29:04.371508,renewal
0,POL-847611,2025-07-23 10:01:15.928595,cancellation
0,POL-775621,2025-07-23 10:21:57.048213,purchase
0,POL-859975,2025-07-23 10:24:03.323023,claim
0,POL-124246,2025-07-23 12:48:16.945561,claim
0,POL-014928,2025-07-23 13:00:11.147828,renewal
0,POL-946163,2025-07-23 13:43:03.506516,purchase
0,POL-333236,2025-07-23 16:35:19.954146,purchase
0,POL-236201,2025-07-23 16:44:49.613420,claim
0,POL-272692,2025-07-23 19:34:08.379877,renewal
0,POL-529834,2025-07-23 21:46:04.530734,claim
0,POL-248757,2025-07-23 22:01:42.292991,cancellation
0,POL-889144,2025-07-23 23:05:17.854235,renewal
0,POL-138216,2025-07-23 23:22:24.819032,purchase
0,POL-530771,2025-07-24 00:50:23.124927,renewal
0,POL-980659,2025-07-24 03:15:04.473277,cancellation
0,POL-931308,2025-07-24 04:54:24.985181,renewal
0,POL-606022,2025-07-24 07:29:38.535528,cancellation
0,POL-499327,2025-07-24 08:05:57.632890,purchase
0,POL-224420,2025-07-24 09:01:54.128051,claim
0,POL-412984,2025-07-24 09:48:59.807226,renewal
0,POL-816381,2025-07-24 12:32:20.158021,renewal
0,POL-745644,2025-07-24 14:02:57.796124,purchase
0,POL-772671,2025-07-24 16:55:02.531283,purchase
0,POL-235758,2025-07-24 19:12:26.630573,cancellation
0,POL-630392,2025-07-24 19:18:45.708162,cancellation
0,POL-228693,2025-07-24 21:25:34.509512,renewal
0,POL-778469,2025-07-24 22:08:04.876740,renewal
0,POL-772851,2025-07-24 22:37:28.874141,cancellation
0,POL-318316,2025-07-24 23:35:49.927716,renewal
0,POL-558693,2025-07-25 04:16:19.154215,purchase
0,POL-943483,2025-07-25 04:36:12.067251,cancellation
0,POL-221633,2025-07-25 05:24:23.107676,purchase
0,POL-741245,2025-07-25 08:07:26.712647,renewal
0,POL-117066,2025-07-25 08:55:11.289405,cancellation
0,POL-082422,2025-07-25 11:17:45.369277,claim
0,POL-048869,2025-07-25 11:38:16.836997,purchase
0,POL-169951,2025-07-25 13:30:20.950900,claim
0,POL-080597,2025-07-25 15:36:53.023678,purchase
0,POL-238777,2025-07-25 15:45:28.120959,claim
0,POL-232652,2025-07-25 16:02:35.064952,purchase
0,POL-912345,2025-07-25 17:13:03.568964,renewal
0,POL-214612,2025-07-25 17:29:03.784656,claim
0,POL-064572,2025-07-25 19:08:07.029477,claim
0,POL-593388,2025-07-25 20:09:35.122579,purchase
0,POL-692879,2025-07-25 21:44:19.142656,renewal
0,POL-540844,2025-07-25 22:16:32.681827,claim
0,POL-293253,2025-07-25 23:28:13.479491,cancellation
0,098207,2025-07-26 00:40:25.774308,renewal
0,POL-119160,2025-07-26 00:52:32.627692,purchase
0,POL-827693,2025-07-26 02:10:34.669841,renewal
0,POL-911877,2025-07-26 02:52:24.860565,renewal
0,POL-939463,2025-07-26 03:34:48.975569,renewal
0,POL-171922,2025-07-26 05:30:24.333175,renewal
0,POL-291981,2025-07-26 06:13:48.100173,cancellation
0,POL-964575,2025-07-26 11:34:26.245620,claim
0,POL-460401,2025-07-26 11:48:58.847206,cancellation
0,POL-841087,2025-07-26 13:49:59.222257,cancellation
0,POL-638371,2025-07-26 13:55:49.294198,renewal
0,POL-663065,2025-07-26 13:55:50.038300,claim
0,POL-838122,2025-07-26 15:52:26.510504,renewal
0,POL-097171,2025-07-26 19:44:54.265224,claim
0,POL-745704,2025-07-26 19:52:39.218175,claim
0,POL-495665,2025-07-26 22:27:22.778955,cancellation
0,POL-901042,2025-07-26 22:35:41.809748,cancellation
0,POL-437729,2025-07-26 23:58:42.625655,cancellation
0,POL-283224,2025-07-27 00:34:53.052601,cancellation
0,POL-328621,2025-07-27 00:42:18.567062,purchase
0,POL-053856,2025-07-27 00:43:32.048228,purchase
0,POL-721267,2025-07-27 03:51:03.348687,claim
0,POL-764341,2025-07-27 06:49:14.211700,renewal
0,POL-132632,2025-07-27 07:03:14.637119,purchase
0,POL-246296,2025-07-27 07:54:13.495897,claim
0,POL-042255,2025-07-27 09:46:58.734210,renewal
0,POL-356759,2025-07-27 12:37:12.514857,renewal
0,POL-608020,2025-07-27 12:39:03.133499,purchase
0,POL-570501,2025-07-27 12:59:06.170361,claim
0,POL-724116,2025-07-27 15:15:30.224069,renewal
0,POL-873799,2025-07-27 15:41:23.429953,renewal
0,POL-919256,2025-07-27 19:41:23.557394,purchase
0,POL-215639,2025-07-27 20:41:58.372584,claim
0,POL-746865,2025-07-27 22:02:57.626843,claim
0,POL-586292,2025-07-27 22:06:14.935610,claim
0,POL-406402,2025-07-27 22:49:53.957674,purchase
0,POL-863555,2025-07-27 23:45:10.478188,purchase
0,POL-024668,2025-07-28 00:08:49.804279,claim
0,POL-953269,2025-07-28 00:43:09.356628,cancellation
0,POL-220815,2025-07-28 01:07:05.239240,renewal
0,POL-336115,2025-07-28 01:40:23.824516,cancellation
0,POL-060508,2025-07-28 02:22:13.678165,cancellation
0,POL-439648,2025-07-28 02:33:27.487168,renewal
0,POL-390847,2025-07-28 05:47:48.152299,cancellation
0,POL-647757,2025-07-28 06:04:18.081099,renewal
0,POL-608234,2025-07-28 06:13:42.791340,purchase
0,POL-148386,2025-07-28 06:25:07.454550,purchase
0,POL-709228,2025-07-28 07:21:10.283196,cancellation
0,POL-612829,2025-07-28 08:14:28.443044,renewal
0,POL-591910,2025-07-28 08:56:11.307447,claim
0,POL-745002,2025-07-28 12:16:40.042908,renewal
0,POL-961117,2025-07-28 13:23:22.754880,cancellation
0,POL-903421,2025-07-28 15:05:47.910880,cancellation
0,POL-923637,2025-07-28 15:39:36.252871,claim
0,POL-995728,2025-07-28 16:10:11.059805,purchase
0,POL-619414,2025-07-28 16:38:09.011879,purchase
0,POL-670519,2025-07-28 16:52:37.542440,renewal
0,POL-355655,2025-07-28 16:54:21.947541,claim
0,POL-525638,2025-07-28 17:08:17.121526,claim
0,POL-056536,2025-07-28 19:00:29.134364,renewal
0,POL-845328,2025-07-28 20:42:35.385342,renewal
0,POL-552578,2025-07-28 20:50:56.720654,renewal
0,POL-072998,2025-07-28 21:44:03.041971,purchase
0,POL-210730,2025-07-28 22:11:57.948882,claim
0,POL-563286,2025-07-28 22:30:53.624336,renewal
0,POL-924871,2025-07-29 02:12:03.986644,claim
0,POL-328532,2025-07-29 04:58:49.405678,cancellation
0,POL-679862,2025-07-29 05:33:40.708155,cancellation
0,POL-428683,2025-07-29 07:53:57.215236,purchase
0,POL-904979,2025-07-29 08:32:20.897173,purchase
0,POL-548625,2025-07-29 12:34:00.465907,purchase
0,POL-171210,2025-07-29 13:18:13.338344,claim
0,POL-593016,2025-07-29 13:33:01.184592,claim
0,POL-818799,2025-07-29 13:59:37.584754,claim
0,POL-813151,2025-07-29 15:18:08.423862,renewal
0,POL-133663,2025-07-29 15:54:21.520642,claim
0,POL-390849,2025-07-29 16:10:26.716180,cancellation
0,POL-744708,2025-07-29 17:52:35.739810,cancellation
0,POL-228370,2025-07-29 19:38:59.639332,claim
0,POL-118100,2025-07-29 19:43:35.878540,claim
0,POL-603941,2025-07-29 22:01:11.384493,claim
0,POL-199202,2025-07-29 22:51:08.078238,purchase
0,POL-793374,2025-07-29 23:05:26.604745,purchase
0,POL-482583,2025-07-29 23:44:41.939304,claim
0,POL-754736,2025-07-29 23:45:18.042499,renewal
0,POL-983534,2025-07-29 23:56:08.125618,cancellation
0,POL-821987,2025-07-30 00:16:01.816851,cancellation
0,POL-976019,2025-07-30 01:21:28.180447,claim
0,POL-630053,2025-07-30 01:31:19.571070,claim
0,POL-728674,2025-07-30 01:32:39.283256,renewal
0,POL-795172,2025-07-30 02:45:55.126004,cancellation
0,POL-457693,2025-07-30 04:23:22.713246,purchase
0,POL-491248,2025-07-30 04:51:18.875616,purchase
0,POL-532869,2025-07-30 05:45:37.932996,purchase
0,POL-385623,2025-07-30 05:54:14.358929,cancellation
0,POL-778696,2025-07-30 06:02:10.184445,cancellation
0,POL-014769,2025-07-30 06:51:18.203887,renewal
0,POL-765153,2025-07-30 07:30:57.892745,cancellation
0,POL-312156,2025-07-30 09:12:59.851545,renewal
0,POL-923777,2025-07-30 09:45:48.719357,cancellation
0,POL-109039,2025-07-30 11:40:19.289841,renewal
0,POL-979026,2025-07-30 11:53:46.093600,renewal
0,POL-205364,2025-07-30 13:08:40.111531,renewal
0,POL-151292,2025-07-30 13:40:12.501352,claim
0,POL-675431,2025-07-30 18:09:54.059418,cancellation
0,POL-348144,2025-07-30 18:11:19.001335,claim
0,POL-985930,2025-07-30 20:30:59.980685,claim
0,POL-978952,2025-07-30 21:06:16.057755,purchase
0,POL-080313,2025-07-31 00:52:38.852614,cancellation
0,POL-953022,2025-07-31 01:37:31.042825,renewal
0,377597,2025-07-31 02:15:11.725059,purchase
0,POL-559380,2025-07-31 02:22:59.626856,cancellation
0,POL-917424,2025-07-31 03:10:30.262264,cancellation
0,POL-749955,2025-07-31 04:47:25.229632,claim
0,POL-602874,2025-07-31 06:18:38.801640,renewal
0,POL-238453,2025-07-31 06:30:29.884198,claim
0,POL-172700,2025-07-31 07:03:26.358394,claim
0,POL-620475,2025-07-31 07:18:48.005919,purchase
0,POL-532328,2025-07-31 09:16:34.279570,cancellation
0,POL-350440,2025-07-31 09:17:26.694532,renewal
0,POL-066934,2025-07-31 11:17:56.296606,claim
0,POL-859514,2025-07-31 11:46:59.637382,claim
0,POL-881607,2025-07-31 12:21:05.927724,cancellation
0,POL-884904,2025-07-31 13:19:18.172718,renewal
0,POL-565686,2025-07-31 15:15:47.867728,renewal
0,POL-161730,2025-07-31 16:52:41.141339,renewal
0,859753,2025-07-31 18:36:04.842296,cancellation
0,POL-246813,2025-07-31 21:35:16.675271,purchase
0,POL-913864,2025-07-31 22:36:06.355074,renewal
0,POL-669986,2025-07-31 23:03:23.066842,renewal
0,POL-092755,2025-07-31 23:26:39.061708,cancellation
0,POL-266112,2025-07-31 23:43:35.025252,claim
0,POL-691309,2025-08-01 00:08:16.202989,cancellation
0,POL-030965,2025-08-01 00:21:26.491158,cancellation
0,POL-684326,2025-08-01 01:11:10.698274,purchase
0,POL-639351,2025-08-01 02:33:37.944889,claim
0,POL-441362,2025-08-01 02:39:34.057163,renewal
0,POL-002758,2025-08-01 02:45:53.525306,purchase
0,POL-843119,2025-08-01 03:20:05.124313,renewal
0,POL-089838,2025-08-01 03:20:27.183745,cancellation
0,POL-387971,2025-08-01 04:06:31.236005,purchase
0,POL-153349,2025-08-01 05:16:12.800596,claim
0,POL-926023,2025-08-01 05:53:15.909747,purchase
0,POL-550792,2025-08-01 11:32:17.112188,cancellation
0,POL-741185,2025-08-01 12:08:22.671448,cancellation
0,POL-153206,2025-08-01 12:54:36.785934,renewal
0,POL-992541,2025-08-01 13:16:40.992860,purchase
0,POL-772851,2025-08-01 13:30:22.848414,cancellation
0,POL-709708,2025-08-01 16:18:26.881581,purchase
0,POL-690981,2025-08-01 18:21:02.680136,claim
0,981926,2025-08-01 19:12:21.121300,cancellation
0,POL-374594,2025-08-01 19:54:15.034562,cancellation
0,POL-490667,2025-08-01 21:00:01.615267,purchase
0,POL-988300,2025-08-01 21:14:14.412492,purchase
0,POL-014769,2025-08-01 21:16:09.646643,renewal
0,POL-526679,2025-08-02 00:08:22.630052,cancellation
0,POL-831949,2025-08-02 01:27:15.337274,renewal
0,POL-137044,2025-08-02 02:12:23.518045,purchase
0,POL-480009,2025-08-02 03:50:51.134375,renewal
0,POL-335607,2025-08-02 07:00:51.509679,claim
0,POL-019967,2025-08-02 07:43:28.114238,purchase
0,POL-179188,2025-08-02 09:03:29.315332,cancellation
0,POL-392499,2025-08-02 09:41:04.486651,claim
0,POL-470384,2025-08-02 10:53:48.340801,cancellation
0,POL-210121,2025-08-02 12:42:44.946671,claim
0,POL-885350,2025-08-02 14:06:06.641583,cancellation
0,514494,2025-08-02 14:30:34.993888,claim
0,POL-283947,2025-08-02 15:23:45.310381,claim
0,POL-188566,2025-08-02 15:52:55.956613,purchase
0,POL-894611,2025-08-02 16:25:11.831596,claim
0,POL-096736,2025-08-02 16:29:32.157534,cancellation
0,POL-684326,2025-08-02 16:40:25.829578,cancellation
0,POL-356083,2025-08-02 17:00:10.625255,claim
0,POL-199112,2025-08-02 18:17:09.119334,claim
0,POL-913405,2025-08-02 20:04:59.209977,purchase
0,POL-665492,2025-08-02 23:43:51.882101,renewal
0,POL-324058,2025-08-02 23:44:39.925228,purchase
0,POL-724116,2025-08-03 00:25:04.472370,cancellation
0,POL-410107,2025-08-03 01:30:20.207027,cancellation
0,POL-601287,2025-08-03 03:26:05.527269,purchase
0,POL-721230,2025-08-03 03:39:29.334231,claim
0,POL-896298,2025-08-03 05:01:16.547324,cancellation
0,POL-964996,2025-08-03 05:57:32.501341,purchase
0,POL-161233,2025-08-03 06:47:20.451394,renewal
0,POL-859125,2025-08-03 07:04:38.275143,claim
0,POL-912239,2025-08-03 08:41:06.738867,cancellation
0,POL-345383,2025-08-03 08:48:21.885364,cancellation
0,POL-953269,2025-08-03 09:25:03.613283,cancellation
0,POL-580608,2025-08-03 13:51:56.922639,claim
0,POL-479349,2025-08-03 14:06:29.445127,purchase
0,POL-566073,2025-08-03 14:42:25.757833,purchase
0,POL-063051,2025-08-03 15:15:01.639100,claim
0,806047,2025-08-03 17:59:48.436243,claim
0,POL-010424,2025-08-03 19:46:48.058830,renewal
0,POL-820454,2025-08-03 20:14:52.151994,purchase
0,POL-207266,2025-08-03 20:18:11.027015,cancellation
0,POL-703210,2025-08-03 21:03:43.548762,renewal
0,POL-861800,2025-08-03 22:47:58.246503,cancellation
0,POL-827597,2025-08-03 23:09:47.568288,cancellation
0,POL-236568,2025-08-04 00:51:38.533354,renewal
0,POL-590274,2025-08-04 00:59:04.807602,renewal
0,POL-008035,2025-08-04 03:11:42.804067,claim
0,POL-505777,2025-08-04 03:46:25.659734,cancellation
0,POL-210003,2025-08-04 04:02:44.908637,renewal
0,POL-509731,2025-08-04 04:36:06.634760,purchase
0,POL-381790,2025-08-04 08:13:54.987873,renewal
0,POL-970796,2025-08-04 09:31:23.935121,purchase
0,POL-375755,2025-08-04 11:09:05.577106,cancellation
0,POL-242164,2025-08-04 12:09:49.082149,cancellation
0,POL-842306,2025-08-04 13:16:47.974548,purchase
0,POL-846813,2025-08-04 13:54:32.202529,renewal
0,POL-190001,2025-08-04 15:22:41.970466,cancellation
0,POL-953523,2025-08-04 17:10:45.818623,cancellation
0,POL-544045,2025-08-04 17:46:33.375108,claim
0,POL-070686,2025-08-04 19:36:02.751237,claim
0,POL-544806,2025-08-04 21:19:32.328322,claim
0,POL-973232,2025-08-04 23:02:48.169744,purchase
0,POL-057080,2025-08-04 23:52:12.171501,renewal
0,POL-874890,2025-08-05 00:18:00.437899,claim
0,921989,2025-08-05 00:31:22.885312,cancellation
0,POL-662242,2025-08-05 01:46:59.805537,claim
0,POL-977137,2025-08-05 02:30:45.693148,cancellation
0,POL-632663,2025-08-05 02:48:21.454728,purchase
0,POL-142321,2025-08-05 02:52:51.788316,claim
0,POL-687601,2025-08-05 04:49:39.631433,claim
0,POL-726968,2025-08-05 05:57:23.391902,purchase
0,POL-410107,2025-08-05 06:17:16.244992,renewal
0,POL-725628,2025-08-05 07:03:08.195369,claim
0,POL-530771,2025-08-05 07:45:03.811942,purchase
0,POL-238591,2025-08-05 09:24:13.786560,cancellation
0,POL-015270,2025-08-05 09:56:21.960606,cancellation
0,POL-630180,2025-08-05 10:49:33.429169,cancellation
0,POL-411797,2025-08-05 10:57:51.122581,purchase
0,POL-769871,2025-08-05 11:07:25.485179,claim
0,POL-296703,2025-08-05 11:11:43.673942,purchase
0,POL-685902,2025-08-05 12:56:08.813073,purchase
0,POL-353480,2025-08-05 15:03:41.555408,purchase
0,POL-834075,2025-08-05 15:55:15.983391,claim
0,POL-205746,2025-08-05 16:09:54.709966,purchase
0,315402,2025-08-05 17:59:20.352672,claim
0,POL-190048,2025-08-05 18:26:18.111299,cancellation
0,POL-570629,2025-08-05 18:28:00.782849,purchase
0,POL-112737,2025-08-05 19:38:31.307436,claim
0,POL-607849,2025-08-05 20:45:22.811331,purchase
0,POL-316374,2025-08-05 21:47:25.705656,purchase
0,POL-446351,2025-08-05 23:10:14.770404,purchase
0,POL-441362,2025-08-06 00:24:51.243424,renewal
0,POL-440516,2025-08-06 00:24:54.280687,cancellation
0,POL-349575,2025-08-06 01:26:05.748955,purchase
0,POL-431820,2025-08-06 04:31:12.292592,claim
0,POL-214029,2025-08-06 07:08:10.706820,claim
0,372133,2025-08-06 08:13:57.745663,purchase
0,POL-236496,2025-08-06 09:23:19.289656,claim
0,POL-988158,2025-08-06 10:00:30.024240,renewal
0,POL-224773,2025-08-06 10:55:15.879817,purchase
0,POL-774116,2025-08-06 13:56:38.954439,cancellation
0,POL-318119,2025-08-06 14:46:24.290664,claim
0,POL-148457,2025-08-06 18:06:32.240302,purchase
0,POL-173421,2025-08-06 19:50:18.792091,claim
