,customer_id,policy_id,coverage_amount,policy_type,premium_amount
0,CUS-1568,POL-993257,14199.89,"{'type': 'health', 'brand': 'ProtectPlus'}",6439.77
1,CUS-5920,POL-570501,15671.23,"{'type': 'auto ', 'brand': 'SafeGuard'}",6284.26
2,CUS-6378,POL-995556,46588.57,"{'type': 'auto ', 'brand': 'SafeGuard'}",5831.46
3,CUS-4844,POL-757596,12566.52,"{'type': 'home', 'brand': 'SafeGuard'}",990.45
4,CUS-5401,POL-384632,94956.4,"{'type': 'auto', 'brand': 'SafeGuard'}",5954.6
5,CUS-4535,POL-771047,20377.35,"{'type': 'life', 'brand': 'ProtectPlus'}",562.35
6,CUS-1964,POL-014928,98274.04,"{'type': 'life', 'brand': 'LifeSecure'}",4759.56
7,CUS-1257,POL-097171,-2147483649.0,"{'type': None, 'brand': 'InsureCorp'}",7456.78
8,CUS-2153,POL-594930,99091.56,"{'type': 'life', 'brand': 'LifeSecure'}",4392.86
9,CUS-8543,POL-570186,72572.01,"{'type': 'life', 'brand': 'InsureCorp'}",4786.75
10,CUS-7279,POL-770829,60564.67,"{'type': 'home', 'brand': 'SafeGuard'}",3282.19
11,CUS-5443,POL-316005,17011.37,"{'type': 'life', 'brand': 'ProtectPlus'}",3662.11
12,CUS-7331,POL-903108,99879.86,"{'type': 'auto', 'brand': 'SafeGuard'}",3762.42
13,CUS-4836,POL-832847,52164.79,"{'type': 'health', 'brand': 'ProtectPlus'}",4385.92
14,CUS-1346,POL-128638,28711.09,"{'type': 'health', 'brand': 'ProtectPlus'}",5631.55
15,CUS-8858,POL-958215,33978.77,"{'type': 'life', 'brand': 'LifeSecure'}",5140.94
16,CUS-4710,POL-137915,92581.01,"{'type': 'auto', 'brand': 'InsureCorp'}",5788.2
17,CUS-5846,POL-103393,20583.98,"{'type': 'auto ', 'brand': 'SafeGuard'}",518.79
18,CUS-6903,POL-518134,37420.03,"{'type': 'home', 'brand': 'InsureCorp'}",1281.93
19,CUS-3141,POL-744676,19959.52,"{'type': 'home', 'brand': 'SafeGuard'}",2722.44
20,CUS-4860,POL-628026,72549.62,"{'type': 'home', 'brand': 'SafeGuard'}",6169.6
21,CUS-8975,POL-888175,77912.57,"{'type': 'home', 'brand': 'SafeGuard'}",5001.28
22,CUS-9537,POL-383091,94663.84,"{'type': 'life', 'brand': 'LifeSecure'}",290.72
23,CUS-2811,POL-123216,80685.59,"{'type': 'life', 'brand': 'LifeSecure'}",2889.71
24,CUS-1844,POL-338237,77910.41,"{'type': 'auto', 'brand': 'InsureCorp'}",933.77
25,CUS-7195,POL-764341,63006.19,"{'type': 'auto', 'brand': 'InsureCorp'}",5696.83
26,CUS-9905,POL-621871,94546.17,"{'type': 'health', 'brand': 'ProtectPlus'}",1808.78
27,CUS-9827,POL-348144,31537.6,"{'type': 'life', 'brand': 'InsureCorp'}",7476.71
28,CUS-4818,POL-404943,39320.17,"{'type': 'life', 'brand': 'LifeSecure'}",2799.77
29,CUS-7035,POL-372674,53369.93,"{'type': 'health', 'brand': 'ProtectPlus'}",3759.0
30,CUS-5443,POL-813820,62125.02,"{'type': 'life', 'brand': 'LifeSecure'}",5185.28
31,CUS-1974,POL-207124,46846.24,"{'type': 'health', 'brand': 'ProtectPlus'}",6445.35
32,CUS-3629,POL-174395,77639.73,"{'type': 'life', 'brand': 'LifeSecure'}",4773.08
33,CUS-4134,POL-084468,49539.25,"{'type': 'health', 'brand': 'ProtectPlus'}",2889.29
34,CUS-3552,POL-759961,32659.88,"{'type': 'life', 'brand': 'LifeSecure'}",3449.32
35,CUS-2165,POL-929741,75143.76,"{'type': 'home', 'brand': 'SafeGuard'}",1077.94
36,CUS-3065,POL-099513,81049.34,"{'type': None, 'brand': 'LifeSecure'}",2678.71
37,CUS-5992,POL-528116,32931.41,"{'type': 'life', 'brand': 'LifeSecure'}",4733.31
38,CUS-5889,POL-304999,31837.56,"{'type': 'home', 'brand': 'InsureCorp'}",384.68
39,CUS-9856,POL-445141,19130.73,"{'type': 'health', 'brand': 'ProtectPlus'}",1928.61
40,CUS-6601,POL-658912,18136.41,"{'type': 'home', 'brand': 'InsureCorp'}",715.12
41,CUS-4815,POL-060847,50479.34,"{'type': 'life', 'brand': 'LifeSecure'}",1459.52
42,CUS-6251,POL-003061,49593.12,"{'type': 'life', 'brand': 'LifeSecure'}",6001.39
43,CUS-9811,POL-292414,71226.33,"{'type': 'life', 'brand': 'LifeSecure'}",636.06
44,CUS-8780,POL-487344,29133.76,"{'type': 'life', 'brand': 'LifeSecure'}",2589.91
45,CUS-5516,POL-786191,81921.86,"{'type': 'home', 'brand': 'InsureCorp'}",1476.91
46,CUS-8832,POL-120433,32884.63,"{'type': 'auto', 'brand': 'SafeGuard'}",4216.31
47,CUS-1524,POL-701685,31681.34,"{'type': 'life', 'brand': 'LifeSecure'}",4200.28
48,CUS-7266,POL-936061,41229.05,"{'type': 'life', 'brand': 'LifeSecure'}",3649.38
49,CUS-3148,POL-284547,10753.04,"{'type': 'home', 'brand': 'SafeGuard'}",7307.66
50,CUS-3917,POL-096443,61104.36,"{'type': 'auto ', 'brand': 'SafeGuard'}",2197.12
51,CUS-9144,POL-593783,59816.65,"{'type': 'life', 'brand': 'InsureCorp'}",1593.5
52,CUS-2468,POL-163414,97875.09,"{'type': 'health', 'brand': 'InsureCorp'}",6930.55
53,CUS-8432,POL-714692,10157.36,"{'type': 'life', 'brand': 'LifeSecure'}",1189.16
54,CUS-5854,POL-620643,66153.9,"{'type': 'life', 'brand': 'LifeSecure'}",3500.14
55,CUS-9499,POL-530269,52021.0,"{'type': 'life', 'brand': 'LifeSecure'}",611.7
56,CUS-5394,POL-421358,79257.76,"{'type': 'health', 'brand': 'InsureCorp'}",5014.21
57,CUS-1230,POL-342585,69726.07,"{'type': 'life', 'brand': 'LifeSecure'}",1454.09
58,CUS-8178,859753,20626.07,"{'type': 'health', 'brand': 'ProtectPlus'}",1451.95
59,CUS-5724,POL-217694,35914.41,"{'type': 'auto', 'brand': 'SafeGuard'}",1727.73
60,CUS-6738,POL-186327,45351.4,"{'type': 'life', 'brand': 'ProtectPlus'}",6723.57
61,CUS-3288,POL-895673,69068.91,"{'type': 'auto', 'brand': 'SafeGuard'}",5005.84
62,CUS-4627,POL-671151,18674.13,"{'type': 'auto', 'brand': 'InsureCorp'}",3285.01
63,CUS-1966,POL-459641,66894.08,"{'type': 'auto', 'brand': 'SafeGuard'}",5723.45
64,CUS-2407,POL-048000,41788.32,"{'type': 'life', 'brand': 'LifeSecure'}",1450.54
65,CUS-5463,POL-566359,64400.58,"{'type': 'auto', 'brand': 'InsureCorp'}",2078.94
66,CUS-5369,POL-939582,88326.22,"{'type': 'auto ', 'brand': 'SafeGuard'}",3850.43
67,CUS-8014,POL-096776,84155.37,"{'type': 'life', 'brand': 'ProtectPlus'}",1804.51
68,CUS-9528,POL-942573,38952.86,"{'type': 'life', 'brand': 'LifeSecure'}",6155.38
69,CUS-2378,POL-395326,96314.12,"{'type': 'life', 'brand': 'LifeSecure'}",1536.88
70,CUS-9734,POL-574051,33532.98,"{'type': 'life', 'brand': 'ProtectPlus'}",2954.89
71,CUS-5356,POL-566933,93348.94,"{'type': 'life', 'brand': 'LifeSecure'}",4197.7
72,CUS-8143,POL-706124,76159.3,"{'type': 'life', 'brand': 'ProtectPlus'}",550.35
73,CUS-8029,POL-648744,36494.78,"{'type': 'life', 'brand': 'ProtectPlus'}",5083.6
74,CUS-5884,POL-856924,62264.04,"{'type': 'auto', 'brand': 'SafeGuard'}",1022.21
75,CUS-1863,POL-108340,64557.75,"{'type': 'home', 'brand': 'InsureCorp'}",3673.69
76,CUS-6569,POL-863962,28189.79,"{'type': 'health', 'brand': 'ProtectPlus'}",5227.99
77,CUS-6811,POL-778696,35729.17,"{'type': 'health', 'brand': 'ProtectPlus'}",4460.13
78,CUS-3878,POL-076139,16530.69,"{'type': 'auto ', 'brand': 'SafeGuard'}",2550.36
79,CUS-1022,POL-099184,99141.74,"{'type': 'life', 'brand': 'LifeSecure'}",1016.27
80,CUS-1578,POL-012733,79976.93,"{'type': 'health', 'brand': 'ProtectPlus'}",1635.72
81,CUS-6521,POL-556053,74336.95,"{'type': 'auto', 'brand': 'SafeGuard'}",892.39
82,CUS-4525,POL-039949,33901.25,"{'type': 'auto', 'brand': 'InsureCorp'}",1260.38
83,CUS-5887,POL-046953,48754.56,"{'type': 'health', 'brand': 'ProtectPlus'}",
84,CUS-8495,POL-801136,25203.98,"{'type': None, 'brand': 'ProtectPlus'}",3847.91
85,CUS-1398,POL-124282,94381.94,"{'type': 'auto', 'brand': 'InsureCorp'}",5511.14
86,CUS-1361,POL-015256,13354.12,"{'type': 'auto', 'brand': 'SafeGuard'}",2391.1
87,CUS-1264,POL-535429,61233.33,"{'type': 'auto', 'brand': 'SafeGuard'}",4383.29
88,CUS-9482,POL-516618,23019.9,"{'type': 'health', 'brand': 'InsureCorp'}",6591.95
89,CUS-3293,POL-474470,65087.76,"{'type': 'auto ', 'brand': 'SafeGuard'}",4705.57
90,CUS-4327,POL-197481,67331.11,"{'type': 'life', 'brand': 'LifeSecure'}",5677.61
91,CUS-4073,POL-234440,49605.92,"{'type': 'home', 'brand': 'SafeGuard'}",2639.42
92,CUS-2517,POL-960606,27136.67,"{'type': 'auto', 'brand': 'SafeGuard'}",3127.11
93,CUS-4304,POL-798017,38664.75,"{'type': 'auto', 'brand': 'SafeGuard'}",2630.08
94,CUS-7469,POL-703707,27475.31,"{'type': 'home', 'brand': 'InsureCorp'}",2380.71
95,CUS-4569,POL-561658,53392.64,"{'type': 'life', 'brand': 'ProtectPlus'}",4234.49
96,CUS-7055,POL-184491,51232.36,"{'type': 'auto ', 'brand': 'SafeGuard'}",4077.74
97,CUS-3863,POL-003776,68161.29,"{'type': 'auto', 'brand': 'InsureCorp'}",6025.51
98,CUS-4165,POL-129389,73768.31,"{'type': 'health', 'brand': 'ProtectPlus'}",1281.77
99,CUS-6760,POL-141474,70462.28,"{'type': 'health', 'brand': 'ProtectPlus'}",3450.64
100,CUS-2848,POL-980084,81739.26,"{'type': 'life', 'brand': 'LifeSecure'}",657.98
101,CUS-7769,POL-917456,46589.44,"{'type': 'life', 'brand': 'InsureCorp'}",4585.67
102,CUS-1885,POL-548625,97116.02,"{'type': 'auto', 'brand': 'InsureCorp'}",7383.68
103,CUS-8504,POL-161419,74252.14,"{'type': 'auto ', 'brand': 'SafeGuard'}",4305.47
104,CUS-1795,POL-434681,15470.98,"{'type': 'life', 'brand': 'LifeSecure'}",1225.82
105,CUS-7690,POL-060091,22619.26,"{'type': 'health', 'brand': 'InsureCorp'}",985.51
106,CUS-1308,POL-968881,87904.48,"{'type': 'auto', 'brand': 'InsureCorp'}",1622.9
107,CUS-8024,POL-298819,67758.67,"{'type': 'auto', 'brand': 'SafeGuard'}",6581.66
108,CUS-5885,POL-987859,71471.37,"{'type': 'auto', 'brand': 'SafeGuard'}",1835.6
109,CUS-5643,POL-310646,58698.65,"{'type': 'auto ', 'brand': 'SafeGuard'}",4730.31
110,CUS-6517,POL-674288,35495.02,"{'type': 'home', 'brand': 'InsureCorp'}",6861.11
111,CUS-2802,POL-726961,71354.77,"{'type': 'life', 'brand': 'LifeSecure'}",304.94
112,CUS-6074,POL-098358,68727.5,"{'type': 'life', 'brand': 'ProtectPlus'}",6991.05
113,CUS-4060,POL-586201,38638.92,"{'type': 'auto', 'brand': 'SafeGuard'}",1283.17
114,CUS-1581,POL-162881,23954.01,"{'type': 'life', 'brand': 'LifeSecure'}",7018.92
115,CUS-2487,POL-535500,40203.14,"{'type': 'life', 'brand': 'LifeSecure'}",5676.1
116,CUS-6060,POL-386215,62000.2,"{'type': 'auto', 'brand': 'SafeGuard'}",482.14
117,CUS-1693,POL-819148,97014.72,"{'type': 'life', 'brand': 'LifeSecure'}",1406.49
118,CUS-5499,POL-776736,10143.82,"{'type': 'home', 'brand': 'InsureCorp'}",1086.84
119,CUS-7289,POL-459249,53248.94,"{'type': 'life', 'brand': 'LifeSecure'}",4245.15
120,CUS-5299,POL-628431,62784.26,"{'type': 'health', 'brand': 'ProtectPlus'}",3558.52
121,CUS-5765,POL-582253,10644.66,"{'type': 'auto', 'brand': 'InsureCorp'}",1297.04
122,CUS-7092,POL-144669,27827.61,"{'type': 'life', 'brand': 'InsureCorp'}",1463.05
123,CUS-3844,POL-492590,69088.23,"{'type': 'auto ', 'brand': 'SafeGuard'}",5045.58
124,CUS-7646,372133,30092.72,"{'type': 'life', 'brand': 'ProtectPlus'}",1146.88
125,CUS-5419,POL-242153,80035.34,"{'type': 'life', 'brand': 'LifeSecure'}",1844.75
126,CUS-6451,POL-411591,83063.39,"{'type': 'health', 'brand': 'ProtectPlus'}",7305.1
127,CUS-5992,POL-212991,21225.21,"{'type': 'life', 'brand': 'LifeSecure'}",1823.86
128,CUS-9956,POL-416055,90535.81,"{'type': 'life', 'brand': 'InsureCorp'}",1935.59
129,CUS-1650,POL-248614,17305.95,"{'type': 'health', 'brand': 'ProtectPlus'}",4262.52
130,CUS-3936,POL-687236,97529.82,"{'type': 'auto', 'brand': 'InsureCorp'}",6557.17
131,CUS-5509,POL-507162,47439.33,"{'type': 'life', 'brand': 'ProtectPlus'}",2277.68
132,CUS-4142,POL-124537,68030.34,"{'type': 'life', 'brand': 'InsureCorp'}",5789.21
133,CUS-4884,POL-120106,68051.38,"{'type': 'home', 'brand': 'SafeGuard'}",3215.81
134,CUS-8252,POL-409831,25612.19,"{'type': None, 'brand': 'InsureCorp'}",2069.14
135,CUS-5676,POL-782654,84468.99,"{'type': 'health', 'brand': 'InsureCorp'}",1249.23
136,CUS-1208,POL-890940,69472.53,"{'type': 'health', 'brand': 'ProtectPlus'}",6195.74
137,CUS-4275,POL-215023,85621.82,"{'type': 'auto', 'brand': 'InsureCorp'}",4068.4
138,CUS-8422,POL-912063,95485.95,"{'type': 'auto ', 'brand': 'SafeGuard'}",6556.5
139,CUS-6427,POL-091271,23134.22,"{'type': 'auto', 'brand': 'InsureCorp'}",190.39
140,CUS-5031,POL-140350,63640.75,"{'type': 'health', 'brand': 'ProtectPlus'}",3799.01
141,CUS-6125,POL-056536,43490.41,"{'type': 'health', 'brand': 'ProtectPlus'}",2444.86
142,CUS-6421,POL-733113,91674.53,"{'type': 'life', 'brand': 'LifeSecure'}",1517.45
143,CUS-4586,POL-814696,39846.76,"{'type': 'life', 'brand': 'InsureCorp'}",2400.12
144,CUS-4493,POL-685724,13559.67,"{'type': 'auto', 'brand': 'SafeGuard'}",6438.11
145,CUS-7919,POL-378980,65236.38,"{'type': 'life', 'brand': 'LifeSecure'}",824.13
146,CUS-7592,POL-606148,66767.4,"{'type': 'auto', 'brand': 'SafeGuard'}",2426.52
147,CUS-8543,POL-316523,81978.19,"{'type': 'life', 'brand': 'ProtectPlus'}",5220.03
148,CUS-3736,POL-975096,33624.96,"{'type': 'auto', 'brand': 'InsureCorp'}",4072.91
149,CUS-3592,POL-197178,29553.85,"{'type': 'life', 'brand': 'ProtectPlus'}",297.63
150,CUS-6582,POL-396453,63506.77,"{'type': 'health', 'brand': 'ProtectPlus'}",1651.95
151,CUS-4071,POL-663636,19097.74,"{'type': 'life', 'brand': 'LifeSecure'}",2536.02
152,CUS-8325,POL-784115,60951.2,"{'type': 'life', 'brand': 'LifeSecure'}",5987.78
153,CUS-3684,POL-578384,44018.59,"{'type': None, 'brand': 'SafeGuard'}",6747.4
154,CUS-5054,POL-560234,19741.59,"{'type': 'life', 'brand': 'InsureCorp'}",1938.65
155,CUS-1221,POL-340547,42423.07,"{'type': 'life', 'brand': 'ProtectPlus'}",5414.31
156,CUS-8567,POL-108243,53265.04,"{'type': 'health', 'brand': 'ProtectPlus'}",880.09
157,CUS-2020,POL-516504,28089.63,"{'type': 'home', 'brand': 'InsureCorp'}",2176.39
158,CUS-1157,POL-532252,18655.09,"{'type': None, 'brand': 'SafeGuard'}",6012.89
159,CUS-9920,402458,10680.45,"{'type': 'health', 'brand': 'InsureCorp'}",2417.2
160,CUS-2153,POL-099397,67831.2,"{'type': 'auto', 'brand': 'SafeGuard'}",6868.67
161,CUS-5918,POL-137914,80278.44,"{'type': 'auto', 'brand': 'InsureCorp'}",5761.53
162,CUS-5152,POL-138090,89843.68,"{'type': 'home', 'brand': 'SafeGuard'}",7417.67
163,CUS-8796,POL-403175,89495.13,"{'type': 'life', 'brand': 'LifeSecure'}",2561.91
164,CUS-1637,POL-757828,77561.19,"{'type': None, 'brand': 'InsureCorp'}",1983.46
165,CUS-7762,POL-914947,51991.32,"{'type': 'health', 'brand': 'ProtectPlus'}",4046.06
166,CUS-7790,POL-521556,45679.11,"{'type': 'health', 'brand': 'ProtectPlus'}",4790.81
167,CUS-3813,POL-926151,59621.17,"{'type': 'auto', 'brand': 'SafeGuard'}",6241.92
168,CUS-3479,POL-274539,17017.61,"{'type': 'life', 'brand': 'ProtectPlus'}",2422.31
169,CUS-9959,POL-583054,64301.32,"{'type': 'life', 'brand': 'ProtectPlus'}",2499.56
170,CUS-5757,POL-584172,17877.76,"{'type': 'health', 'brand': 'ProtectPlus'}",7200.05
171,CUS-6171,POL-187313,26684.85,"{'type': 'life', 'brand': 'LifeSecure'}",4636.48
172,CUS-2505,POL-119169,50443.14,"{'type': 'life', 'brand': 'InsureCorp'}",7158.06
173,CUS-9158,POL-236568,68442.37,"{'type': 'life', 'brand': 'LifeSecure'}",6801.95
174,CUS-6978,POL-035641,29985.97,"{'type': 'life', 'brand': 'ProtectPlus'}",1175.97
175,CUS-9201,POL-752163,90612.08,"{'type': 'health', 'brand': 'InsureCorp'}",4803.69
176,CUS-7795,POL-040859,46421.47,"{'type': 'health', 'brand': 'ProtectPlus'}",3791.26
177,CUS-3720,POL-237690,24697.45,"{'type': None, 'brand': 'SafeGuard'}",3233.57
178,CUS-3505,POL-045625,12714.36,"{'type': 'auto ', 'brand': 'SafeGuard'}",7481.0
179,CUS-4198,POL-164298,97368.82,"{'type': 'auto', 'brand': 'InsureCorp'}",5262.37
180,CUS-9002,POL-444778,92626.91,"{'type': 'life', 'brand': 'LifeSecure'}",
181,CUS-1191,POL-351989,72342.3,"{'type': 'auto', 'brand': 'SafeGuard'}",2277.24
182,CUS-1049,POL-222648,26472.33,"{'type': 'home', 'brand': 'SafeGuard'}",6676.61
183,CUS-9362,POL-921793,23739.62,"{'type': 'health', 'brand': 'ProtectPlus'}",1677.2
184,CUS-2089,POL-982249,10076.97,"{'type': 'life', 'brand': 'LifeSecure'}",919.47
185,CUS-4672,POL-089694,31056.62,"{'type': 'life', 'brand': 'InsureCorp'}",1130.58
186,CUS-1066,POL-496128,11235.3,"{'type': 'life', 'brand': 'LifeSecure'}",7087.42
187,CUS-9699,POL-076957,25329.05,"{'type': 'auto', 'brand': 'InsureCorp'}",
188,CUS-4880,POL-908718,32969.77,"{'type': 'life', 'brand': 'LifeSecure'}",2823.99
189,CUS-7118,POL-562154,28311.99,"{'type': 'health', 'brand': 'ProtectPlus'}",4683.49
190,CUS-1957,POL-154728,32277.92,"{'type': 'life', 'brand': 'ProtectPlus'}",3804.29
191,CUS-6002,POL-909672,77179.73,"{'type': 'auto', 'brand': 'InsureCorp'}",376.04
192,CUS-5506,POL-662242,64612.43,"{'type': 'life', 'brand': 'LifeSecure'}",1422.46
193,CUS-9571,POL-262405,66548.2,"{'type': 'health', 'brand': 'InsureCorp'}",2468.52
194,CUS-8295,POL-896630,50450.46,"{'type': 'home', 'brand': 'SafeGuard'}",2955.45
195,CUS-5858,POL-958297,20074.31,"{'type': 'health', 'brand': 'InsureCorp'}",2190.72
196,CUS-4968,POL-592459,41064.25,"{'type': 'life', 'brand': 'LifeSecure'}",3677.8
197,CUS-8954,POL-988323,12685.34,"{'type': 'life', 'brand': 'LifeSecure'}",1464.13
198,CUS-2246,POL-136876,12982.18,"{'type': None, 'brand': 'ProtectPlus'}",5975.35
199,CUS-7848,POL-300632,14805.54,"{'type': 'auto', 'brand': 'InsureCorp'}",5411.21
200,CUS-4579,POL-142868,75540.18,"{'type': 'auto ', 'brand': 'SafeGuard'}",4357.08
201,CUS-3541,POL-319576,46565.74,"{'type': 'home', 'brand': 'InsureCorp'}",2480.35
202,CUS-1638,POL-465497,98460.49,"{'type': 'health', 'brand': 'InsureCorp'}",2939.73
203,CUS-1523,POL-996649,28013.01,"{'type': 'auto ', 'brand': 'SafeGuard'}",914.09
204,CUS-7683,POL-358136,13430.7,"{'type': 'health', 'brand': 'ProtectPlus'}",2579.03
205,CUS-7198,POL-237530,67706.9,"{'type': 'home', 'brand': 'SafeGuard'}",3886.57
206,CUS-9332,POL-928257,64968.68,"{'type': 'home', 'brand': 'SafeGuard'}",6117.03
207,CUS-8892,POL-721894,17276.31,"{'type': 'life', 'brand': 'ProtectPlus'}",3177.58
208,CUS-3396,POL-118243,70499.11,"{'type': 'auto', 'brand': 'SafeGuard'}",50000
209,CUS-2010,POL-664082,61486.47,"{'type': 'home', 'brand': 'InsureCorp'}",3319.42
210,CUS-6376,POL-905782,91803.54,"{'type': 'health', 'brand': 'ProtectPlus'}",3986.69
211,CUS-4728,POL-653997,84737.51,"{'type': 'life', 'brand': 'ProtectPlus'}",1592.67
212,CUS-1004,POL-003940,48672.92,"{'type': 'life', 'brand': 'LifeSecure'}",847.68
213,CUS-4513,POL-822563,73422.5,"{'type': 'home', 'brand': 'SafeGuard'}",5879.06
214,CUS-3685,POL-854739,89792.74,"{'type': None, 'brand': 'SafeGuard'}",6949.14
215,CUS-2002,POL-324862,38602.91,"{'type': 'auto', 'brand': 'SafeGuard'}",6922.76
216,CUS-7810,POL-843659,79799.44,"{'type': 'auto ', 'brand': 'SafeGuard'}",1029.09
217,CUS-3970,POL-159641,67866.73,"{'type': None, 'brand': 'LifeSecure'}",879.7
218,CUS-1867,POL-651012,39200.89,"{'type': 'life', 'brand': 'ProtectPlus'}",4882.74
219,CUS-7718,POL-347208,92670.52,"{'type': 'life', 'brand': 'LifeSecure'}",6377.41
220,CUS-1992,POL-220946,78976.38,"{'type': 'life', 'brand': 'LifeSecure'}",3577.24
221,CUS-4114,POL-218159,67487.19,"{'type': 'life', 'brand': 'LifeSecure'}",6437.06
222,CUS-8538,POL-006322,37465.43,"{'type': 'life', 'brand': 'LifeSecure'}",1844.66
223,CUS-2263,POL-683350,60290.08,"{'type': 'health', 'brand': 'InsureCorp'}",3615.52
224,CUS-3776,POL-039829,32312.33,"{'type': 'auto ', 'brand': 'SafeGuard'}",2875.97
225,CUS-7464,POL-283762,25960.77,"{'type': 'life', 'brand': 'ProtectPlus'}",4563.03
226,CUS-9995,POL-171922,30184.11,"{'type': 'auto', 'brand': 'InsureCorp'}",7489.88
227,CUS-4839,POL-618623,27306.52,"{'type': 'health', 'brand': 'ProtectPlus'}",
228,CUS-4642,POL-792413,42600.86,"{'type': 'life', 'brand': 'LifeSecure'}",2168.49
229,CUS-6220,POL-130592,15285.24,"{'type': 'life', 'brand': 'LifeSecure'}",6298.45
230,CUS-6217,POL-963530,95124.51,"{'type': 'home', 'brand': 'SafeGuard'}",7310.6
231,CUS-5085,POL-978209,96153.04,"{'type': 'life', 'brand': 'ProtectPlus'}",3515.02
232,CUS-7912,POL-506378,40337.25,"{'type': 'auto', 'brand': 'SafeGuard'}",6583.04
233,CUS-5781,POL-937262,45373.97,"{'type': 'life', 'brand': 'InsureCorp'}",7386.44
234,CUS-9002,POL-790133,21503.19,"{'type': 'auto', 'brand': 'SafeGuard'}",3083.0
235,CUS-3778,POL-133053,85114.46,"{'type': 'health', 'brand': 'ProtectPlus'}",3950.23
236,CUS-1232,POL-364276,34729.57,"{'type': 'auto', 'brand': 'SafeGuard'}",1542.36
237,CUS-9744,POL-603541,96791.03,"{'type': 'health', 'brand': 'InsureCorp'}",4035.28
238,CUS-7108,POL-425928,54952.38,"{'type': 'life', 'brand': 'ProtectPlus'}",6111.24
239,CUS-7063,POL-101645,48289.58,"{'type': 'life', 'brand': 'LifeSecure'}",5572.7
240,CUS-6695,POL-064677,79109.33,"{'type': 'health', 'brand': 'ProtectPlus'}",5587.38
241,CUS-5103,POL-454061,11877.4,"{'type': 'health', 'brand': 'ProtectPlus'}",3422.88
242,CUS-6051,POL-220850,82704.79,"{'type': 'health', 'brand': 'InsureCorp'}",7366.98
243,CUS-8098,POL-590461,25946.64,"{'type': 'life', 'brand': 'LifeSecure'}",4539.71
244,CUS-9273,POL-279119,29489.94,"{'type': 'life', 'brand': 'LifeSecure'}",4582.28
245,CUS-3977,POL-423746,21288.36,"{'type': 'health', 'brand': 'ProtectPlus'}",526.01
246,CUS-1707,POL-442204,73112.22,"{'type': 'home', 'brand': 'InsureCorp'}",2816.22
247,CUS-7351,POL-045420,16879.2,"{'type': 'life', 'brand': 'InsureCorp'}",7229.9
248,CUS-6246,POL-857835,50478.13,"{'type': 'health', 'brand': 'InsureCorp'}",5230.12
249,CUS-4108,POL-632295,29661.22,"{'type': 'health', 'brand': 'ProtectPlus'}",5726.09
250,CUS-5276,POL-641182,44472.99,"{'type': None, 'brand': 'ProtectPlus'}",2800.81
251,CUS-1568,POL-224420,11519.13,"{'type': 'life', 'brand': 'ProtectPlus'}",2393.29
252,CUS-4035,POL-026971,22636.7,"{'type': 'health', 'brand': 'ProtectPlus'}",4148.77
253,CUS-6039,POL-339956,50355.72,"{'type': 'auto ', 'brand': 'SafeGuard'}",1562.86
254,CUS-3685,POL-648423,41830.9,"{'type': 'life', 'brand': 'LifeSecure'}",1288.57
255,CUS-5005,POL-550261,31558.93,"{'type': 'home', 'brand': 'SafeGuard'}",6313.35
256,CUS-6464,POL-252465,71650.04,"{'type': 'home', 'brand': 'SafeGuard'}",323.31
257,CUS-5472,POL-377617,90089.11,"{'type': 'home', 'brand': 'SafeGuard'}",5435.24
258,CUS-2458,POL-978450,75446.89,"{'type': 'life', 'brand': 'LifeSecure'}",4269.02
259,CUS-9649,POL-802808,14038.62,"{'type': 'life', 'brand': 'LifeSecure'}",6280.85
260,CUS-6443,POL-037831,65540.68,"{'type': 'home', 'brand': 'InsureCorp'}",4141.22
261,CUS-4607,POL-635406,44461.65,"{'type': 'auto ', 'brand': 'SafeGuard'}",1266.94
262,CUS-7340,POL-642509,20075.8,"{'type': 'home', 'brand': 'SafeGuard'}",618.54
263,CUS-4664,POL-324145,97897.55,"{'type': 'auto', 'brand': 'SafeGuard'}",3954.21
264,CUS-5042,POL-616323,30849.27,"{'type': 'home', 'brand': 'InsureCorp'}",980.19
265,CUS-1298,POL-641665,56117.41,"{'type': 'life', 'brand': 'ProtectPlus'}",2255.85
266,CUS-9960,POL-014771,68603.91,"{'type': 'life', 'brand': 'ProtectPlus'}",1805.53
267,CUS-8414,POL-213074,92543.16,"{'type': 'auto', 'brand': 'InsureCorp'}",50000
268,CUS-5043,POL-050035,91423.03,"{'type': 'health', 'brand': 'ProtectPlus'}",2589.69
269,CUS-4925,POL-533836,12469.48,"{'type': 'auto ', 'brand': 'SafeGuard'}",5620.43
270,CUS-8974,POL-441939,65270.72,"{'type': 'health', 'brand': 'ProtectPlus'}",3541.97
271,CUS-3004,POL-254503,80725.64,"{'type': 'life', 'brand': 'ProtectPlus'}",345.52
272,CUS-9248,POL-237911,86739.35,"{'type': 'auto ', 'brand': 'SafeGuard'}",4840.88
273,CUS-3218,POL-292668,83612.28,"{'type': 'home', 'brand': 'SafeGuard'}",4987.31
274,CUS-6223,POL-583775,27958.27,"{'type': 'auto', 'brand': 'SafeGuard'}",615.21
275,CUS-9438,POL-655597,78586.38,"{'type': 'health', 'brand': 'ProtectPlus'}",6587.14
276,CUS-2221,POL-413034,26328.39,"{'type': None, 'brand': 'LifeSecure'}",4213.39
277,CUS-6350,POL-661970,11598.62,"{'type': 'home', 'brand': 'InsureCorp'}",5847.36
278,CUS-9918,POL-803134,83410.99,"{'type': 'auto ', 'brand': 'SafeGuard'}",
279,CUS-8024,790441,46348.44,"{'type': 'health', 'brand': 'ProtectPlus'}",6342.52
280,CUS-5301,POL-284035,84534.42,"{'type': 'life', 'brand': 'ProtectPlus'}",6311.12
281,CUS-8449,POL-171005,24256.92,"{'type': 'auto', 'brand': 'InsureCorp'}",2035.64
282,CUS-7988,POL-037756,58563.41,"{'type': 'auto', 'brand': 'SafeGuard'}",2852.35
283,CUS-2754,POL-165290,85272.07,"{'type': 'life', 'brand': 'LifeSecure'}",5390.28
284,CUS-5185,POL-252726,82382.03,"{'type': 'life', 'brand': 'LifeSecure'}",1864.97
285,CUS-4646,POL-218015,13025.57,"{'type': 'auto', 'brand': 'SafeGuard'}",6641.66
286,CUS-7680,POL-929889,62091.84,"{'type': 'auto', 'brand': 'SafeGuard'}",6808.33
287,CUS-2776,POL-129136,72352.48,"{'type': 'life', 'brand': 'ProtectPlus'}",6743.16
288,CUS-2489,POL-893581,45428.14,"{'type': 'life', 'brand': 'ProtectPlus'}",3845.95
289,CUS-8185,POL-795947,78481.82,"{'type': 'life', 'brand': 'InsureCorp'}",2963.33
290,CUS-4939,POL-352253,29826.83,"{'type': 'life', 'brand': 'ProtectPlus'}",2473.88
291,CUS-8516,POL-758325,24836.37,"{'type': 'life', 'brand': 'LifeSecure'}",5669.3
292,CUS-4065,POL-132612,80474.82,"{'type': 'auto', 'brand': 'InsureCorp'}",1638.98
293,CUS-7768,POL-495284,41257.49,"{'type': 'auto', 'brand': 'InsureCorp'}",852.88
294,CUS-9127,POL-931200,58087.38,"{'type': 'auto ', 'brand': 'SafeGuard'}",561.08
295,CUS-2341,POL-352737,36199.14,"{'type': 'health', 'brand': 'ProtectPlus'}",1394.94
296,CUS-8637,POL-400748,33857.49,"{'type': 'health', 'brand': 'ProtectPlus'}",3761.75
297,CUS-8014,POL-551418,86683.55,"{'type': 'life', 'brand': 'ProtectPlus'}",1692.65
298,CUS-5753,POL-850653,57618.44,"{'type': 'auto ', 'brand': 'SafeGuard'}",666.48
299,CUS-7762,POL-753681,98269.84,"{'type': 'life', 'brand': 'LifeSecure'}",6298.09
300,CUS-4259,POL-194098,70649.92,"{'type': 'life', 'brand': 'LifeSecure'}",1651.15
301,CUS-2347,POL-414657,99220.52,"{'type': 'health', 'brand': 'ProtectPlus'}",304.16
302,CUS-6916,POL-816502,83077.67,"{'type': 'health', 'brand': 'InsureCorp'}",1163.55
303,CUS-6675,POL-890952,86274.86,"{'type': 'auto', 'brand': 'InsureCorp'}",5231.19
304,CUS-6416,POL-556521,88661.38,"{'type': 'life', 'brand': 'LifeSecure'}",2834.6
305,CUS-5278,POL-459597,77934.23,"{'type': 'life', 'brand': 'LifeSecure'}",523.78
306,CUS-5865,POL-755726,48999.56,"{'type': 'life', 'brand': 'ProtectPlus'}",5395.82
307,CUS-2716,POL-268295,42811.29,"{'type': 'auto', 'brand': 'InsureCorp'}",3244.83
308,CUS-9457,POL-557432,12052.7,"{'type': 'health', 'brand': 'ProtectPlus'}",6402.19
309,CUS-4693,POL-435882,61123.89,"{'type': 'auto ', 'brand': 'SafeGuard'}",2504.85
310,CUS-7860,POL-869257,29450.66,"{'type': 'life', 'brand': 'LifeSecure'}",2306.05
311,CUS-8183,POL-091448,34274.86,"{'type': 'auto ', 'brand': 'SafeGuard'}",2565.71
312,CUS-4642,POL-829274,59287.65,"{'type': 'life', 'brand': 'LifeSecure'}",4606.03
313,CUS-4493,POL-740038,14823.97,"{'type': 'health', 'brand': 'InsureCorp'}",5873.51
314,CUS-8078,POL-385169,48716.09,"{'type': 'auto', 'brand': 'SafeGuard'}",2334.52
315,CUS-3378,POL-505592,36664.17,"{'type': None, 'brand': 'InsureCorp'}",1271.13
316,CUS-2883,POL-881379,60079.82,"{'type': 'life', 'brand': 'LifeSecure'}",941.56
317,CUS-6922,POL-624382,66277.69,"{'type': 'home', 'brand': 'SafeGuard'}",2150.09
318,CUS-2222,POL-899700,32358.79,"{'type': 'auto ', 'brand': 'SafeGuard'}",4445.66
319,CUS-4708,POL-235758,26386.32,"{'type': 'health', 'brand': 'InsureCorp'}",1998.59
320,CUS-6278,POL-562011,89963.44,"{'type': 'life', 'brand': 'LifeSecure'}",2853.5
321,CUS-9227,POL-077087,52643.96,"{'type': 'health', 'brand': 'InsureCorp'}",4601.23
322,CUS-7401,POL-364987,14683.45,"{'type': 'life', 'brand': 'LifeSecure'}",310.61
323,CUS-2693,789091,94758.56,"{'type': 'health', 'brand': 'InsureCorp'}",1040.68
324,CUS-9965,POL-171023,97122.98,"{'type': 'home', 'brand': 'SafeGuard'}",3483.25
325,CUS-1244,POL-215116,53316.08,"{'type': 'home', 'brand': 'SafeGuard'}",7474.03
326,CUS-9898,POL-067396,10400.5,"{'type': None, 'brand': 'SafeGuard'}",5952.07
327,CUS-5674,POL-751972,13513.89,"{'type': 'auto', 'brand': 'SafeGuard'}",50000
328,CUS-2608,POL-696603,23059.09,"{'type': 'auto', 'brand': 'SafeGuard'}",5799.84
329,CUS-1572,POL-435308,44252.31,"{'type': 'home', 'brand': 'SafeGuard'}",6752.09
330,CUS-1127,POL-634625,41247.75,"{'type': 'home', 'brand': 'SafeGuard'}",5229.16
331,CUS-5379,POL-620668,37335.26,"{'type': 'life', 'brand': 'LifeSecure'}",5618.57
332,CUS-5124,POL-083796,42495.9,"{'type': 'life', 'brand': 'ProtectPlus'}",4300.83
333,CUS-3647,POL-253718,16419.67,"{'type': 'life', 'brand': 'LifeSecure'}",2824.47
334,CUS-5783,POL-389638,49467.55,"{'type': 'life', 'brand': 'InsureCorp'}",3822.91
335,CUS-1416,POL-097538,58490.4,"{'type': 'life', 'brand': 'LifeSecure'}",5799.89
336,CUS-6749,POL-708271,84982.31,"{'type': 'life', 'brand': 'InsureCorp'}",3024.39
337,CUS-9362,POL-293131,29609.57,"{'type': 'life', 'brand': 'LifeSecure'}",237.51
338,CUS-8706,POL-882977,44943.02,"{'type': 'life', 'brand': 'LifeSecure'}",4349.09
339,CUS-9862,POL-187579,58727.33,"{'type': 'life', 'brand': 'LifeSecure'}",4477.12
340,CUS-5152,POL-529105,22520.58,"{'type': 'auto', 'brand': 'SafeGuard'}",7185.89
341,CUS-4672,POL-545409,79123.27,"{'type': 'auto', 'brand': 'SafeGuard'}",2720.52
342,CUS-8178,POL-518911,36900.29,"{'type': 'health', 'brand': 'InsureCorp'}",1067.88
343,CUS-6566,POL-613142,23707.81,"{'type': 'home', 'brand': 'InsureCorp'}",6495.79
344,CUS-3599,POL-362154,87585.24,"{'type': 'auto ', 'brand': 'SafeGuard'}",1166.64
345,CUS-8098,POL-432931,45673.11,"{'type': 'auto', 'brand': 'InsureCorp'}",7131.46
346,CUS-4213,POL-060703,34837.54,"{'type': 'life', 'brand': 'LifeSecure'}",584.75
347,CUS-6875,POL-468990,33103.72,"{'type': 'life', 'brand': 'LifeSecure'}",4620.5
348,CUS-8716,POL-006378,99642.11,"{'type': None, 'brand': 'ProtectPlus'}",4914.82
349,CUS-6305,POL-898304,79365.71,"{'type': 'life', 'brand': 'LifeSecure'}",719.9
350,CUS-2633,POL-904614,78020.35,"{'type': 'life', 'brand': 'LifeSecure'}",6829.5
351,CUS-3739,POL-292806,42456.33,"{'type': 'auto', 'brand': 'InsureCorp'}",4512.36
352,CUS-4605,POL-665024,91835.49,"{'type': 'life', 'brand': 'InsureCorp'}",6530.42
353,CUS-4774,POL-765822,49139.63,"{'type': 'life', 'brand': 'ProtectPlus'}",861.56
354,CUS-7351,POL-481155,81370.17,"{'type': 'health', 'brand': 'InsureCorp'}",2496.07
355,CUS-2723,POL-460286,65206.34,"{'type': 'life', 'brand': 'ProtectPlus'}",3610.69
356,CUS-7878,POL-159355,16897.86,"{'type': 'life', 'brand': 'LifeSecure'}",6942.96
357,CUS-6610,POL-238591,63638.58,"{'type': 'home', 'brand': 'SafeGuard'}",4880.39
358,CUS-5097,POL-893072,36890.28,"{'type': 'health', 'brand': 'ProtectPlus'}",6064.23
359,CUS-5956,339607,33846.12,"{'type': 'life', 'brand': 'ProtectPlus'}",7461.63
360,CUS-2668,POL-623832,17034.96,"{'type': 'life', 'brand': 'ProtectPlus'}",2636.59
361,CUS-1937,POL-414758,81974.0,"{'type': 'health', 'brand': 'ProtectPlus'}",5386.33
362,CUS-2623,POL-290685,75912.94,"{'type': 'home', 'brand': 'SafeGuard'}",5642.12
363,CUS-6483,POL-285094,15510.66,"{'type': 'auto', 'brand': 'InsureCorp'}",4479.04
364,CUS-1713,POL-502991,44641.63,"{'type': 'auto ', 'brand': 'SafeGuard'}",5827.28
365,CUS-9333,POL-125720,46157.42,"{'type': 'home', 'brand': 'SafeGuard'}",1442.93
366,CUS-6665,POL-753559,88541.33,"{'type': 'home', 'brand': 'SafeGuard'}",596.56
367,CUS-1526,POL-117066,52089.03,"{'type': 'home', 'brand': 'SafeGuard'}",3135.77
368,CUS-7964,POL-359794,20606.63,"{'type': 'auto', 'brand': 'SafeGuard'}",5848.79
369,CUS-6617,POL-433738,73260.91,"{'type': 'health', 'brand': 'ProtectPlus'}",6926.74
370,CUS-9156,POL-330989,27723.64,"{'type': 'auto ', 'brand': 'SafeGuard'}",7006.8
371,CUS-5540,POL-616201,77151.48,"{'type': 'life', 'brand': 'LifeSecure'}",4301.48
372,CUS-3544,POL-021605,49153.17,"{'type': 'home', 'brand': 'SafeGuard'}",3164.86
373,CUS-4706,POL-928311,78711.71,"{'type': 'auto', 'brand': 'InsureCorp'}",1267.2
374,CUS-8449,POL-657278,24351.02,"{'type': 'life', 'brand': 'InsureCorp'}",2309.45
375,CUS-7102,POL-949943,42070.68,"{'type': 'life', 'brand': 'ProtectPlus'}",2389.61
376,CUS-7245,POL-279172,90855.8,"{'type': 'life', 'brand': 'LifeSecure'}",7042.55
377,CUS-1410,POL-523792,88064.34,"{'type': 'life', 'brand': 'ProtectPlus'}",5602.83
378,CUS-7702,POL-897624,45768.44,"{'type': 'life', 'brand': 'LifeSecure'}",5735.05
379,CUS-4017,POL-958801,57060.63,"{'type': 'auto', 'brand': 'SafeGuard'}",2257.34
380,CUS-8505,POL-019251,-2147483649.0,"{'type': 'life', 'brand': 'ProtectPlus'}",5148.93
381,CUS-4675,POL-195000,15971.22,"{'type': 'life', 'brand': 'ProtectPlus'}",5571.79
382,CUS-4600,POL-509470,94626.71,"{'type': 'life', 'brand': 'ProtectPlus'}",6633.5
383,CUS-4476,POL-997423,15439.51,"{'type': 'life', 'brand': 'ProtectPlus'}",3340.57
384,CUS-1066,POL-593961,10062.15,"{'type': 'auto ', 'brand': 'SafeGuard'}",4531.03
385,CUS-2802,POL-017962,22206.76,"{'type': 'home', 'brand': 'SafeGuard'}",1097.06
386,CUS-1118,POL-074652,60981.2,"{'type': 'life', 'brand': 'InsureCorp'}",4559.46
387,CUS-4412,POL-698428,69249.46,"{'type': 'life', 'brand': 'ProtectPlus'}",3860.28
388,CUS-7248,POL-266680,32751.86,"{'type': 'home', 'brand': 'SafeGuard'}",1488.58
389,CUS-1968,POL-595558,93028.28,"{'type': 'auto ', 'brand': 'SafeGuard'}",
390,CUS-4194,POL-248757,49206.44,"{'type': 'health', 'brand': 'ProtectPlus'}",1706.51
391,CUS-4633,POL-317341,90061.39,"{'type': 'health', 'brand': 'InsureCorp'}",2030.91
392,CUS-9107,POL-307207,50671.65,"{'type': 'auto ', 'brand': 'SafeGuard'}",742.54
393,CUS-9771,POL-828029,72018.05,"{'type': 'life', 'brand': 'LifeSecure'}",3832.49
394,CUS-3476,POL-899663,41807.13,"{'type': 'health', 'brand': 'ProtectPlus'}",4734.3
395,CUS-8902,POL-356545,85822.05,"{'type': 'auto', 'brand': 'InsureCorp'}",7388.7
396,CUS-9699,POL-616794,10241.02,"{'type': 'life', 'brand': 'LifeSecure'}",372.82
397,CUS-2905,POL-345137,98553.26,"{'type': 'health', 'brand': 'ProtectPlus'}",3953.29
398,CUS-2302,POL-559963,11243.03,"{'type': 'life', 'brand': 'LifeSecure'}",1110.57
399,CUS-5390,POL-963712,-2147483649.0,"{'type': 'life', 'brand': 'LifeSecure'}",4514.14
400,CUS-6116,POL-689457,34739.81,"{'type': 'life', 'brand': 'ProtectPlus'}",7426.87
401,CUS-4380,POL-886418,50909.13,"{'type': 'life', 'brand': 'InsureCorp'}",50000
402,CUS-6011,POL-852505,53838.43,"{'type': 'home', 'brand': 'InsureCorp'}",6339.45
403,CUS-7728,POL-146080,55711.86,"{'type': 'auto', 'brand': 'InsureCorp'}",1260.17
404,CUS-6762,POL-181526,38019.24,"{'type': 'life', 'brand': 'LifeSecure'}",5837.95
405,CUS-2840,POL-756136,96844.08,"{'type': 'home', 'brand': 'InsureCorp'}",4661.69
406,CUS-8779,POL-345676,48035.36,"{'type': 'life', 'brand': 'LifeSecure'}",1557.19
407,CUS-3085,POL-575422,73737.98,"{'type': 'health', 'brand': 'ProtectPlus'}",4148.05
408,CUS-5572,POL-334711,65062.39,"{'type': 'life', 'brand': 'InsureCorp'}",3144.59
409,CUS-8202,POL-746699,89574.26,"{'type': 'auto', 'brand': 'SafeGuard'}",701.2
410,CUS-1488,POL-398941,38300.19,"{'type': 'life', 'brand': 'LifeSecure'}",5640.22
411,CUS-4709,POL-073702,63606.57,"{'type': 'home', 'brand': 'InsureCorp'}",5530.29
412,CUS-6271,POL-599641,36901.18,"{'type': 'life', 'brand': 'LifeSecure'}",2091.92
413,CUS-2048,POL-988316,40968.84,"{'type': 'auto ', 'brand': 'SafeGuard'}",4034.68
414,CUS-6403,POL-697457,92074.82,"{'type': 'life', 'brand': 'LifeSecure'}",673.82
415,CUS-3783,928414,20002.04,"{'type': 'home', 'brand': 'SafeGuard'}",4029.29
416,CUS-2322,POL-509502,74726.43,"{'type': 'health', 'brand': 'InsureCorp'}",1032.91
417,CUS-3183,POL-101567,57841.33,"{'type': 'health', 'brand': 'ProtectPlus'}",1785.69
418,CUS-9527,POL-529685,82972.69,"{'type': 'home', 'brand': 'SafeGuard'}",2256.68
419,CUS-6618,POL-250347,95487.48,"{'type': 'life', 'brand': 'LifeSecure'}",1925.2
420,CUS-2275,POL-453268,79129.16,"{'type': 'life', 'brand': 'LifeSecure'}",4664.81
421,CUS-7430,POL-671383,14384.49,"{'type': 'life', 'brand': 'InsureCorp'}",3419.98
422,CUS-3036,POL-420306,41491.73,"{'type': 'auto ', 'brand': 'SafeGuard'}",738.11
423,CUS-2686,POL-614731,97644.24,"{'type': 'home', 'brand': 'SafeGuard'}",1059.75
424,CUS-4948,POL-604381,98293.59,"{'type': 'home', 'brand': 'SafeGuard'}",7030.85
425,CUS-8465,POL-252253,29917.19,"{'type': 'life', 'brand': 'ProtectPlus'}",2407.96
426,CUS-7738,POL-903704,89822.02,"{'type': 'life', 'brand': 'ProtectPlus'}",2068.77
427,CUS-4327,POL-339810,33412.96,"{'type': 'life', 'brand': 'ProtectPlus'}",2571.46
428,CUS-8658,POL-220815,32778.64,"{'type': 'home', 'brand': 'SafeGuard'}",4227.69
429,CUS-6074,POL-741881,54722.12,"{'type': 'auto', 'brand': 'SafeGuard'}",5807.49
430,CUS-6714,POL-821643,96971.55,"{'type': 'life', 'brand': 'InsureCorp'}",2851.31
431,CUS-5173,POL-661321,98845.32,"{'type': 'life', 'brand': 'LifeSecure'}",2561.25
432,CUS-4625,POL-205412,49649.77,"{'type': 'home', 'brand': 'InsureCorp'}",7409.4
433,CUS-2027,POL-635194,68912.08,"{'type': 'life', 'brand': 'LifeSecure'}",3324.48
434,CUS-1252,POL-163232,65512.41,"{'type': 'life', 'brand': 'ProtectPlus'}",511.09
435,CUS-7658,POL-315736,59064.07,"{'type': 'home', 'brand': 'InsureCorp'}",1781.47
436,CUS-5954,POL-276506,42036.3,"{'type': 'auto', 'brand': 'SafeGuard'}",3486.16
437,CUS-8807,POL-441810,56155.45,"{'type': 'auto ', 'brand': 'SafeGuard'}",7240.89
438,CUS-3257,POL-761291,37950.36,"{'type': 'life', 'brand': 'ProtectPlus'}",3706.4
439,CUS-5164,POL-162038,66751.96,"{'type': 'life', 'brand': 'LifeSecure'}",4875.01
440,CUS-8723,POL-304944,88876.8,"{'type': 'auto', 'brand': 'InsureCorp'}",3697.43
441,CUS-7044,POL-996526,47043.42,"{'type': 'auto', 'brand': 'SafeGuard'}",50000
442,CUS-4136,POL-608020,58603.46,"{'type': 'life', 'brand': 'LifeSecure'}",4040.28
443,CUS-2351,POL-224773,29738.86,"{'type': 'life', 'brand': 'ProtectPlus'}",176.61
444,CUS-1971,POL-980659,29544.21,"{'type': 'life', 'brand': 'LifeSecure'}",50000
445,CUS-6187,POL-589007,77798.86,"{'type': 'home', 'brand': 'InsureCorp'}",846.89
446,CUS-1712,POL-565295,50808.24,"{'type': 'health', 'brand': 'InsureCorp'}",4464.08
447,CUS-6802,POL-897947,61598.01,"{'type': 'health', 'brand': 'ProtectPlus'}",1775.09
448,CUS-6582,POL-214029,74563.92,"{'type': 'health', 'brand': 'ProtectPlus'}",2262.46
449,CUS-4026,POL-243385,31832.78,"{'type': 'life', 'brand': 'LifeSecure'}",2440.16
450,CUS-4339,POL-082184,75489.28,"{'type': 'home', 'brand': 'InsureCorp'}",608.21
451,CUS-6693,686544,61110.95,"{'type': 'health', 'brand': 'InsureCorp'}",5030.71
452,CUS-5869,POL-057080,10764.55,"{'type': 'health', 'brand': 'ProtectPlus'}",2670.46
453,CUS-6719,POL-780274,95697.54,"{'type': 'life', 'brand': 'ProtectPlus'}",5554.77
454,CUS-1992,POL-307541,89708.89,"{'type': 'life', 'brand': 'LifeSecure'}",3281.76
455,CUS-9877,POL-494872,71308.5,"{'type': 'life', 'brand': 'LifeSecure'}",4886.33
456,CUS-6617,POL-552600,86477.97,"{'type': 'life', 'brand': 'ProtectPlus'}",1825.98
457,CUS-3838,POL-297748,50769.94,"{'type': 'health', 'brand': 'ProtectPlus'}",3760.77
458,CUS-1357,POL-463366,90765.27,"{'type': 'auto', 'brand': 'InsureCorp'}",3771.53
459,CUS-2189,POL-769218,77683.26,"{'type': 'life', 'brand': 'LifeSecure'}",2257.12
460,CUS-1722,POL-734068,40448.07,"{'type': 'home', 'brand': 'SafeGuard'}",5200.34
461,CUS-8038,POL-772246,47473.11,"{'type': 'auto', 'brand': 'SafeGuard'}",5439.51
462,CUS-7637,POL-924376,99176.26,"{'type': 'health', 'brand': 'ProtectPlus'}",5559.54
463,CUS-6947,POL-250473,65607.57,"{'type': 'home', 'brand': 'SafeGuard'}",7270.54
464,CUS-2433,POL-930389,45903.36,"{'type': 'health', 'brand': 'ProtectPlus'}",7226.19
465,CUS-4079,POL-688526,96250.93,"{'type': 'life', 'brand': 'LifeSecure'}",2246.72
466,CUS-4357,POL-960879,97826.79,"{'type': 'health', 'brand': 'ProtectPlus'}",5002.47
467,CUS-3788,POL-701986,38538.06,"{'type': 'health', 'brand': 'ProtectPlus'}",5743.99
468,CUS-2215,POL-109474,25256.62,"{'type': None, 'brand': 'InsureCorp'}",6722.18
469,CUS-4657,POL-802825,45621.47,"{'type': 'auto', 'brand': 'SafeGuard'}",5425.97
470,CUS-6812,POL-783972,22493.88,"{'type': 'life', 'brand': 'LifeSecure'}",1125.42
471,CUS-5759,POL-920294,59520.52,"{'type': 'life', 'brand': 'LifeSecure'}",1590.14
472,CUS-3244,POL-074833,37113.42,"{'type': 'home', 'brand': 'SafeGuard'}",6655.17
473,CUS-8000,POL-633561,89380.18,"{'type': 'life', 'brand': 'LifeSecure'}",2277.28
474,CUS-4436,POL-789776,19271.39,"{'type': 'auto ', 'brand': 'SafeGuard'}",3531.4
475,CUS-9872,POL-222966,31658.36,"{'type': 'auto', 'brand': 'SafeGuard'}",5014.61
476,CUS-6744,POL-313960,63022.42,"{'type': 'life', 'brand': 'LifeSecure'}",549.27
477,CUS-4355,POL-612845,87277.2,"{'type': 'home', 'brand': 'InsureCorp'}",3156.99
478,CUS-8318,POL-876705,57078.5,"{'type': 'life', 'brand': 'LifeSecure'}",1277.4
479,CUS-7492,POL-226715,27987.9,"{'type': 'life', 'brand': 'ProtectPlus'}",3116.14
480,CUS-1604,POL-993666,51284.76,"{'type': 'life', 'brand': 'ProtectPlus'}",4731.28
481,CUS-5271,POL-560210,49012.01,"{'type': 'life', 'brand': 'InsureCorp'}",1845.95
482,CUS-5841,POL-473564,59528.89,"{'type': 'life', 'brand': 'InsureCorp'}",7039.34
483,CUS-8664,POL-446936,15288.65,"{'type': 'life', 'brand': 'LifeSecure'}",3704.66
484,CUS-7097,POL-053497,17524.65,"{'type': 'auto', 'brand': 'InsureCorp'}",862.68
485,CUS-7860,POL-172533,90079.14,"{'type': 'life', 'brand': 'LifeSecure'}",6996.55
486,CUS-1807,POL-363785,32148.79,"{'type': 'auto', 'brand': 'SafeGuard'}",50000
487,CUS-7706,POL-978952,80099.89,"{'type': 'life', 'brand': 'LifeSecure'}",4779.16
488,CUS-4653,POL-777562,58440.05,"{'type': 'life', 'brand': 'LifeSecure'}",5392.26
489,CUS-5694,POL-336698,94577.03,"{'type': 'life', 'brand': 'ProtectPlus'}",6986.88
490,CUS-4113,POL-370965,85358.45,"{'type': 'life', 'brand': 'LifeSecure'}",5935.77
491,CUS-2098,POL-119669,20892.24,"{'type': 'life', 'brand': 'LifeSecure'}",2287.44
492,CUS-9014,POL-190257,79368.66,"{'type': 'auto', 'brand': 'InsureCorp'}",154.23
493,CUS-4709,POL-457693,29908.47,"{'type': 'life', 'brand': 'LifeSecure'}",3140.43
494,CUS-5325,POL-878255,12671.0,"{'type': 'life', 'brand': 'LifeSecure'}",373.23
495,CUS-4042,POL-750512,76919.99,"{'type': 'home', 'brand': 'InsureCorp'}",4891.19
496,CUS-8378,327623,83766.32,"{'type': 'auto', 'brand': 'SafeGuard'}",3073.21
497,CUS-9647,POL-078483,92362.44,"{'type': 'auto ', 'brand': 'SafeGuard'}",7418.39
498,CUS-3917,POL-495440,49176.32,"{'type': 'life', 'brand': 'LifeSecure'}",6676.09
499,CUS-3404,POL-123789,54322.39,"{'type': 'life', 'brand': 'LifeSecure'}",2006.88
500,CUS-5447,POL-953724,61548.14,"{'type': 'life', 'brand': 'InsureCorp'}",6717.26
501,CUS-9450,POL-552900,23661.5,"{'type': 'life', 'brand': 'LifeSecure'}",7239.71
502,CUS-6072,POL-048869,15897.91,"{'type': 'home', 'brand': 'SafeGuard'}",6452.5
503,CUS-2028,POL-019556,29103.64,"{'type': 'auto', 'brand': 'SafeGuard'}",
504,CUS-3500,POL-790037,65296.22,"{'type': 'life', 'brand': 'LifeSecure'}",5582.15
505,CUS-5456,POL-323141,85934.19,"{'type': 'auto', 'brand': 'SafeGuard'}",3879.5
506,CUS-4642,POL-823660,78440.36,"{'type': 'life', 'brand': 'LifeSecure'}",6720.67
507,CUS-3954,POL-537434,22104.12,"{'type': 'home', 'brand': 'InsureCorp'}",771.69
508,CUS-6951,POL-554254,68270.47,"{'type': 'home', 'brand': 'SafeGuard'}",7357.45
509,CUS-5591,POL-059680,65863.8,"{'type': None, 'brand': 'InsureCorp'}",6075.55
510,CUS-8930,POL-281703,27763.85,"{'type': 'auto', 'brand': 'SafeGuard'}",6490.71
511,CUS-4284,904854,28069.74,"{'type': 'life', 'brand': 'LifeSecure'}",6077.94
512,CUS-9284,POL-608630,33730.2,"{'type': 'auto ', 'brand': 'SafeGuard'}",4338.63
513,CUS-7213,POL-931308,86148.03,"{'type': 'health', 'brand': 'InsureCorp'}",4247.02
514,CUS-3347,POL-469377,32986.05,"{'type': 'life', 'brand': 'LifeSecure'}",752.02
515,CUS-1552,POL-014310,99339.81,"{'type': 'health', 'brand': 'ProtectPlus'}",2259.64
516,CUS-7101,POL-822481,71712.32,"{'type': 'health', 'brand': 'ProtectPlus'}",2474.36
517,CUS-7495,POL-249324,32302.54,"{'type': 'auto', 'brand': 'SafeGuard'}",4883.07
518,CUS-1399,POL-665339,41078.46,"{'type': 'home', 'brand': 'InsureCorp'}",4000.75
519,CUS-3554,POL-749307,18427.54,"{'type': 'home', 'brand': 'SafeGuard'}",2764.64
520,CUS-6139,POL-721128,18970.15,"{'type': 'life', 'brand': 'ProtectPlus'}",2980.2
521,CUS-4006,650660,47819.58,"{'type': 'life', 'brand': 'InsureCorp'}",2688.11
522,CUS-7307,POL-924501,75056.94,"{'type': 'life', 'brand': 'ProtectPlus'}",6727.47
523,CUS-4124,POL-365849,88274.71,"{'type': 'home', 'brand': 'SafeGuard'}",6071.55
524,CUS-2226,POL-826567,34576.48,"{'type': 'life', 'brand': 'LifeSecure'}",4474.79
525,CUS-1857,POL-527474,26069.76,"{'type': 'auto', 'brand': 'SafeGuard'}",2545.57
526,CUS-4464,POL-210073,41225.27,"{'type': 'home', 'brand': 'SafeGuard'}",640.09
527,CUS-9301,POL-994615,91662.73,"{'type': 'auto', 'brand': 'SafeGuard'}",3805.4
528,CUS-3972,POL-918683,56006.24,"{'type': 'auto ', 'brand': 'SafeGuard'}",707.88
529,CUS-9776,POL-633687,51768.08,"{'type': 'life', 'brand': 'LifeSecure'}",6773.47
530,CUS-8091,POL-329838,81531.8,"{'type': 'life', 'brand': 'LifeSecure'}",7191.46
531,CUS-1655,POL-630802,49479.42,"{'type': 'health', 'brand': 'ProtectPlus'}",1633.65
532,CUS-9991,POL-864386,39886.11,"{'type': 'home', 'brand': 'SafeGuard'}",4002.48
533,CUS-1723,POL-020279,86140.23,"{'type': 'health', 'brand': 'ProtectPlus'}",5385.37
534,CUS-6296,POL-178145,52620.99,"{'type': 'home', 'brand': 'SafeGuard'}",4972.68
535,CUS-3179,POL-798761,75508.52,"{'type': 'health', 'brand': 'ProtectPlus'}",5510.09
536,CUS-3394,POL-015090,55210.07,"{'type': 'auto', 'brand': 'InsureCorp'}",2779.64
537,CUS-8142,POL-037310,26050.39,"{'type': 'auto', 'brand': 'InsureCorp'}",5485.45
538,CUS-1360,POL-540844,70707.55,"{'type': 'auto', 'brand': 'SafeGuard'}",1509.31
539,CUS-5794,POL-456032,93226.55,"{'type': 'auto', 'brand': 'InsureCorp'}",776.7
540,CUS-9656,POL-174754,60268.43,"{'type': 'life', 'brand': 'LifeSecure'}",7487.78
541,CUS-8176,POL-713082,84292.67,"{'type': 'life', 'brand': 'ProtectPlus'}",5615.27
542,CUS-6382,POL-538248,64174.41,"{'type': 'home', 'brand': 'InsureCorp'}",5709.12
543,CUS-7401,POL-628007,63947.17,"{'type': 'auto ', 'brand': 'SafeGuard'}",6125.14
544,CUS-9061,085015,55929.24,"{'type': 'life', 'brand': 'LifeSecure'}",1162.27
545,CUS-2322,POL-896608,21872.89,"{'type': 'auto', 'brand': 'InsureCorp'}",277.81
546,CUS-8949,POL-435832,47069.23,"{'type': 'auto ', 'brand': 'SafeGuard'}",5416.37
547,CUS-5054,POL-738219,40849.89,"{'type': 'home', 'brand': 'SafeGuard'}",1494.54
548,CUS-2393,POL-117251,75368.13,"{'type': 'health', 'brand': 'ProtectPlus'}",5762.17
549,CUS-9547,POL-354195,33813.24,"{'type': 'life', 'brand': 'ProtectPlus'}",3287.85
550,CUS-4178,921989,29211.05,"{'type': None, 'brand': 'ProtectPlus'}",4454.15
551,CUS-3105,POL-477701,64917.65,"{'type': 'life', 'brand': 'LifeSecure'}",1849.03
552,CUS-2962,POL-856537,77092.95,"{'type': 'health', 'brand': 'ProtectPlus'}",7439.96
553,CUS-6625,POL-620679,50071.53,"{'type': 'home', 'brand': 'InsureCorp'}",3592.54
554,CUS-5765,POL-291488,31704.5,"{'type': 'life', 'brand': 'InsureCorp'}",405.86
555,CUS-6481,POL-046032,69097.1,"{'type': 'life', 'brand': 'LifeSecure'}",1752.1
556,CUS-6400,POL-991318,27772.08,"{'type': 'auto', 'brand': 'InsureCorp'}",6065.82
557,CUS-7344,POL-066003,91169.73,"{'type': 'life', 'brand': 'LifeSecure'}",1811.59
558,CUS-1151,POL-824968,49081.49,"{'type': 'auto', 'brand': 'InsureCorp'}",386.7
559,CUS-7665,POL-175461,32811.46,"{'type': 'home', 'brand': 'SafeGuard'}",5314.98
560,CUS-6306,POL-131080,47608.54,"{'type': 'auto', 'brand': 'SafeGuard'}",1548.6
561,CUS-5336,POL-837544,63205.55,"{'type': 'auto ', 'brand': 'SafeGuard'}",4755.44
562,CUS-8875,POL-125438,83599.68,"{'type': None, 'brand': 'SafeGuard'}",1906.8
563,CUS-4860,POL-697538,22685.46,"{'type': 'health', 'brand': 'ProtectPlus'}",3171.2
564,CUS-7926,POL-359951,94054.33,"{'type': 'life', 'brand': 'ProtectPlus'}",5865.74
565,CUS-2364,POL-145970,93698.04,"{'type': 'home', 'brand': 'InsureCorp'}",593.92
566,CUS-6891,POL-227135,34736.31,"{'type': 'life', 'brand': 'LifeSecure'}",6062.29
567,CUS-1399,POL-159395,56134.87,"{'type': 'health', 'brand': 'InsureCorp'}",428.42
568,CUS-5450,POL-602874,41823.32,"{'type': 'health', 'brand': 'InsureCorp'}",1758.68
569,CUS-3888,POL-769290,23281.97,"{'type': 'auto', 'brand': 'SafeGuard'}",604.67
570,CUS-7637,POL-484640,51597.26,"{'type': 'auto', 'brand': 'SafeGuard'}",6932.64
571,CUS-8329,POL-204356,53274.23,"{'type': 'life', 'brand': 'ProtectPlus'}",1002.71
572,CUS-3651,POL-024008,24839.21,"{'type': 'auto', 'brand': 'InsureCorp'}",2839.17
573,CUS-8377,POL-253593,83708.03,"{'type': 'life', 'brand': 'LifeSecure'}",1319.95
574,CUS-4930,POL-691228,52594.13,"{'type': None, 'brand': 'LifeSecure'}",3325.86
575,CUS-4622,POL-692071,21934.61,"{'type': 'auto ', 'brand': 'SafeGuard'}",292.85
576,CUS-8319,POL-843156,85442.27,"{'type': 'home', 'brand': 'InsureCorp'}",5877.03
577,CUS-2561,POL-305796,29603.16,"{'type': 'health', 'brand': 'ProtectPlus'}",7094.26
578,CUS-8214,POL-408873,65090.22,"{'type': 'auto', 'brand': 'InsureCorp'}",4217.64
579,CUS-2884,POL-313024,91624.48,"{'type': 'health', 'brand': 'ProtectPlus'}",1599.07
580,CUS-3148,POL-363184,40038.53,"{'type': None, 'brand': 'SafeGuard'}",1601.54
581,CUS-5618,POL-277482,63450.32,"{'type': 'life', 'brand': 'LifeSecure'}",7056.48
582,CUS-2361,POL-053945,88528.27,"{'type': 'life', 'brand': 'InsureCorp'}",50000
583,CUS-4716,POL-009271,55401.16,"{'type': 'life', 'brand': 'ProtectPlus'}",2595.49
584,CUS-5185,POL-990157,35084.39,"{'type': 'life', 'brand': 'LifeSecure'}",1080.37
585,CUS-3348,POL-229965,17297.3,"{'type': 'home', 'brand': 'SafeGuard'}",3800.73
586,CUS-9690,POL-057874,-2147483649.0,"{'type': 'life', 'brand': 'ProtectPlus'}",3120.96
587,CUS-7577,POL-433461,43515.07,"{'type': 'life', 'brand': 'LifeSecure'}",5838.88
588,CUS-9387,POL-624540,40835.43,"{'type': 'auto', 'brand': 'InsureCorp'}",3556.5
589,CUS-9874,POL-969118,86758.84,"{'type': 'health', 'brand': 'ProtectPlus'}",6085.83
590,CUS-7189,919419,33846.61,"{'type': 'life', 'brand': 'LifeSecure'}",4908.15
591,CUS-7654,POL-314105,15942.91,"{'type': None, 'brand': 'LifeSecure'}",3597.06
592,CUS-6964,POL-617331,96474.08,"{'type': 'life', 'brand': 'LifeSecure'}",4882.2
593,CUS-5595,POL-777125,81809.78,"{'type': 'home', 'brand': 'SafeGuard'}",693.0
594,CUS-1106,POL-773698,24899.81,"{'type': 'home', 'brand': 'SafeGuard'}",330.73
595,CUS-5646,POL-372340,56251.32,"{'type': 'home', 'brand': 'SafeGuard'}",5187.06
596,CUS-3709,POL-245876,65478.41,"{'type': 'auto ', 'brand': 'SafeGuard'}",4118.84
597,CUS-1572,POL-424138,35610.33,"{'type': 'life', 'brand': 'LifeSecure'}",7381.25
598,CUS-7352,POL-882744,12094.7,"{'type': 'life', 'brand': 'ProtectPlus'}",3443.28
599,CUS-7026,POL-888062,63754.04,"{'type': 'auto', 'brand': 'SafeGuard'}",794.86
600,CUS-4353,POL-763485,92277.95,"{'type': 'life', 'brand': 'InsureCorp'}",1591.05
601,CUS-6932,POL-632152,60337.27,"{'type': 'health', 'brand': 'ProtectPlus'}",7490.01
602,CUS-3299,POL-171418,64701.9,"{'type': 'auto', 'brand': 'InsureCorp'}",3536.5
603,CUS-6416,POL-842810,31209.86,"{'type': 'auto', 'brand': 'InsureCorp'}",2916.48
604,CUS-4836,POL-432100,52693.14,"{'type': 'home', 'brand': 'InsureCorp'}",6748.72
605,CUS-4778,POL-753690,14228.65,"{'type': 'health', 'brand': 'ProtectPlus'}",171.27
606,CUS-6423,POL-466841,26452.13,"{'type': 'health', 'brand': 'ProtectPlus'}",1544.33
607,CUS-6880,POL-283382,51294.49,"{'type': None, 'brand': 'ProtectPlus'}",1953.06
608,CUS-9343,POL-342619,16796.52,"{'type': 'auto', 'brand': 'SafeGuard'}",1584.26
609,CUS-8268,POL-483680,18273.88,"{'type': None, 'brand': 'LifeSecure'}",5468.22
610,CUS-4729,POL-429947,88468.97,"{'type': 'auto', 'brand': 'SafeGuard'}",1560.5
611,CUS-4755,POL-500099,53506.68,"{'type': 'life', 'brand': 'LifeSecure'}",4839.95
612,CUS-6421,POL-919113,21241.21,"{'type': 'auto ', 'brand': 'SafeGuard'}",2807.5
613,CUS-9847,POL-466564,44176.88,"{'type': 'home', 'brand': 'SafeGuard'}",4951.85
614,CUS-8421,POL-687031,17439.52,"{'type': 'health', 'brand': 'ProtectPlus'}",5289.44
615,CUS-4355,POL-218171,62992.08,"{'type': 'auto ', 'brand': 'SafeGuard'}",
616,CUS-9525,POL-408256,29787.99,"{'type': None, 'brand': 'SafeGuard'}",2125.99
617,CUS-4884,POL-684064,85433.67,"{'type': 'health', 'brand': 'InsureCorp'}",1532.82
618,CUS-5879,POL-451710,50959.98,"{'type': 'health', 'brand': 'ProtectPlus'}",3036.48
619,CUS-3142,POL-781579,82107.88,"{'type': 'life', 'brand': 'InsureCorp'}",6250.11
620,CUS-3960,POL-681664,76702.86,"{'type': 'life', 'brand': 'LifeSecure'}",2976.34
621,CUS-8339,POL-214015,15678.16,"{'type': 'auto', 'brand': 'SafeGuard'}",7013.98
622,CUS-7123,POL-132632,72657.88,"{'type': 'life', 'brand': 'LifeSecure'}",837.66
623,CUS-7612,POL-556062,83747.37,"{'type': 'auto', 'brand': 'SafeGuard'}",7229.6
624,CUS-7867,POL-887424,73963.52,"{'type': 'health', 'brand': 'ProtectPlus'}",4362.22
625,CUS-3362,POL-118917,93862.5,"{'type': 'life', 'brand': 'LifeSecure'}",1449.43
626,CUS-7646,POL-580376,55497.73,"{'type': 'health', 'brand': 'InsureCorp'}",5231.93
627,CUS-1844,POL-015817,89533.44,"{'type': 'auto', 'brand': 'InsureCorp'}",1366.94
628,CUS-4395,POL-891658,32454.07,"{'type': 'life', 'brand': 'InsureCorp'}",1383.97
629,CUS-5713,POL-128965,32164.53,"{'type': 'auto', 'brand': 'SafeGuard'}",6138.14
630,CUS-4491,POL-125330,33457.17,"{'type': 'auto ', 'brand': 'SafeGuard'}",5154.65
631,CUS-5147,POL-358256,32379.39,"{'type': 'health', 'brand': 'InsureCorp'}",4353.34
632,CUS-2939,POL-027494,26622.71,"{'type': 'life', 'brand': 'ProtectPlus'}",5101.88
633,CUS-2536,POL-994028,90464.8,"{'type': 'life', 'brand': 'LifeSecure'}",2649.56
634,CUS-4675,POL-715962,32432.14,"{'type': 'health', 'brand': 'ProtectPlus'}",7291.45
635,CUS-8740,POL-240171,57465.71,"{'type': None, 'brand': 'InsureCorp'}",5211.72
636,CUS-7374,POL-528095,60280.44,"{'type': 'auto ', 'brand': 'SafeGuard'}",2139.83
637,CUS-9592,POL-287679,49667.58,"{'type': 'home', 'brand': 'SafeGuard'}",4274.91
638,CUS-2972,POL-805978,30987.21,"{'type': 'life', 'brand': 'InsureCorp'}",3747.08
639,CUS-2894,POL-669330,84287.54,"{'type': 'life', 'brand': 'LifeSecure'}",357.64
640,CUS-7076,POL-412984,35918.46,"{'type': 'health', 'brand': 'ProtectPlus'}",3641.56
641,CUS-7958,POL-563416,72657.06,"{'type': 'life', 'brand': 'ProtectPlus'}",3405.53
642,CUS-4180,POL-726968,24581.31,"{'type': None, 'brand': 'SafeGuard'}",5394.17
643,CUS-5765,POL-636983,51320.51,"{'type': 'health', 'brand': 'ProtectPlus'}",2198.65
644,CUS-3570,POL-945842,53674.93,"{'type': 'auto ', 'brand': 'SafeGuard'}",6701.72
645,CUS-2180,POL-817207,27725.81,"{'type': 'auto', 'brand': 'InsureCorp'}",916.6
646,CUS-5941,POL-227680,46894.23,"{'type': 'auto', 'brand': 'SafeGuard'}",5953.53
647,CUS-9546,POL-647757,96686.59,"{'type': 'life', 'brand': 'ProtectPlus'}",3424.21
648,CUS-9623,POL-026922,76667.13,"{'type': 'health', 'brand': 'InsureCorp'}",2821.28
649,CUS-8069,POL-643033,57359.22,"{'type': 'health', 'brand': 'ProtectPlus'}",2704.09
650,CUS-8484,POL-911877,92663.9,"{'type': 'auto', 'brand': 'InsureCorp'}",451.44
651,CUS-6288,POL-109039,67367.25,"{'type': 'life', 'brand': 'InsureCorp'}",6405.08
652,CUS-4303,POL-595408,30503.63,"{'type': 'home', 'brand': 'SafeGuard'}",7105.81
653,CUS-1552,POL-163160,12468.61,"{'type': 'auto', 'brand': 'InsureCorp'}",4650.43
654,CUS-3656,POL-701974,75007.27,"{'type': 'life', 'brand': 'ProtectPlus'}",568.42
655,CUS-7303,POL-985849,94291.85,"{'type': 'life', 'brand': 'ProtectPlus'}",1250.71
656,CUS-2643,POL-853947,84017.42,"{'type': 'life', 'brand': 'InsureCorp'}",7292.65
657,CUS-8969,POL-698917,52334.04,"{'type': 'life', 'brand': 'LifeSecure'}",907.09
658,CUS-3480,POL-895840,32221.38,"{'type': 'home', 'brand': 'InsureCorp'}",3951.59
659,CUS-5128,POL-512724,73433.41,"{'type': 'life', 'brand': 'InsureCorp'}",4841.22
660,CUS-1640,POL-272265,30402.18,"{'type': 'life', 'brand': 'LifeSecure'}",6725.06
661,CUS-8317,POL-030026,99014.99,"{'type': 'auto', 'brand': 'InsureCorp'}",4849.34
662,CUS-5058,POL-771608,37220.96,"{'type': 'home', 'brand': 'InsureCorp'}",50000
663,CUS-7684,POL-903685,43027.11,"{'type': 'health', 'brand': 'ProtectPlus'}",1605.82
664,CUS-2847,POL-919256,91129.59,"{'type': 'life', 'brand': 'InsureCorp'}",6099.94
665,CUS-6752,POL-967009,-2147483649.0,"{'type': 'health', 'brand': 'InsureCorp'}",1204.8
666,CUS-9527,POL-208011,14616.79,"{'type': 'life', 'brand': 'ProtectPlus'}",7001.36
667,CUS-1402,POL-476648,61822.66,"{'type': 'life', 'brand': 'ProtectPlus'}",1660.74
668,CUS-6226,POL-334941,64235.96,"{'type': 'life', 'brand': 'LifeSecure'}",2924.26
669,CUS-4374,POL-297672,10659.17,"{'type': 'auto ', 'brand': 'SafeGuard'}",6853.74
670,CUS-8650,POL-778336,34880.05,"{'type': 'life', 'brand': 'LifeSecure'}",6814.5
671,CUS-4113,POL-406658,23332.87,"{'type': 'home', 'brand': 'SafeGuard'}",4284.53
672,CUS-4681,POL-648965,95299.07,"{'type': 'life', 'brand': 'LifeSecure'}",3364.49
673,CUS-4010,POL-069548,58593.37,"{'type': 'home', 'brand': 'InsureCorp'}",4511.93
674,CUS-7325,POL-845492,27367.25,"{'type': 'life', 'brand': 'LifeSecure'}",6644.18
675,CUS-4242,POL-779779,-2147483649.0,"{'type': 'auto', 'brand': 'SafeGuard'}",1412.09
676,CUS-3964,348296,26900.98,"{'type': 'life', 'brand': 'LifeSecure'}",
677,CUS-3726,POL-253570,56118.65,"{'type': 'life', 'brand': 'ProtectPlus'}",1156.59
678,CUS-1885,POL-235751,96240.11,"{'type': 'home', 'brand': 'InsureCorp'}",
679,CUS-4875,POL-173892,91446.53,"{'type': 'health', 'brand': 'InsureCorp'}",4988.75
680,CUS-9255,POL-131392,43166.97,"{'type': None, 'brand': 'ProtectPlus'}",1699.55
681,CUS-6425,POL-946619,60839.57,"{'type': 'auto', 'brand': 'InsureCorp'}",910.24
682,CUS-2184,POL-234294,56110.62,"{'type': 'auto', 'brand': 'InsureCorp'}",3048.11
683,CUS-1488,POL-856318,17608.81,"{'type': 'home', 'brand': 'InsureCorp'}",2704.78
684,CUS-7201,POL-688902,72165.28,"{'type': 'home', 'brand': 'InsureCorp'}",1873.63
685,CUS-9322,POL-363261,10642.36,"{'type': None, 'brand': 'InsureCorp'}",6789.5
686,CUS-7380,POL-574511,56869.86,"{'type': 'life', 'brand': 'ProtectPlus'}",6855.23
687,CUS-7181,POL-381364,31273.94,"{'type': 'health', 'brand': 'ProtectPlus'}",1136.83
688,CUS-2304,POL-322470,42112.74,"{'type': 'life', 'brand': 'LifeSecure'}",7017.93
689,CUS-9171,POL-016029,69636.1,"{'type': 'life', 'brand': 'ProtectPlus'}",5827.39
690,CUS-6135,POL-133857,46562.18,"{'type': 'auto ', 'brand': 'SafeGuard'}",4051.75
691,CUS-8133,POL-217534,47889.96,"{'type': 'life', 'brand': 'LifeSecure'}",2843.83
692,CUS-7499,POL-752255,32974.39,"{'type': 'auto', 'brand': 'SafeGuard'}",6337.85
693,CUS-7943,POL-806816,35748.58,"{'type': 'life', 'brand': 'ProtectPlus'}",2765.75
694,CUS-1046,POL-874909,58514.22,"{'type': 'life', 'brand': 'ProtectPlus'}",
695,CUS-6445,POL-792845,56696.32,"{'type': 'auto', 'brand': 'SafeGuard'}",6018.04
696,CUS-8904,POL-649446,82164.7,"{'type': 'health', 'brand': 'ProtectPlus'}",6305.37
697,CUS-5222,POL-822394,34194.02,"{'type': 'life', 'brand': 'InsureCorp'}",1941.37
698,CUS-6073,POL-525666,50323.09,"{'type': 'life', 'brand': 'LifeSecure'}",488.23
699,CUS-5874,POL-544033,10047.2,"{'type': 'life', 'brand': 'LifeSecure'}",
700,CUS-1880,POL-577912,90792.31,"{'type': 'health', 'brand': 'InsureCorp'}",5095.9
701,CUS-2425,POL-560940,13852.1,"{'type': 'health', 'brand': 'ProtectPlus'}",50000
702,CUS-5409,POL-381977,22192.34,"{'type': 'auto ', 'brand': 'SafeGuard'}",2042.2
703,CUS-7076,POL-427715,59073.13,"{'type': 'life', 'brand': 'ProtectPlus'}",3011.85
704,CUS-8488,POL-128096,93811.44,"{'type': 'home', 'brand': 'InsureCorp'}",3578.85
705,CUS-2827,POL-652910,28651.04,"{'type': 'life', 'brand': 'LifeSecure'}",5208.76
706,CUS-7105,POL-519758,60527.32,"{'type': None, 'brand': 'ProtectPlus'}",3989.41
707,CUS-8447,POL-134179,17787.01,"{'type': 'health', 'brand': 'ProtectPlus'}",5423.8
708,CUS-6404,POL-785722,36145.15,"{'type': 'life', 'brand': 'ProtectPlus'}",2407.14
709,CUS-7640,POL-834614,61864.76,"{'type': 'auto', 'brand': 'InsureCorp'}",3482.8
710,CUS-2569,POL-407622,75212.22,"{'type': 'life', 'brand': 'InsureCorp'}",1853.96
711,CUS-3896,POL-126114,86454.64,"{'type': 'life', 'brand': 'LifeSecure'}",3732.15
712,CUS-5846,POL-323561,39358.3,"{'type': 'home', 'brand': 'InsureCorp'}",1405.25
713,CUS-7201,POL-741185,25067.76,"{'type': 'auto ', 'brand': 'SafeGuard'}",4216.82
714,CUS-1298,POL-894109,23114.46,"{'type': 'auto', 'brand': 'SafeGuard'}",727.13
715,CUS-7125,POL-651779,89980.15,"{'type': 'home', 'brand': 'InsureCorp'}",2332.33
716,CUS-9671,POL-824912,67973.17,"{'type': 'life', 'brand': 'ProtectPlus'}",5554.65
717,CUS-4291,POL-012643,23131.11,"{'type': 'home', 'brand': 'SafeGuard'}",7411.34
718,CUS-3966,POL-907707,15869.64,"{'type': 'health', 'brand': 'ProtectPlus'}",1458.4
719,CUS-4631,POL-842306,67088.82,"{'type': 'health', 'brand': 'ProtectPlus'}",857.76
720,CUS-8666,POL-095636,53046.16,"{'type': 'auto', 'brand': 'InsureCorp'}",
721,CUS-8415,POL-097932,20510.96,"{'type': 'auto', 'brand': 'InsureCorp'}",871.9
722,CUS-6574,POL-164318,59952.35,"{'type': 'life', 'brand': 'LifeSecure'}",
723,CUS-8473,POL-404726,47870.97,"{'type': 'health', 'brand': 'ProtectPlus'}",6914.5
724,CUS-9973,POL-033450,75190.29,"{'type': 'life', 'brand': 'ProtectPlus'}",5227.71
725,CUS-1288,POL-591567,13325.81,"{'type': 'health', 'brand': 'InsureCorp'}",3450.0
726,CUS-1502,POL-727741,13600.18,"{'type': 'life', 'brand': 'LifeSecure'}",2622.13
727,CUS-1166,POL-944097,10945.52,"{'type': 'health', 'brand': 'ProtectPlus'}",5892.29
728,CUS-5854,POL-290240,41742.53,"{'type': 'home', 'brand': 'InsureCorp'}",4640.98
729,CUS-9296,POL-808924,45553.56,"{'type': 'life', 'brand': 'LifeSecure'}",2158.87
730,CUS-3311,POL-593495,46495.27,"{'type': None, 'brand': 'ProtectPlus'}",5324.33
731,CUS-4773,POL-384234,24788.34,"{'type': 'auto ', 'brand': 'SafeGuard'}",4293.66
732,CUS-2165,POL-892899,12972.88,"{'type': 'home', 'brand': 'InsureCorp'}",5259.56
733,CUS-7614,POL-016187,67996.16,"{'type': 'health', 'brand': 'InsureCorp'}",2809.32
734,CUS-3846,POL-625217,51495.56,"{'type': 'home', 'brand': 'SafeGuard'}",5283.81
735,CUS-7785,POL-222010,25860.68,"{'type': 'health', 'brand': 'InsureCorp'}",1662.79
736,CUS-5176,POL-405181,12649.3,"{'type': 'auto', 'brand': 'SafeGuard'}",2995.5
737,CUS-6503,POL-092436,71528.5,"{'type': 'home', 'brand': 'SafeGuard'}",4466.13
738,CUS-7352,POL-512263,51478.43,"{'type': 'auto ', 'brand': 'SafeGuard'}",2175.34
739,CUS-3888,167463,11548.96,"{'type': 'life', 'brand': 'ProtectPlus'}",3420.04
740,CUS-1965,POL-953269,-2147483649.0,"{'type': 'home', 'brand': 'SafeGuard'}",6811.31
741,CUS-2746,POL-675918,31027.54,"{'type': 'auto ', 'brand': 'SafeGuard'}",1777.46
742,CUS-9610,POL-868796,93644.14,"{'type': 'auto ', 'brand': 'SafeGuard'}",2893.86
743,CUS-1735,POL-108969,82927.48,"{'type': 'home', 'brand': 'InsureCorp'}",4348.07
744,CUS-7374,POL-677162,65918.91,"{'type': 'auto', 'brand': 'SafeGuard'}",6920.48
745,CUS-1001,POL-463377,10926.52,"{'type': 'life', 'brand': 'LifeSecure'}",2492.5
746,CUS-6022,POL-952462,25675.07,"{'type': 'life', 'brand': 'LifeSecure'}",4508.57
747,CUS-9659,POL-034216,57446.11,"{'type': 'auto ', 'brand': 'SafeGuard'}",1257.66
748,CUS-9296,POL-493240,18503.1,"{'type': 'auto', 'brand': 'InsureCorp'}",7190.53
749,CUS-5643,POL-923637,65979.0,"{'type': 'life', 'brand': 'LifeSecure'}",4070.99
750,CUS-4495,POL-095045,62057.24,"{'type': 'auto', 'brand': 'InsureCorp'}",3629.45
751,CUS-3745,POL-305219,83916.78,"{'type': 'auto', 'brand': 'SafeGuard'}",5520.82
752,CUS-7267,POL-630180,38735.53,"{'type': 'life', 'brand': 'ProtectPlus'}",5988.62
753,CUS-2910,POL-979130,58759.53,"{'type': 'health', 'brand': 'InsureCorp'}",6142.28
754,CUS-4140,POL-940190,35000.09,"{'type': 'health', 'brand': 'InsureCorp'}",2950.02
755,CUS-5387,POL-939463,19916.37,"{'type': 'life', 'brand': 'LifeSecure'}",409.15
756,CUS-2355,POL-512124,77458.6,"{'type': 'life', 'brand': 'LifeSecure'}",4138.05
757,CUS-2175,POL-657724,91930.16,"{'type': 'life', 'brand': 'LifeSecure'}",2289.88
758,CUS-9779,POL-748093,30815.35,"{'type': 'life', 'brand': 'ProtectPlus'}",4436.24
759,CUS-8504,POL-958594,12661.16,"{'type': 'life', 'brand': 'LifeSecure'}",2372.67
760,CUS-7712,POL-728674,69271.15,"{'type': 'health', 'brand': 'InsureCorp'}",1829.65
761,CUS-3989,POL-160396,44210.37,"{'type': 'home', 'brand': 'SafeGuard'}",2900.94
762,CUS-4073,POL-443886,79606.63,"{'type': 'home', 'brand': 'InsureCorp'}",984.78
763,CUS-6503,POL-040880,87941.19,"{'type': 'life', 'brand': 'LifeSecure'}",5757.27
764,CUS-9355,POL-054663,61675.54,"{'type': 'health', 'brand': 'ProtectPlus'}",2555.42
765,CUS-5168,POL-317663,23443.41,"{'type': 'life', 'brand': 'ProtectPlus'}",6291.35
766,CUS-5396,POL-040977,15001.52,"{'type': 'health', 'brand': 'InsureCorp'}",2651.14
767,CUS-3522,POL-446727,25719.83,"{'type': 'life', 'brand': 'InsureCorp'}",4268.64
768,CUS-4759,POL-164820,88948.17,"{'type': 'life', 'brand': 'InsureCorp'}",2960.56
769,CUS-1851,POL-217815,89137.61,"{'type': 'auto ', 'brand': 'SafeGuard'}",3912.06
770,CUS-1481,POL-118208,86187.95,"{'type': 'health', 'brand': 'ProtectPlus'}",6274.49
771,CUS-3288,POL-131654,75057.58,"{'type': 'life', 'brand': 'ProtectPlus'}",2307.48
772,CUS-6292,POL-451517,55278.32,"{'type': 'health', 'brand': 'ProtectPlus'}",6659.22
773,CUS-3789,POL-951452,18053.27,"{'type': 'health', 'brand': 'ProtectPlus'}",332.89
774,CUS-3984,324908,61756.47,"{'type': 'health', 'brand': 'ProtectPlus'}",2082.91
775,CUS-9741,POL-759589,17909.32,"{'type': 'life', 'brand': 'LifeSecure'}",6431.39
776,CUS-2351,POL-560262,31710.67,"{'type': 'auto ', 'brand': 'SafeGuard'}",3195.16
777,CUS-9671,098207,67856.58,"{'type': 'life', 'brand': 'LifeSecure'}",5178.47
778,CUS-8591,POL-206081,29840.08,"{'type': 'auto ', 'brand': 'SafeGuard'}",3739.15
779,CUS-2590,POL-968835,15220.53,"{'type': 'auto', 'brand': 'InsureCorp'}",2161.65
780,CUS-5325,POL-601986,70273.23,"{'type': 'health', 'brand': 'ProtectPlus'}",2987.5
781,CUS-3062,POL-741245,17753.35,"{'type': 'home', 'brand': 'SafeGuard'}",5792.49
782,CUS-9736,POL-629638,52586.68,"{'type': 'life', 'brand': 'ProtectPlus'}",50000
783,CUS-5947,POL-485603,39916.19,"{'type': 'life', 'brand': 'LifeSecure'}",4990.76
784,CUS-3890,POL-532656,87863.69,"{'type': 'home', 'brand': 'InsureCorp'}",7159.06
785,CUS-4502,POL-537567,23545.0,"{'type': 'life', 'brand': 'ProtectPlus'}",2178.96
786,CUS-7683,POL-743106,82697.7,"{'type': 'auto ', 'brand': 'SafeGuard'}",5000.79
787,CUS-4581,POL-607041,91667.54,"{'type': 'life', 'brand': 'ProtectPlus'}",7110.41
788,CUS-8543,POL-697715,23980.94,"{'type': 'life', 'brand': 'ProtectPlus'}",2209.28
789,CUS-6000,POL-063995,36726.86,"{'type': 'auto ', 'brand': 'SafeGuard'}",2148.31
790,CUS-8551,POL-189872,38806.41,"{'type': 'life', 'brand': 'LifeSecure'}",
791,CUS-3354,POL-994603,74875.49,"{'type': 'health', 'brand': 'ProtectPlus'}",3166.3
792,CUS-5780,POL-570629,96844.13,"{'type': 'health', 'brand': 'ProtectPlus'}",5924.78
793,CUS-7118,POL-475603,-2147483649.0,"{'type': 'life', 'brand': 'LifeSecure'}",6230.56
794,CUS-9975,POL-981434,70393.13,"{'type': 'home', 'brand': 'SafeGuard'}",6027.82
795,CUS-4370,POL-420752,49502.72,"{'type': 'life', 'brand': 'InsureCorp'}",4842.55
796,CUS-7454,POL-445414,75415.91,"{'type': 'health', 'brand': 'ProtectPlus'}",1816.07
797,CUS-9551,POL-889071,48931.62,"{'type': 'life', 'brand': 'ProtectPlus'}",5547.95
798,CUS-1052,POL-977137,70770.11,"{'type': 'life', 'brand': 'InsureCorp'}",5292.4
799,CUS-2663,POL-522098,13476.9,"{'type': 'health', 'brand': 'ProtectPlus'}",1738.51
800,CUS-4184,POL-175452,43716.35,"{'type': 'life', 'brand': 'ProtectPlus'}",6546.85
801,CUS-3532,POL-556970,67585.03,"{'type': 'health', 'brand': 'InsureCorp'}",4239.27
802,CUS-2858,POL-706122,43780.84,"{'type': 'life', 'brand': 'InsureCorp'}",2356.67
803,CUS-1894,POL-102571,24319.89,"{'type': 'auto ', 'brand': 'SafeGuard'}",1872.94
804,CUS-2219,POL-644781,91352.52,"{'type': 'life', 'brand': 'LifeSecure'}",3158.63
805,CUS-7895,POL-719069,26345.63,"{'type': 'life', 'brand': 'InsureCorp'}",2379.25
806,CUS-3658,POL-368303,78734.42,"{'type': 'health', 'brand': 'InsureCorp'}",2149.85
807,CUS-1330,POL-462353,75558.13,"{'type': None, 'brand': 'LifeSecure'}",4102.45
808,CUS-2246,POL-525269,56452.83,"{'type': 'home', 'brand': 'SafeGuard'}",7165.59
809,CUS-6773,POL-899148,66566.12,"{'type': 'life', 'brand': 'LifeSecure'}",7083.92
810,CUS-2143,POL-134223,81257.04,"{'type': 'health', 'brand': 'InsureCorp'}",6932.08
811,CUS-6081,979955,98417.28,"{'type': 'life', 'brand': 'InsureCorp'}",4273.1
812,CUS-8734,POL-233580,80315.56,"{'type': 'life', 'brand': 'ProtectPlus'}",3833.9
813,CUS-1330,POL-507406,84870.72,"{'type': 'health', 'brand': 'InsureCorp'}",2748.81
814,CUS-5379,POL-821987,46481.54,"{'type': 'home', 'brand': 'SafeGuard'}",3144.84
815,CUS-4692,POL-633073,36544.76,"{'type': 'life', 'brand': 'LifeSecure'}",1913.19
816,CUS-6922,POL-276538,93454.02,"{'type': 'home', 'brand': 'SafeGuard'}",1714.8
817,CUS-4642,POL-137085,10727.04,"{'type': 'life', 'brand': 'LifeSecure'}",5908.53
818,CUS-4058,POL-646252,38243.33,"{'type': 'home', 'brand': 'InsureCorp'}",6343.6
819,CUS-2793,POL-783211,11923.8,"{'type': 'life', 'brand': 'ProtectPlus'}",3146.46
820,CUS-7672,POL-781616,83052.71,"{'type': 'life', 'brand': 'LifeSecure'}",7082.66
821,CUS-6897,POL-831917,66568.96,"{'type': 'home', 'brand': 'InsureCorp'}",808.74
822,CUS-3349,POL-504822,41406.61,"{'type': None, 'brand': 'LifeSecure'}",162.2
823,CUS-3736,POL-166544,78759.83,"{'type': 'health', 'brand': 'InsureCorp'}",1160.89
824,CUS-4623,POL-411797,96962.05,"{'type': 'life', 'brand': 'LifeSecure'}",5819.3
825,CUS-1630,POL-591910,60584.11,"{'type': 'health', 'brand': 'ProtectPlus'}",3719.31
826,CUS-5427,POL-950863,40625.55,"{'type': 'health', 'brand': 'ProtectPlus'}",2043.36
827,CUS-1449,POL-324103,68173.48,"{'type': 'life', 'brand': 'LifeSecure'}",
828,CUS-1418,POL-657061,64356.93,"{'type': 'health', 'brand': 'ProtectPlus'}",1389.12
829,CUS-4854,502551,90502.14,"{'type': 'life', 'brand': 'ProtectPlus'}",5841.22
830,CUS-8158,POL-049759,21970.9,"{'type': 'life', 'brand': 'ProtectPlus'}",7313.31
831,CUS-5233,POL-550792,78904.51,"{'type': 'life', 'brand': 'LifeSecure'}",543.57
832,CUS-8473,POL-555141,61549.28,"{'type': 'health', 'brand': 'ProtectPlus'}",4460.09
833,CUS-9301,POL-863720,99547.43,"{'type': 'auto ', 'brand': 'SafeGuard'}",3665.86
834,CUS-7945,POL-119389,94253.92,"{'type': 'life', 'brand': 'LifeSecure'}",50000
835,CUS-9575,POL-711232,83459.22,"{'type': 'auto', 'brand': 'InsureCorp'}",3525.15
836,CUS-2657,POL-961083,41354.69,"{'type': 'auto', 'brand': 'SafeGuard'}",1084.82
837,CUS-3572,POL-461213,25113.38,"{'type': 'auto', 'brand': 'SafeGuard'}",4060.49
838,CUS-6065,POL-340623,41774.02,"{'type': 'life', 'brand': 'LifeSecure'}",6915.16
839,CUS-2275,POL-119160,67233.05,"{'type': 'life', 'brand': 'ProtectPlus'}",5654.17
840,CUS-9073,666833,70319.72,"{'type': 'life', 'brand': 'ProtectPlus'}",330.63
841,CUS-6704,POL-895728,53208.67,"{'type': 'home', 'brand': 'SafeGuard'}",2299.8
842,CUS-3233,POL-384588,76528.94,"{'type': 'health', 'brand': 'ProtectPlus'}",3307.27
843,CUS-3883,POL-864907,36851.71,"{'type': 'life', 'brand': 'LifeSecure'}",4930.84
844,CUS-1561,POL-741622,54796.48,"{'type': 'auto ', 'brand': 'SafeGuard'}",460.71
845,CUS-3122,POL-959059,71215.19,"{'type': 'life', 'brand': 'LifeSecure'}",5378.58
846,CUS-7413,POL-754621,35866.14,"{'type': 'life', 'brand': 'LifeSecure'}",2585.85
847,CUS-5965,POL-774143,24497.79,"{'type': 'auto ', 'brand': 'SafeGuard'}",2360.18
848,CUS-2644,POL-286439,93143.03,"{'type': 'life', 'brand': 'LifeSecure'}",7455.91
849,CUS-3362,POL-384157,81942.84,"{'type': 'life', 'brand': 'ProtectPlus'}",3936.2
850,CUS-8119,POL-912302,26588.51,"{'type': 'health', 'brand': 'InsureCorp'}",2711.58
851,CUS-1717,806047,45420.94,"{'type': 'auto', 'brand': 'SafeGuard'}",184.1
852,CUS-4975,POL-163971,87092.57,"{'type': 'home', 'brand': 'SafeGuard'}",6631.88
853,CUS-6650,POL-200970,22214.81,"{'type': 'life', 'brand': 'LifeSecure'}",3901.0
854,CUS-9534,POL-886243,75500.77,"{'type': 'auto', 'brand': 'SafeGuard'}",7012.01
855,CUS-6074,POL-025992,59458.86,"{'type': 'life', 'brand': 'ProtectPlus'}",1930.31
856,CUS-3364,POL-857076,16766.5,"{'type': 'life', 'brand': 'LifeSecure'}",4080.2
857,CUS-7827,POL-221290,17111.25,"{'type': 'life', 'brand': 'ProtectPlus'}",566.99
858,CUS-5482,POL-177397,63056.63,"{'type': 'auto', 'brand': 'InsureCorp'}",3679.5
859,CUS-2089,POL-575829,15968.64,"{'type': 'life', 'brand': 'LifeSecure'}",7192.09
860,CUS-3757,POL-919362,81869.93,"{'type': 'home', 'brand': 'SafeGuard'}",2007.05
861,CUS-2596,POL-481029,97179.75,"{'type': 'home', 'brand': 'InsureCorp'}",2189.12
862,CUS-2882,POL-176312,55463.3,"{'type': 'home', 'brand': 'SafeGuard'}",4641.92
863,CUS-6671,988280,67256.42,"{'type': 'home', 'brand': 'InsureCorp'}",6032.29
864,CUS-8358,POL-470384,55649.87,"{'type': 'life', 'brand': 'LifeSecure'}",4286.33
865,CUS-5572,POL-583648,60096.03,"{'type': 'life', 'brand': 'LifeSecure'}",4335.75
866,CUS-6343,POL-600878,28273.87,"{'type': 'life', 'brand': 'LifeSecure'}",5484.42
867,CUS-8428,POL-138895,72863.45,"{'type': 'home', 'brand': 'SafeGuard'}",4371.8
868,CUS-9892,POL-308916,50537.6,"{'type': 'life', 'brand': 'LifeSecure'}",1870.2
869,CUS-2363,POL-090446,24297.19,"{'type': 'life', 'brand': 'LifeSecure'}",1140.3
870,CUS-7321,POL-610078,56269.53,"{'type': 'life', 'brand': 'ProtectPlus'}",465.01
871,CUS-1179,POL-745311,92961.59,"{'type': 'life', 'brand': 'ProtectPlus'}",2200.24
872,CUS-3223,POL-538327,31180.23,"{'type': None, 'brand': 'LifeSecure'}",5039.3
873,CUS-8200,POL-961636,43420.73,"{'type': 'health', 'brand': 'InsureCorp'}",853.39
874,CUS-6013,930500,27332.06,"{'type': 'life', 'brand': 'LifeSecure'}",5561.79
875,CUS-5039,POL-721267,61061.59,"{'type': 'life', 'brand': 'ProtectPlus'}",3711.0
876,CUS-5499,POL-910953,54710.64,"{'type': 'life', 'brand': 'LifeSecure'}",5891.53
877,CUS-6217,POL-652008,58655.72,"{'type': 'life', 'brand': 'ProtectPlus'}",5073.82
878,CUS-2614,POL-456104,77379.81,"{'type': 'life', 'brand': 'LifeSecure'}",4424.05
879,CUS-4676,POL-319134,61454.18,"{'type': 'life', 'brand': 'LifeSecure'}",5894.82
880,CUS-3404,POL-911572,39279.86,"{'type': 'home', 'brand': 'InsureCorp'}",6894.62
881,CUS-7957,POL-639921,97953.17,"{'type': 'life', 'brand': 'LifeSecure'}",5826.01
882,CUS-3279,POL-541838,92819.38,"{'type': 'auto', 'brand': 'InsureCorp'}",3733.32
883,CUS-8648,POL-119288,82565.15,"{'type': 'auto ', 'brand': 'SafeGuard'}",4201.41
884,CUS-1667,POL-785513,69142.54,"{'type': 'home', 'brand': 'SafeGuard'}",7155.63
885,CUS-1442,POL-349787,83981.7,"{'type': 'auto ', 'brand': 'SafeGuard'}",3381.8
886,CUS-4230,POL-628679,96802.26,"{'type': None, 'brand': 'LifeSecure'}",6497.15
887,CUS-6974,POL-652607,12468.79,"{'type': 'home', 'brand': 'InsureCorp'}",3324.65
888,CUS-8545,POL-038201,11822.59,"{'type': 'life', 'brand': 'LifeSecure'}",5287.6
889,CUS-6801,POL-414269,26533.37,"{'type': 'life', 'brand': 'ProtectPlus'}",4746.86
890,CUS-7796,POL-755754,55779.29,"{'type': 'life', 'brand': 'LifeSecure'}",6835.36
891,CUS-9304,POL-336478,40604.66,"{'type': 'auto', 'brand': 'SafeGuard'}",221.38
892,CUS-4646,POL-922860,49575.66,"{'type': 'life', 'brand': 'ProtectPlus'}",4631.01
893,CUS-9069,POL-474935,43020.24,"{'type': 'home', 'brand': 'SafeGuard'}",1367.03
894,CUS-3463,POL-519595,84349.85,"{'type': 'home', 'brand': 'InsureCorp'}",998.15
895,CUS-9438,POL-577470,86756.59,"{'type': 'auto ', 'brand': 'SafeGuard'}",5980.82
896,CUS-5879,POL-360760,69861.73,"{'type': 'home', 'brand': 'SafeGuard'}",2618.52
897,CUS-6922,POL-195089,40920.04,"{'type': 'life', 'brand': 'LifeSecure'}",1887.36
898,CUS-9381,POL-212020,90908.48,"{'type': 'life', 'brand': 'ProtectPlus'}",4895.76
899,CUS-2755,POL-729447,39132.71,"{'type': 'life', 'brand': 'LifeSecure'}",1454.22
900,CUS-8978,POL-131858,86129.56,"{'type': 'life', 'brand': 'LifeSecure'}",398.13
901,CUS-5272,POL-046292,44315.41,"{'type': 'life', 'brand': 'LifeSecure'}",
902,CUS-3118,POL-889322,83530.89,"{'type': 'health', 'brand': 'ProtectPlus'}",4681.53
903,CUS-7381,POL-901042,22580.02,"{'type': 'health', 'brand': 'ProtectPlus'}",6331.79
904,CUS-3469,POL-891815,-2147483649.0,"{'type': 'auto ', 'brand': 'SafeGuard'}",6750.32
905,CUS-4838,POL-427643,92816.2,"{'type': 'auto ', 'brand': 'SafeGuard'}",5728.8
906,CUS-9403,POL-214836,89985.21,"{'type': 'health', 'brand': 'InsureCorp'}",948.66
907,CUS-8375,POL-080313,81972.55,"{'type': 'life', 'brand': 'InsureCorp'}",7334.88
908,CUS-4134,POL-135918,48232.59,"{'type': 'auto ', 'brand': 'SafeGuard'}",381.13
909,CUS-7442,POL-880214,64504.93,"{'type': 'health', 'brand': 'InsureCorp'}",768.37
910,CUS-9838,POL-416213,40404.22,"{'type': 'life', 'brand': 'LifeSecure'}",5910.7
911,CUS-4816,POL-790081,60439.77,"{'type': 'auto ', 'brand': 'SafeGuard'}",5863.89
912,CUS-7243,POL-744854,80559.49,"{'type': 'home', 'brand': 'SafeGuard'}",3824.26
913,CUS-4304,POL-809473,86297.48,"{'type': 'life', 'brand': 'ProtectPlus'}",4714.87
914,CUS-2705,POL-974118,37795.72,"{'type': 'life', 'brand': 'ProtectPlus'}",2788.62
915,CUS-3917,POL-903844,88912.64,"{'type': 'life', 'brand': 'LifeSecure'}",380.95
916,CUS-7996,POL-577266,84871.0,"{'type': None, 'brand': 'SafeGuard'}",838.32
917,CUS-1849,POL-240550,83003.59,"{'type': 'life', 'brand': 'LifeSecure'}",749.89
918,CUS-6016,POL-426128,75017.22,"{'type': 'health', 'brand': 'ProtectPlus'}",6248.34
919,CUS-3404,POL-632868,85667.28,"{'type': 'life', 'brand': 'ProtectPlus'}",1935.3
920,CUS-9471,POL-973537,40198.89,"{'type': 'life', 'brand': 'LifeSecure'}",6817.84
921,CUS-6252,POL-647421,44318.14,"{'type': 'auto', 'brand': 'SafeGuard'}",5782.77
922,CUS-2907,POL-973232,80779.12,"{'type': 'life', 'brand': 'LifeSecure'}",1559.02
923,CUS-8631,POL-007346,56585.92,"{'type': 'life', 'brand': 'ProtectPlus'}",50000
924,CUS-3060,POL-987264,91765.04,"{'type': 'life', 'brand': 'LifeSecure'}",5450.99
925,CUS-5815,POL-261840,79179.68,"{'type': 'life', 'brand': 'LifeSecure'}",3662.33
926,CUS-4687,POL-779482,86950.42,"{'type': 'life', 'brand': 'InsureCorp'}",6404.08
927,CUS-1855,POL-805848,66444.44,"{'type': 'life', 'brand': 'ProtectPlus'}",5500.58
928,CUS-6947,POL-092588,19210.84,"{'type': 'health', 'brand': 'InsureCorp'}",2166.78
929,CUS-5068,POL-479282,97465.04,"{'type': 'auto', 'brand': 'InsureCorp'}",2531.52
930,CUS-9951,POL-928499,41949.23,"{'type': 'life', 'brand': 'LifeSecure'}",2925.77
931,CUS-1574,355202,42135.04,"{'type': 'health', 'brand': 'ProtectPlus'}",3945.57
932,CUS-5091,POL-798543,92186.24,"{'type': 'health', 'brand': 'InsureCorp'}",2464.53
933,CUS-4854,POL-518470,26256.2,"{'type': 'life', 'brand': 'ProtectPlus'}",6866.12
934,CUS-1679,POL-254971,25338.62,"{'type': 'auto ', 'brand': 'SafeGuard'}",991.09
935,CUS-4884,POL-583790,83941.5,"{'type': 'home', 'brand': 'InsureCorp'}",1729.01
936,CUS-9868,POL-702411,43759.02,"{'type': 'auto', 'brand': 'SafeGuard'}",1758.88
937,CUS-8098,POL-817526,66058.2,"{'type': 'auto', 'brand': 'InsureCorp'}",364.14
938,CUS-3922,POL-102147,11306.08,"{'type': 'life', 'brand': 'ProtectPlus'}",1672.79
939,CUS-9685,POL-140822,18410.18,"{'type': 'auto', 'brand': 'InsureCorp'}",2056.1
940,CUS-2547,POL-161233,62928.04,"{'type': None, 'brand': 'LifeSecure'}",4558.21
941,CUS-5865,POL-518368,19235.86,"{'type': 'auto', 'brand': 'InsureCorp'}",6213.29
942,CUS-8179,POL-381758,40032.37,"{'type': 'auto', 'brand': 'SafeGuard'}",50000
943,CUS-7188,POL-173209,65108.45,"{'type': None, 'brand': 'LifeSecure'}",743.0
944,CUS-3977,POL-417266,28151.28,"{'type': 'home', 'brand': 'InsureCorp'}",7255.37
945,CUS-9251,POL-006607,67042.9,"{'type': 'life', 'brand': 'LifeSecure'}",4607.01
946,CUS-8576,POL-232623,52508.43,"{'type': 'life', 'brand': 'ProtectPlus'}",5035.97
947,CUS-8020,POL-423938,10029.95,"{'type': None, 'brand': 'ProtectPlus'}",773.34
948,CUS-9966,POL-252874,46687.2,"{'type': 'home', 'brand': 'SafeGuard'}",1203.77
949,CUS-6410,POL-810295,18683.11,"{'type': 'life', 'brand': 'LifeSecure'}",2364.56
950,CUS-3552,POL-481188,13769.56,"{'type': 'auto', 'brand': 'InsureCorp'}",6117.16
951,CUS-2797,POL-952052,64959.05,"{'type': 'home', 'brand': 'InsureCorp'}",5853.39
952,CUS-9720,POL-327520,25321.61,"{'type': 'auto ', 'brand': 'SafeGuard'}",2397.76
953,CUS-4079,POL-222636,28123.04,"{'type': 'auto', 'brand': 'InsureCorp'}",250.33
954,CUS-8873,POL-982996,74067.75,"{'type': None, 'brand': 'LifeSecure'}",6025.98
955,CUS-8129,972981,13828.96,"{'type': 'life', 'brand': 'LifeSecure'}",2166.19
956,CUS-6753,POL-586292,39216.08,"{'type': 'home', 'brand': 'InsureCorp'}",6182.1
957,CUS-4859,POL-164905,98428.38,"{'type': 'life', 'brand': 'LifeSecure'}",1481.57
958,CUS-8670,POL-257252,39890.26,"{'type': 'auto ', 'brand': 'SafeGuard'}",6681.62
959,CUS-4142,POL-199828,21635.2,"{'type': None, 'brand': 'ProtectPlus'}",6846.74
960,CUS-6020,POL-832501,72403.54,"{'type': 'health', 'brand': 'ProtectPlus'}",2347.35
961,CUS-9278,POL-055197,76851.19,"{'type': 'life', 'brand': 'LifeSecure'}",974.65
962,CUS-6744,POL-882658,62570.02,"{'type': 'health', 'brand': 'ProtectPlus'}",3320.43
963,CUS-3844,POL-997833,50558.64,"{'type': 'home', 'brand': 'InsureCorp'}",2611.56
964,CUS-6751,POL-331815,53697.29,"{'type': 'home', 'brand': 'SafeGuard'}",1797.81
965,CUS-7853,POL-934371,60445.36,"{'type': 'home', 'brand': 'InsureCorp'}",1835.71
966,CUS-4035,POL-865324,78986.35,"{'type': 'health', 'brand': 'InsureCorp'}",847.83
967,CUS-3605,POL-053310,39289.27,"{'type': 'life', 'brand': 'ProtectPlus'}",190.5
968,CUS-5814,POL-772851,66255.41,"{'type': 'health', 'brand': 'ProtectPlus'}",2387.8
969,CUS-6857,POL-857177,52269.8,"{'type': 'auto', 'brand': 'SafeGuard'}",536.14
970,CUS-8572,POL-375670,33681.39,"{'type': 'health', 'brand': 'ProtectPlus'}",1887.81
971,CUS-6565,POL-093290,85579.44,"{'type': 'life', 'brand': 'LifeSecure'}",1064.03
972,CUS-6028,POL-905125,54773.49,"{'type': None, 'brand': 'SafeGuard'}",779.02
973,CUS-3505,POL-131189,24189.88,"{'type': 'auto', 'brand': 'SafeGuard'}",6570.26
974,CUS-5400,POL-129902,28185.45,"{'type': 'home', 'brand': 'SafeGuard'}",6409.0
975,CUS-9081,POL-471767,13266.84,"{'type': 'home', 'brand': 'SafeGuard'}",1079.43
976,CUS-2552,POL-046758,42371.58,"{'type': 'health', 'brand': 'ProtectPlus'}",2896.87
977,CUS-1488,POL-784025,16993.71,"{'type': 'health', 'brand': 'ProtectPlus'}",3115.53
978,CUS-7927,POL-361259,18432.2,"{'type': 'health', 'brand': 'ProtectPlus'}",4962.46
979,CUS-4229,POL-665365,-2147483649.0,"{'type': 'life', 'brand': 'LifeSecure'}",5353.84
980,CUS-6768,POL-851014,22526.65,"{'type': 'auto', 'brand': 'SafeGuard'}",6495.37
981,CUS-8325,POL-798835,78053.75,"{'type': 'auto', 'brand': 'InsureCorp'}",1735.77
982,CUS-1799,595054,78471.85,"{'type': None, 'brand': 'ProtectPlus'}",5933.93
983,CUS-2202,POL-442869,28719.28,"{'type': 'life', 'brand': 'LifeSecure'}",3352.3
984,CUS-2255,POL-697529,65460.96,"{'type': 'auto', 'brand': 'InsureCorp'}",4870.56
985,CUS-6008,POL-297340,88708.95,"{'type': 'health', 'brand': 'ProtectPlus'}",
986,CUS-9195,POL-827335,76837.52,"{'type': 'life', 'brand': 'InsureCorp'}",5884.94
987,CUS-3655,POL-543817,51077.42,"{'type': 'auto ', 'brand': 'SafeGuard'}",1235.78
988,CUS-8090,POL-748541,89307.03,"{'type': 'life', 'brand': 'ProtectPlus'}",4546.17
989,CUS-7403,POL-063051,55624.14,"{'type': 'life', 'brand': 'ProtectPlus'}",7074.16
990,CUS-8071,POL-743497,25081.66,"{'type': 'auto', 'brand': 'SafeGuard'}",2074.65
991,CUS-2246,POL-617375,92673.39,"{'type': 'health', 'brand': 'ProtectPlus'}",5193.43
992,CUS-6017,POL-624918,98430.6,"{'type': 'life', 'brand': 'LifeSecure'}",3332.62
993,CUS-1894,POL-771996,33579.74,"{'type': 'life', 'brand': 'ProtectPlus'}",4902.03
994,CUS-6916,POL-549449,88065.54,"{'type': 'home', 'brand': 'SafeGuard'}",3039.64
995,CUS-9913,POL-214331,83225.41,"{'type': 'life', 'brand': 'LifeSecure'}",2232.01
996,CUS-8297,POL-549273,78808.37,"{'type': 'life', 'brand': 'ProtectPlus'}",951.69
997,CUS-5335,POL-483528,91504.98,"{'type': 'life', 'brand': 'LifeSecure'}",3456.47
998,CUS-9592,POL-789436,98533.64,"{'type': 'auto ', 'brand': 'SafeGuard'}",7175.76
999,CUS-3245,POL-470944,28992.22,"{'type': 'life', 'brand': 'LifeSecure'}",6507.4
1000,CUS-1266,POL-168676,13071.82,"{'type': None, 'brand': 'ProtectPlus'}",2901.09
1001,CUS-8005,POL-296048,69368.15,"{'type': 'life', 'brand': 'LifeSecure'}",1571.54
1002,CUS-1364,POL-595252,94433.8,"{'type': 'life', 'brand': 'LifeSecure'}",1971.79
1003,CUS-7425,POL-292745,70380.52,"{'type': 'life', 'brand': 'LifeSecure'}",813.06
1004,CUS-3029,POL-618003,98750.69,"{'type': 'health', 'brand': 'InsureCorp'}",4746.72
1005,CUS-3783,POL-615708,56199.59,"{'type': 'auto', 'brand': 'InsureCorp'}",6465.09
1006,CUS-5018,POL-280649,92327.74,"{'type': 'life', 'brand': 'InsureCorp'}",1669.39
1007,CUS-6396,POL-063359,52466.23,"{'type': 'life', 'brand': 'ProtectPlus'}",3645.13
1008,CUS-4221,POL-370493,44265.0,"{'type': 'auto ', 'brand': 'SafeGuard'}",50000
1009,CUS-1154,POL-882011,11462.21,"{'type': 'auto', 'brand': 'SafeGuard'}",942.06
1010,CUS-1329,POL-048960,67455.98,"{'type': 'home', 'brand': 'SafeGuard'}",352.56
1011,CUS-7393,POL-534437,84190.85,"{'type': 'life', 'brand': 'InsureCorp'}",3641.09
1012,CUS-2754,POL-008118,62948.7,"{'type': 'life', 'brand': 'LifeSecure'}",3201.08
1013,CUS-3298,POL-696808,17180.02,"{'type': 'life', 'brand': 'LifeSecure'}",4081.35
1014,CUS-3087,POL-382243,79879.04,"{'type': 'health', 'brand': 'InsureCorp'}",338.15
1015,CUS-7577,POL-618880,90001.77,"{'type': 'auto', 'brand': 'InsureCorp'}",2867.19
1016,CUS-7567,POL-683188,85149.8,"{'type': 'life', 'brand': 'InsureCorp'}",5868.14
1017,CUS-1162,POL-666549,81471.23,"{'type': 'life', 'brand': 'LifeSecure'}",6892.83
1018,CUS-9668,POL-698323,78669.37,"{'type': 'health', 'brand': 'ProtectPlus'}",259.95
1019,CUS-4996,POL-060078,35720.72,"{'type': 'auto', 'brand': 'SafeGuard'}",3366.27
1020,CUS-2513,POL-813151,84301.28,"{'type': 'health', 'brand': 'InsureCorp'}",6298.71
1021,CUS-3912,POL-822460,13968.24,"{'type': None, 'brand': 'SafeGuard'}",2552.3
1022,CUS-2558,POL-376222,40023.4,"{'type': 'auto', 'brand': 'SafeGuard'}",2490.95
1023,CUS-6443,POL-825805,77981.24,"{'type': 'auto', 'brand': 'SafeGuard'}",430.36
1024,CUS-3580,POL-372433,54329.87,"{'type': 'life', 'brand': 'InsureCorp'}",7311.86
1025,CUS-8020,POL-238453,23847.5,"{'type': 'health', 'brand': 'ProtectPlus'}",3927.39
1026,CUS-3190,POL-188480,71372.63,"{'type': 'life', 'brand': 'ProtectPlus'}",1920.37
1027,CUS-6528,POL-816588,63123.93,"{'type': 'home', 'brand': 'SafeGuard'}",3160.03
1028,CUS-4297,POL-190048,60535.1,"{'type': 'auto', 'brand': 'SafeGuard'}",2096.41
1029,CUS-2346,POL-438007,27181.6,"{'type': 'life', 'brand': 'ProtectPlus'}",5166.94
1030,CUS-3778,POL-190001,47247.21,"{'type': 'life', 'brand': 'LifeSecure'}",5015.7
1031,CUS-7228,POL-675200,17887.8,"{'type': 'life', 'brand': 'LifeSecure'}",6613.37
1032,CUS-4619,POL-800250,81479.47,"{'type': 'life', 'brand': 'LifeSecure'}",933.87
1033,CUS-5529,POL-565686,38662.26,"{'type': 'auto ', 'brand': 'SafeGuard'}",2228.37
1034,CUS-7813,POL-775621,65341.13,"{'type': 'life', 'brand': 'LifeSecure'}",6717.87
1035,CUS-2778,POL-215639,84425.86,"{'type': None, 'brand': 'ProtectPlus'}",2108.99
1036,CUS-9559,POL-774634,60990.31,"{'type': 'life', 'brand': 'InsureCorp'}",1880.35
1037,CUS-1963,POL-558486,87745.32,"{'type': 'auto', 'brand': 'SafeGuard'}",6458.9
1038,CUS-9575,POL-656398,90193.99,"{'type': 'auto', 'brand': 'SafeGuard'}",1867.41
1039,CUS-9030,POL-638536,76519.93,"{'type': 'life', 'brand': 'LifeSecure'}",4641.73
1040,CUS-8005,POL-275898,86765.5,"{'type': 'health', 'brand': 'InsureCorp'}",442.14
1041,CUS-2152,POL-607849,33480.7,"{'type': 'life', 'brand': 'LifeSecure'}",6385.06
1042,CUS-5908,POL-501721,79694.72,"{'type': 'auto', 'brand': 'SafeGuard'}",7120.26
1043,CUS-1877,POL-472796,86364.5,"{'type': 'life', 'brand': 'LifeSecure'}",5172.28
1044,CUS-8182,POL-745901,91955.85,"{'type': 'health', 'brand': 'ProtectPlus'}",7377.65
1045,CUS-4800,POL-180547,53035.08,"{'type': 'life', 'brand': 'LifeSecure'}",3887.37
1046,CUS-5213,POL-874890,89430.68,"{'type': 'life', 'brand': 'ProtectPlus'}",532.21
1047,CUS-1199,POL-634861,12398.87,"{'type': 'life', 'brand': 'LifeSecure'}",2887.04
1048,CUS-2458,POL-238777,43733.65,"{'type': 'home', 'brand': 'SafeGuard'}",4488.62
1049,CUS-8523,POL-594297,14731.43,"{'type': 'life', 'brand': 'LifeSecure'}",
1050,CUS-4060,POL-298613,90399.5,"{'type': 'life', 'brand': 'LifeSecure'}",7499.78
1051,CUS-7107,POL-628230,24327.2,"{'type': 'life', 'brand': 'InsureCorp'}",6375.35
1052,CUS-7409,POL-993931,18576.43,"{'type': 'health', 'brand': 'ProtectPlus'}",1666.6
1053,CUS-3150,POL-215491,14429.38,"{'type': 'life', 'brand': 'ProtectPlus'}",3719.22
1054,CUS-9811,POL-910982,79156.88,"{'type': 'health', 'brand': 'ProtectPlus'}",
1055,CUS-7265,POL-697671,23039.1,"{'type': 'life', 'brand': 'ProtectPlus'}",320.98
1056,CUS-3723,POL-056496,92679.44,"{'type': 'auto', 'brand': 'SafeGuard'}",2833.12
1057,CUS-4462,POL-619050,13882.12,"{'type': 'life', 'brand': 'LifeSecure'}",6315.94
1058,CUS-7341,POL-894611,17580.32,"{'type': 'life', 'brand': 'LifeSecure'}",6687.27
1059,CUS-3757,POL-124086,61482.74,"{'type': 'health', 'brand': 'InsureCorp'}",3460.92
1060,CUS-2178,POL-796317,80690.63,"{'type': 'health', 'brand': 'ProtectPlus'}",5519.6
1061,CUS-6518,POL-627495,88657.49,"{'type': 'life', 'brand': 'ProtectPlus'}",6353.44
1062,CUS-1539,POL-843386,44416.96,"{'type': 'life', 'brand': 'ProtectPlus'}",3745.01
1063,CUS-9145,POL-606022,17717.22,"{'type': 'life', 'brand': 'LifeSecure'}",5258.74
1064,CUS-3352,POL-521616,49414.01,"{'type': 'life', 'brand': 'ProtectPlus'}",1420.91
1065,CUS-7959,POL-871285,34040.64,"{'type': 'life', 'brand': 'ProtectPlus'}",4935.49
1066,CUS-3449,POL-770606,73787.82,"{'type': 'home', 'brand': 'SafeGuard'}",4970.1
1067,CUS-2961,POL-764395,41318.47,"{'type': 'life', 'brand': 'LifeSecure'}",4072.75
1068,CUS-9301,POL-360103,67052.22,"{'type': 'life', 'brand': 'LifeSecure'}",6562.95
1069,CUS-6011,POL-349575,14490.2,"{'type': 'auto', 'brand': 'InsureCorp'}",1493.2
1070,CUS-8949,POL-524123,57884.88,"{'type': 'auto ', 'brand': 'SafeGuard'}",1331.37
1071,CUS-7328,POL-555760,43031.97,"{'type': 'life', 'brand': 'ProtectPlus'}",3978.07
1072,CUS-9051,POL-168233,85163.83,"{'type': 'auto ', 'brand': 'SafeGuard'}",4364.12
1073,CUS-9986,POL-326049,39685.55,"{'type': 'auto', 'brand': 'SafeGuard'}",1088.15
1074,CUS-7266,POL-847590,27247.55,"{'type': 'auto', 'brand': 'InsureCorp'}",1430.45
1075,CUS-5503,POL-774729,12520.77,"{'type': 'life', 'brand': 'LifeSecure'}",3230.06
1076,CUS-8072,POL-052523,40176.22,"{'type': 'life', 'brand': 'LifeSecure'}",6492.73
1077,CUS-2010,POL-682092,70648.14,"{'type': 'auto', 'brand': 'InsureCorp'}",7213.18
1078,CUS-9613,POL-717142,23505.51,"{'type': None, 'brand': 'LifeSecure'}",4463.38
1079,CUS-8491,POL-332720,95732.33,"{'type': 'health', 'brand': 'ProtectPlus'}",
1080,CUS-7800,POL-099522,79540.69,"{'type': 'health', 'brand': 'ProtectPlus'}",3266.45
1081,CUS-6370,POL-099810,38530.4,"{'type': 'home', 'brand': 'SafeGuard'}",5260.72
1082,CUS-3776,POL-130938,23441.02,"{'type': 'health', 'brand': 'InsureCorp'}",6461.01
1083,CUS-9265,POL-760009,75418.43,"{'type': None, 'brand': 'LifeSecure'}",4603.66
1084,CUS-8272,POL-521624,84384.73,"{'type': 'home', 'brand': 'SafeGuard'}",1540.67
1085,CUS-2565,POL-459767,50647.3,"{'type': 'life', 'brand': 'InsureCorp'}",6320.18
1086,CUS-2905,POL-983389,60375.38,"{'type': 'auto', 'brand': 'SafeGuard'}",7352.57
1087,CUS-7241,POL-955032,59562.15,"{'type': 'home', 'brand': 'InsureCorp'}",1613.22
1088,CUS-5542,POL-634608,60838.57,"{'type': None, 'brand': 'SafeGuard'}",5948.04
1089,CUS-5618,POL-429354,55211.0,"{'type': 'life', 'brand': 'InsureCorp'}",6874.15
1090,CUS-1230,POL-171695,54020.65,"{'type': 'life', 'brand': 'LifeSecure'}",2011.16
1091,CUS-9967,POL-117937,79921.29,"{'type': 'home', 'brand': 'InsureCorp'}",1499.8
1092,CUS-2797,POL-652165,83718.42,"{'type': None, 'brand': 'SafeGuard'}",5667.45
1093,CUS-4817,POL-821694,74634.41,"{'type': 'health', 'brand': 'InsureCorp'}",1361.55
1094,CUS-8154,POL-743892,93091.13,"{'type': 'life', 'brand': 'LifeSecure'}",6796.02
1095,CUS-2723,POL-988546,69366.24,"{'type': 'life', 'brand': 'LifeSecure'}",4086.29
1096,CUS-6845,POL-162272,53102.36,"{'type': 'auto', 'brand': 'SafeGuard'}",6216.47
1097,CUS-6343,POL-004068,42456.52,"{'type': 'auto', 'brand': 'SafeGuard'}",1282.51
1098,CUS-9421,POL-359905,17342.16,"{'type': 'life', 'brand': 'ProtectPlus'}",3469.29
1099,CUS-8906,POL-691077,36873.97,"{'type': None, 'brand': 'ProtectPlus'}",4686.16
1100,CUS-8064,233080,32168.81,"{'type': 'life', 'brand': 'ProtectPlus'}",7408.99
1101,CUS-4779,POL-127588,51745.39,"{'type': 'health', 'brand': 'ProtectPlus'}",7298.19
1102,CUS-4222,POL-646145,83351.07,"{'type': 'life', 'brand': 'ProtectPlus'}",1684.35
1103,CUS-7125,POL-378853,66422.75,"{'type': 'life', 'brand': 'ProtectPlus'}",2528.24
1104,CUS-4826,POL-219335,41964.9,"{'type': 'life', 'brand': 'LifeSecure'}",4984.97
1105,CUS-7717,POL-514044,33085.76,"{'type': 'auto', 'brand': 'SafeGuard'}",6327.78
1106,CUS-5929,POL-150563,61048.9,"{'type': 'health', 'brand': 'ProtectPlus'}",617.41
1107,CUS-2347,POL-898997,67748.71,"{'type': 'home', 'brand': 'InsureCorp'}",3509.34
1108,CUS-1301,POL-934003,15873.63,"{'type': 'life', 'brand': 'LifeSecure'}",1946.16
1109,CUS-6553,POL-355655,86428.76,"{'type': 'auto', 'brand': 'SafeGuard'}",5840.11
1110,CUS-2805,POL-728578,52392.49,"{'type': 'auto', 'brand': 'SafeGuard'}",6438.07
1111,CUS-1925,POL-944551,45283.09,"{'type': 'life', 'brand': 'InsureCorp'}",3172.08
1112,CUS-2324,POL-571382,72272.53,"{'type': 'life', 'brand': 'InsureCorp'}",2252.27
1113,CUS-4805,POL-126448,67296.52,"{'type': 'home', 'brand': 'SafeGuard'}",6831.48
1114,CUS-2222,POL-938537,46948.55,"{'type': 'health', 'brand': 'ProtectPlus'}",1400.21
1115,CUS-4964,POL-676399,51244.4,"{'type': 'auto ', 'brand': 'SafeGuard'}",3920.91
1116,CUS-7919,POL-881001,34946.07,"{'type': 'life', 'brand': 'LifeSecure'}",6168.56
1117,CUS-7048,POL-198026,49038.33,"{'type': 'life', 'brand': 'ProtectPlus'}",6482.79
1118,CUS-9251,POL-676330,63638.63,"{'type': 'life', 'brand': 'LifeSecure'}",5424.64
1119,CUS-1508,POL-482583,56196.12,"{'type': 'health', 'brand': 'InsureCorp'}",3979.74
1120,CUS-7880,POL-256703,30977.4,"{'type': 'life', 'brand': 'LifeSecure'}",3862.44
1121,CUS-3078,POL-436288,31955.95,"{'type': 'life', 'brand': 'LifeSecure'}",2365.63
1122,CUS-8078,POL-962830,32826.61,"{'type': 'life', 'brand': 'LifeSecure'}",4690.28
1123,CUS-7655,POL-875174,50460.47,"{'type': 'life', 'brand': 'LifeSecure'}",4702.15
1124,CUS-5372,POL-619489,58414.27,"{'type': 'life', 'brand': 'ProtectPlus'}",5090.81
1125,CUS-2827,POL-774116,94139.84,"{'type': 'life', 'brand': 'LifeSecure'}",1800.4
1126,CUS-7839,POL-564263,69484.89,"{'type': 'health', 'brand': 'InsureCorp'}",1882.0
1127,CUS-2720,POL-113836,29940.27,"{'type': 'home', 'brand': 'InsureCorp'}",4965.96
1128,CUS-3664,POL-178391,64561.72,"{'type': 'auto', 'brand': 'InsureCorp'}",6522.35
1129,CUS-4424,POL-245044,92424.22,"{'type': 'life', 'brand': 'LifeSecure'}",1399.88
1130,CUS-7480,POL-553268,21759.4,"{'type': 'life', 'brand': 'InsureCorp'}",6678.47
1131,CUS-6925,POL-290438,71465.1,"{'type': 'life', 'brand': 'InsureCorp'}",2988.8
1132,CUS-4694,POL-694252,31302.92,"{'type': 'health', 'brand': 'ProtectPlus'}",4390.18
1133,CUS-1079,POL-433885,78802.44,"{'type': 'health', 'brand': 'ProtectPlus'}",3457.96
1134,CUS-6340,POL-907864,46604.46,"{'type': 'auto', 'brand': 'SafeGuard'}",340.63
1135,CUS-6518,POL-872917,70049.97,"{'type': 'auto', 'brand': 'InsureCorp'}",5010.09
1136,CUS-2957,POL-624506,24730.6,"{'type': 'auto ', 'brand': 'SafeGuard'}",186.94
1137,CUS-3693,POL-311602,24542.24,"{'type': 'auto', 'brand': 'InsureCorp'}",5868.25
1138,CUS-3205,POL-090596,51160.94,"{'type': 'life', 'brand': 'LifeSecure'}",4803.7
1139,CUS-4208,POL-476098,80219.47,"{'type': 'health', 'brand': 'InsureCorp'}",4926.61
1140,CUS-1162,POL-287370,51072.13,"{'type': 'life', 'brand': 'LifeSecure'}",3977.72
1141,CUS-6431,POL-239567,66170.04,"{'type': 'life', 'brand': 'LifeSecure'}",1013.14
1142,CUS-1024,POL-379344,59112.44,"{'type': 'home', 'brand': 'InsureCorp'}",
1143,CUS-3803,POL-505292,64782.91,"{'type': 'home', 'brand': 'SafeGuard'}",7362.04
1144,CUS-1244,POL-686097,55156.3,"{'type': 'life', 'brand': 'InsureCorp'}",3332.36
1145,CUS-1281,POL-895493,83194.15,"{'type': 'life', 'brand': 'LifeSecure'}",5467.46
1146,CUS-2322,POL-980035,89430.34,"{'type': 'life', 'brand': 'LifeSecure'}",1499.19
1147,CUS-7945,POL-489660,83852.41,"{'type': 'life', 'brand': 'LifeSecure'}",5115.74
1148,CUS-8713,POL-684616,42045.27,"{'type': 'home', 'brand': 'InsureCorp'}",203.05
1149,CUS-1048,POL-263511,58198.78,"{'type': 'home', 'brand': 'SafeGuard'}",7404.81
1150,CUS-6073,POL-858692,22410.65,"{'type': 'health', 'brand': 'ProtectPlus'}",6937.05
1151,CUS-8603,POL-516122,27362.65,"{'type': 'life', 'brand': 'LifeSecure'}",7131.01
1152,CUS-1268,POL-285308,98725.38,"{'type': 'life', 'brand': 'InsureCorp'}",50000
1153,CUS-7799,POL-845197,73349.1,"{'type': 'life', 'brand': 'InsureCorp'}",3476.96
1154,CUS-1418,POL-358508,93212.84,"{'type': 'auto ', 'brand': 'SafeGuard'}",1195.63
1155,CUS-9730,POL-686433,19352.43,"{'type': 'life', 'brand': 'ProtectPlus'}",5717.92
1156,CUS-1895,POL-377264,34542.38,"{'type': 'life', 'brand': 'LifeSecure'}",4631.28
1157,CUS-2763,POL-619457,13582.37,"{'type': 'auto ', 'brand': 'SafeGuard'}",2458.34
1158,CUS-6969,POL-183714,57951.2,"{'type': 'home', 'brand': 'SafeGuard'}",1526.12
1159,CUS-4810,POL-507811,16112.4,"{'type': 'life', 'brand': 'ProtectPlus'}",4891.45
1160,CUS-9251,POL-438960,35607.65,"{'type': 'life', 'brand': 'InsureCorp'}",1363.82
1161,CUS-9287,POL-096535,74846.21,"{'type': 'life', 'brand': 'ProtectPlus'}",1575.81
1162,CUS-6348,POL-638707,48492.79,"{'type': 'home', 'brand': 'InsureCorp'}",3508.02
1163,CUS-5959,POL-026320,48995.78,"{'type': 'life', 'brand': 'LifeSecure'}",5810.84
1164,CUS-2173,POL-007359,11068.7,"{'type': 'health', 'brand': 'ProtectPlus'}",3516.06
1165,CUS-1332,POL-476244,38714.53,"{'type': 'life', 'brand': 'ProtectPlus'}",3065.66
1166,CUS-2488,POL-144023,19227.23,"{'type': 'auto', 'brand': 'SafeGuard'}",5792.79
1167,CUS-1723,POL-089442,98355.86,"{'type': 'health', 'brand': 'ProtectPlus'}",2646.38
1168,CUS-3148,POL-933502,93033.97,"{'type': 'life', 'brand': 'LifeSecure'}",4817.55
1169,CUS-5866,209500,30037.16,"{'type': 'life', 'brand': 'InsureCorp'}",390.79
1170,CUS-9684,POL-845451,12540.58,"{'type': 'life', 'brand': 'InsureCorp'}",1840.29
1171,CUS-9656,POL-581983,31777.78,"{'type': 'auto', 'brand': 'SafeGuard'}",3715.23
1172,CUS-5994,POL-352905,82905.13,"{'type': 'life', 'brand': 'ProtectPlus'}",5219.7
1173,CUS-7890,POL-661609,82562.69,"{'type': 'home', 'brand': 'SafeGuard'}",563.66
1174,CUS-4275,POL-104629,75426.06,"{'type': 'life', 'brand': 'ProtectPlus'}",5291.49
1175,CUS-8461,POL-738307,62706.17,"{'type': 'life', 'brand': 'LifeSecure'}",3202.75
1176,CUS-7337,POL-239425,40622.02,"{'type': 'auto ', 'brand': 'SafeGuard'}",2761.26
1177,CUS-2852,POL-993941,88858.7,"{'type': 'health', 'brand': 'ProtectPlus'}",5587.0
1178,CUS-6811,POL-323292,10181.96,"{'type': 'auto', 'brand': 'SafeGuard'}",2507.31
1179,CUS-9144,POL-847924,76127.65,"{'type': 'health', 'brand': 'ProtectPlus'}",939.59
1180,CUS-9400,POL-928404,20466.18,"{'type': 'auto', 'brand': 'SafeGuard'}",656.58
1181,CUS-9057,POL-043247,42935.1,"{'type': 'health', 'brand': 'ProtectPlus'}",977.22
1182,CUS-3083,POL-770490,40830.66,"{'type': 'life', 'brand': 'LifeSecure'}",4686.9
1183,CUS-5544,POL-008035,51452.5,"{'type': None, 'brand': 'LifeSecure'}",4151.72
1184,CUS-9603,POL-083330,38181.42,"{'type': 'life', 'brand': 'LifeSecure'}",917.77
1185,CUS-2873,POL-560362,55648.66,"{'type': 'auto', 'brand': 'InsureCorp'}",3789.73
1186,CUS-6204,POL-364886,47750.29,"{'type': 'life', 'brand': 'ProtectPlus'}",5979.33
1187,CUS-2507,POL-586726,11498.09,"{'type': 'auto', 'brand': 'InsureCorp'}",5520.22
1188,CUS-8837,POL-954468,99289.96,"{'type': 'life', 'brand': 'InsureCorp'}",6668.81
1189,CUS-1885,POL-749793,25581.04,"{'type': 'health', 'brand': 'ProtectPlus'}",3534.52
1190,CUS-3026,POL-446675,35011.92,"{'type': 'auto', 'brand': 'SafeGuard'}",2656.91
1191,CUS-7523,POL-213042,39302.31,"{'type': 'auto ', 'brand': 'SafeGuard'}",4539.87
1192,CUS-7925,POL-390496,72467.68,"{'type': 'auto', 'brand': 'SafeGuard'}",6352.42
1193,CUS-7611,POL-837339,96529.58,"{'type': 'auto ', 'brand': 'SafeGuard'}",3177.55
1194,CUS-8493,POL-785665,41756.02,"{'type': 'life', 'brand': 'InsureCorp'}",663.04
1195,CUS-2003,POL-236711,32993.45,"{'type': 'home', 'brand': 'SafeGuard'}",3356.46
1196,CUS-1781,POL-768046,27549.36,"{'type': 'health', 'brand': 'InsureCorp'}",3694.06
1197,CUS-7996,POL-359943,10162.66,"{'type': 'life', 'brand': 'LifeSecure'}",3050.74
1198,CUS-5401,POL-987816,60192.06,"{'type': 'health', 'brand': 'InsureCorp'}",5480.02
1199,CUS-1258,POL-684986,22383.06,"{'type': 'life', 'brand': 'LifeSecure'}",5140.89
1200,CUS-6343,POL-731935,74523.64,"{'type': 'home', 'brand': 'SafeGuard'}",4430.94
1201,CUS-6130,POL-942126,74683.45,"{'type': 'home', 'brand': 'InsureCorp'}",647.75
1202,CUS-6568,POL-356396,22222.16,"{'type': 'auto ', 'brand': 'SafeGuard'}",3273.3
1203,CUS-5975,POL-874029,30620.0,"{'type': 'life', 'brand': 'LifeSecure'}",2910.44
1204,CUS-1885,POL-434430,57610.17,"{'type': 'health', 'brand': 'InsureCorp'}",589.49
1205,CUS-6797,POL-449748,27056.12,"{'type': 'auto', 'brand': 'InsureCorp'}",1867.45
1206,CUS-7021,POL-882851,62637.89,"{'type': 'life', 'brand': 'LifeSecure'}",4063.7
1207,CUS-8494,POL-801894,89748.96,"{'type': 'life', 'brand': 'InsureCorp'}",4909.77
1208,CUS-1317,POL-645965,30378.44,"{'type': 'health', 'brand': 'InsureCorp'}",4839.65
1209,CUS-3989,POL-968810,63712.15,"{'type': 'health', 'brand': 'ProtectPlus'}",7487.62
1210,CUS-9576,POL-612286,32001.51,"{'type': 'health', 'brand': 'InsureCorp'}",746.51
1211,CUS-5780,POL-763615,11106.56,"{'type': 'home', 'brand': 'SafeGuard'}",3846.38
1212,CUS-3362,POL-270770,76495.96,"{'type': 'auto', 'brand': 'InsureCorp'}",6577.65
1213,CUS-6763,POL-479931,22221.7,"{'type': 'life', 'brand': 'ProtectPlus'}",4323.2
1214,CUS-1054,POL-351100,52945.14,"{'type': 'home', 'brand': 'SafeGuard'}",3644.91
1215,CUS-5131,POL-833094,31192.97,"{'type': 'auto', 'brand': 'InsureCorp'}",6720.14
1216,CUS-1274,POL-378689,44225.03,"{'type': 'auto ', 'brand': 'SafeGuard'}",3247.33
1217,CUS-8022,POL-547601,83647.83,"{'type': None, 'brand': 'ProtectPlus'}",7325.94
1218,CUS-1620,POL-871222,63020.09,"{'type': 'auto ', 'brand': 'SafeGuard'}",5007.82
1219,CUS-9471,POL-231518,23295.05,"{'type': 'life', 'brand': 'LifeSecure'}",3044.76
1220,CUS-2201,POL-729643,80240.53,"{'type': None, 'brand': 'LifeSecure'}",677.55
1221,CUS-9111,POL-956953,10170.6,"{'type': 'health', 'brand': 'ProtectPlus'}",2446.45
1222,CUS-1254,POL-224109,29066.03,"{'type': 'auto', 'brand': 'SafeGuard'}",2891.03
1223,CUS-4919,POL-580262,39324.37,"{'type': 'auto', 'brand': 'InsureCorp'}",5736.47
1224,CUS-4774,POL-273364,74993.99,"{'type': 'life', 'brand': 'LifeSecure'}",3429.49
1225,CUS-5270,POL-377463,17081.89,"{'type': 'life', 'brand': 'ProtectPlus'}",6337.03
1226,CUS-6297,POL-681753,49295.82,"{'type': None, 'brand': 'InsureCorp'}",1368.04
1227,CUS-9684,POL-817219,56737.07,"{'type': 'auto', 'brand': 'InsureCorp'}",171.28
1228,CUS-5091,POL-742813,87744.91,"{'type': 'health', 'brand': 'ProtectPlus'}",5958.98
1229,CUS-3414,POL-939643,93921.7,"{'type': 'health', 'brand': 'ProtectPlus'}",3355.8
1230,CUS-1131,POL-095310,73281.2,"{'type': 'health', 'brand': 'ProtectPlus'}",4340.17
1231,CUS-3878,POL-642808,71529.2,"{'type': 'life', 'brand': 'LifeSecure'}",5717.52
1232,CUS-3013,POL-570047,40031.68,"{'type': 'health', 'brand': 'ProtectPlus'}",5051.18
1233,CUS-2163,POL-154555,46674.9,"{'type': 'life', 'brand': 'ProtectPlus'}",5588.32
1234,CUS-2143,POL-630053,21667.02,"{'type': 'home', 'brand': 'InsureCorp'}",
1235,CUS-6570,POL-763537,37986.48,"{'type': 'life', 'brand': 'ProtectPlus'}",6062.99
1236,CUS-3058,POL-439648,19196.09,"{'type': 'auto', 'brand': 'SafeGuard'}",3903.38
1237,CUS-1851,POL-429370,60896.23,"{'type': 'life', 'brand': 'LifeSecure'}",50000
1238,CUS-2693,POL-573341,78318.2,"{'type': 'health', 'brand': 'ProtectPlus'}",2694.25
1239,CUS-1886,POL-174000,22366.56,"{'type': 'life', 'brand': 'LifeSecure'}",5191.64
1240,CUS-9117,POL-489901,81169.78,"{'type': 'life', 'brand': 'InsureCorp'}",4700.63
1241,CUS-3288,POL-742465,66376.49,"{'type': 'auto', 'brand': 'SafeGuard'}",4975.21
1242,CUS-4600,299932,71357.05,"{'type': 'auto ', 'brand': 'SafeGuard'}",5824.54
1243,CUS-8378,546570,80567.12,"{'type': None, 'brand': 'ProtectPlus'}",1696.66
1244,CUS-5643,POL-280055,52333.84,"{'type': 'auto', 'brand': 'InsureCorp'}",616.65
1245,CUS-1045,POL-814026,80231.18,"{'type': 'home', 'brand': 'SafeGuard'}",4605.64
1246,CUS-6438,POL-666657,12308.6,"{'type': 'home', 'brand': 'SafeGuard'}",5896.16
1247,CUS-9636,POL-956682,33717.0,"{'type': 'life', 'brand': 'LifeSecure'}",6930.38
1248,CUS-1309,POL-025239,72507.44,"{'type': 'life', 'brand': 'ProtectPlus'}",6910.7
1249,CUS-8858,POL-901936,41685.23,"{'type': 'auto ', 'brand': 'SafeGuard'}",4291.14
1250,CUS-4583,POL-719106,22341.63,"{'type': 'health', 'brand': 'InsureCorp'}",3972.75
1251,CUS-2132,POL-465181,17133.97,"{'type': 'health', 'brand': 'InsureCorp'}",597.61
1252,CUS-4579,POL-556033,40102.65,"{'type': 'auto', 'brand': 'InsureCorp'}",1844.77
1253,CUS-2763,POL-813406,53522.17,"{'type': 'life', 'brand': 'ProtectPlus'}",
1254,CUS-2157,POL-310140,91510.48,"{'type': 'life', 'brand': 'LifeSecure'}",721.48
1255,CUS-3922,POL-731241,29598.2,"{'type': 'life', 'brand': 'LifeSecure'}",762.35
1256,CUS-1950,POL-385623,66802.13,"{'type': 'life', 'brand': 'LifeSecure'}",2800.19
1257,CUS-1353,POL-290961,61421.2,"{'type': 'life', 'brand': 'LifeSecure'}",7328.38
1258,CUS-7270,POL-260349,37421.78,"{'type': 'health', 'brand': 'ProtectPlus'}",1565.59
1259,CUS-5134,POL-897601,60166.01,"{'type': 'health', 'brand': 'InsureCorp'}",7382.46
1260,CUS-2346,POL-916195,65830.64,"{'type': 'auto', 'brand': 'InsureCorp'}",6250.69
1261,CUS-1190,POL-247965,24114.06,"{'type': 'life', 'brand': 'LifeSecure'}",5632.51
1262,CUS-6306,POL-999832,36664.91,"{'type': 'life', 'brand': 'LifeSecure'}",5558.01
1263,CUS-8989,POL-861976,51764.12,"{'type': 'auto', 'brand': 'InsureCorp'}",6479.73
1264,CUS-8680,POL-962425,75274.99,"{'type': 'life', 'brand': 'ProtectPlus'}",5184.21
1265,CUS-3715,POL-504921,20765.0,"{'type': 'health', 'brand': 'InsureCorp'}",50000
1266,CUS-1835,POL-964241,11540.09,"{'type': None, 'brand': 'LifeSecure'}",3338.97
1267,CUS-2520,POL-318964,12893.6,"{'type': 'home', 'brand': 'SafeGuard'}",6676.58
1268,CUS-2587,POL-497161,74104.84,"{'type': 'life', 'brand': 'ProtectPlus'}",4577.96
1269,CUS-6080,POL-172817,35182.14,"{'type': 'life', 'brand': 'InsureCorp'}",5863.39
1270,CUS-6663,POL-982194,41752.84,"{'type': 'health', 'brand': 'ProtectPlus'}",5354.55
1271,CUS-7525,POL-566263,51600.63,"{'type': 'health', 'brand': 'InsureCorp'}",3103.84
1272,CUS-2632,POL-586108,55405.27,"{'type': None, 'brand': 'ProtectPlus'}",3412.33
1273,CUS-8713,POL-923014,66437.34,"{'type': 'life', 'brand': 'LifeSecure'}",5250.24
1274,CUS-7243,POL-172394,63336.97,"{'type': None, 'brand': 'InsureCorp'}",7113.46
1275,CUS-3233,POL-663065,87674.91,"{'type': 'auto ', 'brand': 'SafeGuard'}",6174.41
1276,CUS-7566,POL-525638,21185.28,"{'type': 'auto ', 'brand': 'SafeGuard'}",6703.05
1277,CUS-5464,POL-264278,99439.34,"{'type': 'health', 'brand': 'ProtectPlus'}",7396.15
1278,CUS-6721,POL-525758,50312.09,"{'type': 'auto', 'brand': 'InsureCorp'}",3949.35
1279,CUS-7186,POL-033248,17643.93,"{'type': 'life', 'brand': 'LifeSecure'}",6267.17
1280,CUS-3797,POL-410770,30849.99,"{'type': 'life', 'brand': 'InsureCorp'}",355.7
1281,CUS-1849,POL-455043,63251.55,"{'type': 'life', 'brand': 'LifeSecure'}",7039.49
1282,CUS-9961,POL-237581,72795.98,"{'type': 'home', 'brand': 'SafeGuard'}",6817.43
1283,CUS-6109,POL-662613,57707.72,"{'type': 'auto', 'brand': 'InsureCorp'}",6790.94
1284,CUS-2590,POL-162596,93559.55,"{'type': 'home', 'brand': 'SafeGuard'}",3575.31
1285,CUS-7626,POL-115272,94337.07,"{'type': 'health', 'brand': 'ProtectPlus'}",6552.92
1286,CUS-9627,POL-390849,84009.08,"{'type': 'auto', 'brand': 'InsureCorp'}",1576.58
1287,CUS-8495,POL-183488,67009.28,"{'type': 'life', 'brand': 'LifeSecure'}",2562.07
1288,CUS-6380,POL-885481,53079.86,"{'type': 'auto', 'brand': 'SafeGuard'}",1648.04
1289,CUS-5317,POL-973624,60446.11,"{'type': 'life', 'brand': 'LifeSecure'}",5718.02
1290,CUS-1399,POL-584809,87160.39,"{'type': 'health', 'brand': 'ProtectPlus'}",3020.39
1291,CUS-7891,POL-699829,75959.34,"{'type': 'life', 'brand': 'ProtectPlus'}",4810.77
1292,CUS-4633,POL-502223,33651.46,"{'type': 'life', 'brand': 'LifeSecure'}",2600.85
1293,CUS-9414,POL-455379,33507.6,"{'type': 'auto ', 'brand': 'SafeGuard'}",2889.88
1294,CUS-1776,POL-277697,68819.12,"{'type': None, 'brand': 'ProtectPlus'}",6476.29
1295,CUS-6518,POL-070852,18887.68,"{'type': 'auto', 'brand': 'SafeGuard'}",4285.83
1296,CUS-6886,POL-152994,89578.78,"{'type': 'life', 'brand': 'InsureCorp'}",1840.55
1297,CUS-1389,POL-827726,83371.49,"{'type': 'life', 'brand': 'InsureCorp'}",4264.11
1298,CUS-9467,POL-181669,52241.49,"{'type': 'auto', 'brand': 'InsureCorp'}",6321.7
1299,CUS-7641,POL-922288,82058.23,"{'type': None, 'brand': 'LifeSecure'}",728.65
1300,CUS-5201,POL-205364,10751.97,"{'type': 'life', 'brand': 'LifeSecure'}",1308.2
1301,CUS-1216,POL-302803,91194.38,"{'type': 'life', 'brand': 'ProtectPlus'}",5331.68
1302,CUS-2123,POL-365260,36514.77,"{'type': 'auto ', 'brand': 'SafeGuard'}",1128.11
1303,CUS-2020,POL-116577,16788.42,"{'type': 'auto ', 'brand': 'SafeGuard'}",5494.65
1304,CUS-6372,POL-846373,62004.0,"{'type': 'life', 'brand': 'LifeSecure'}",2689.25
1305,CUS-7195,POL-888277,50902.06,"{'type': 'life', 'brand': 'LifeSecure'}",387.96
1306,CUS-2775,POL-263510,80770.28,"{'type': 'life', 'brand': 'LifeSecure'}",1573.68
1307,CUS-5024,POL-715321,57377.77,"{'type': 'life', 'brand': 'LifeSecure'}",1787.49
1308,CUS-9078,POL-827733,21900.06,"{'type': 'auto', 'brand': 'SafeGuard'}",6832.83
1309,CUS-1826,POL-741784,82611.47,"{'type': 'life', 'brand': 'LifeSecure'}",1754.59
1310,CUS-1135,POL-231306,27131.91,"{'type': 'health', 'brand': 'ProtectPlus'}",7035.45
1311,CUS-7678,POL-054058,40123.68,"{'type': 'home', 'brand': 'SafeGuard'}",4724.09
1312,CUS-6083,POL-051650,48588.35,"{'type': 'life', 'brand': 'LifeSecure'}",1917.15
1313,CUS-2255,POL-662797,99419.23,"{'type': 'health', 'brand': 'InsureCorp'}",202.56
1314,CUS-6457,POL-029830,95451.68,"{'type': 'home', 'brand': 'InsureCorp'}",201.67
1315,CUS-9987,POL-490667,85349.32,"{'type': 'life', 'brand': 'LifeSecure'}",5309.11
1316,CUS-6790,POL-124869,15162.47,"{'type': 'life', 'brand': 'InsureCorp'}",760.52
1317,CUS-5485,POL-479213,55980.42,"{'type': 'health', 'brand': 'ProtectPlus'}",4274.59
1318,CUS-7548,POL-606039,26518.11,"{'type': 'auto', 'brand': 'SafeGuard'}",1523.27
1319,CUS-5791,POL-412023,85917.85,"{'type': 'life', 'brand': 'LifeSecure'}",4197.18
1320,CUS-5889,POL-132963,60897.22,"{'type': 'life', 'brand': 'LifeSecure'}",3330.37
1321,CUS-8143,POL-977860,76600.69,"{'type': 'life', 'brand': 'ProtectPlus'}",2185.45
1322,CUS-9190,POL-061658,82495.06,"{'type': 'health', 'brand': 'ProtectPlus'}",6588.88
1323,CUS-1190,POL-295850,81430.7,"{'type': 'auto ', 'brand': 'SafeGuard'}",4685.66
1324,CUS-8453,POL-910574,91045.44,"{'type': 'health', 'brand': 'InsureCorp'}",2485.36
1325,CUS-1899,POL-948001,23869.65,"{'type': 'life', 'brand': 'ProtectPlus'}",5806.47
1326,CUS-1596,POL-129065,87522.07,"{'type': 'auto', 'brand': 'InsureCorp'}",1935.25
1327,CUS-9374,POL-913771,91281.91,"{'type': 'life', 'brand': 'LifeSecure'}",761.35
1328,CUS-3170,POL-767033,69774.36,"{'type': 'life', 'brand': 'LifeSecure'}",2475.08
1329,CUS-7776,POL-396557,73536.28,"{'type': 'health', 'brand': 'InsureCorp'}",6653.81
1330,CUS-4680,POL-936521,56227.47,"{'type': 'health', 'brand': 'ProtectPlus'}",7049.32
1331,CUS-4114,POL-580392,58400.06,"{'type': 'auto ', 'brand': 'SafeGuard'}",6505.08
1332,CUS-3014,POL-544176,72648.81,"{'type': 'home', 'brand': 'InsureCorp'}",347.89
1333,CUS-7108,POL-920810,62322.1,"{'type': 'health', 'brand': 'ProtectPlus'}",
1334,CUS-7125,POL-178673,63497.75,"{'type': 'life', 'brand': 'InsureCorp'}",7144.13
1335,CUS-9271,POL-270676,41556.35,"{'type': 'life', 'brand': 'LifeSecure'}",
1336,CUS-6039,POL-224124,85006.4,"{'type': 'auto', 'brand': 'InsureCorp'}",668.15
1337,CUS-2497,POL-461682,41853.42,"{'type': 'home', 'brand': 'InsureCorp'}",5743.01
1338,CUS-4086,POL-343841,86771.65,"{'type': 'life', 'brand': 'LifeSecure'}",2969.11
1339,CUS-4484,POL-503382,12326.21,"{'type': 'life', 'brand': 'LifeSecure'}",4932.97
1340,CUS-7614,POL-440516,84302.71,"{'type': 'home', 'brand': 'InsureCorp'}",1380.53
1341,CUS-6451,POL-730137,38401.91,"{'type': 'auto', 'brand': 'SafeGuard'}",954.83
1342,CUS-5498,POL-491711,69534.19,"{'type': 'life', 'brand': 'ProtectPlus'}",5787.7
1343,CUS-2497,968273,16188.31,"{'type': 'life', 'brand': 'LifeSecure'}",6695.5
1344,CUS-6330,POL-328532,17339.52,"{'type': 'home', 'brand': 'InsureCorp'}",4425.53
1345,CUS-8807,POL-394714,72317.63,"{'type': 'home', 'brand': 'SafeGuard'}",962.27
1346,CUS-1384,422958,73216.31,"{'type': 'home', 'brand': 'SafeGuard'}",50000
1347,CUS-4138,POL-268380,33743.09,"{'type': 'life', 'brand': 'ProtectPlus'}",3183.84
1348,CUS-1930,POL-833699,41134.32,"{'type': 'auto ', 'brand': 'SafeGuard'}",3158.81
1349,CUS-5450,POL-847704,25403.28,"{'type': 'life', 'brand': 'InsureCorp'}",6293.98
1350,CUS-3842,POL-754367,49548.65,"{'type': 'auto ', 'brand': 'SafeGuard'}",3910.26
1351,CUS-4817,POL-832570,48985.53,"{'type': 'health', 'brand': 'InsureCorp'}",6171.71
1352,CUS-3515,POL-349498,17935.18,"{'type': 'auto', 'brand': 'SafeGuard'}",1662.39
1353,CUS-9846,POL-884719,50094.4,"{'type': 'auto ', 'brand': 'SafeGuard'}",3299.58
1354,CUS-6617,POL-392499,18572.5,"{'type': 'auto', 'brand': 'SafeGuard'}",1525.0
1355,CUS-5609,POL-104820,70916.88,"{'type': 'life', 'brand': 'ProtectPlus'}",5383.63
1356,CUS-3299,POL-373518,92519.54,"{'type': 'life', 'brand': 'ProtectPlus'}",4766.92
1357,CUS-4107,POL-566874,55195.83,"{'type': 'health', 'brand': 'InsureCorp'}",7004.81
1358,CUS-5613,POL-234233,52690.28,"{'type': 'health', 'brand': 'ProtectPlus'}",5501.61
1359,CUS-2756,POL-779513,87625.03,"{'type': 'life', 'brand': 'ProtectPlus'}",1051.79
1360,CUS-9898,POL-783946,74200.57,"{'type': 'life', 'brand': 'LifeSecure'}",5334.35
1361,CUS-6903,POL-379205,29823.36,"{'type': 'health', 'brand': 'ProtectPlus'}",5558.95
1362,CUS-4976,833319,68343.65,"{'type': 'life', 'brand': 'ProtectPlus'}",6344.62
1363,CUS-3013,POL-543429,33522.27,"{'type': 'health', 'brand': 'ProtectPlus'}",6151.32
1364,CUS-2047,POL-715332,47136.64,"{'type': None, 'brand': 'ProtectPlus'}",5374.23
1365,CUS-5310,POL-018191,79342.21,"{'type': 'health', 'brand': 'ProtectPlus'}",5844.14
1366,CUS-9300,POL-018078,14937.06,"{'type': 'life', 'brand': 'ProtectPlus'}",5529.73
1367,CUS-5920,POL-399526,73413.87,"{'type': 'life', 'brand': 'LifeSecure'}",2241.37
1368,CUS-8169,POL-618621,86368.95,"{'type': 'life', 'brand': 'LifeSecure'}",894.75
1369,CUS-4804,POL-659033,30179.87,"{'type': 'home', 'brand': 'SafeGuard'}",5846.46
1370,CUS-5756,POL-483074,20053.53,"{'type': 'life', 'brand': 'ProtectPlus'}",3156.89
1371,CUS-5283,POL-986409,78732.4,"{'type': 'life', 'brand': 'InsureCorp'}",2594.76
1372,CUS-4774,POL-059830,55919.32,"{'type': 'auto', 'brand': 'SafeGuard'}",2413.89
1373,CUS-4634,POL-658742,98898.6,"{'type': 'home', 'brand': 'InsureCorp'}",3447.9
1374,CUS-6076,POL-317509,-2147483649.0,"{'type': 'life', 'brand': 'InsureCorp'}",3190.05
1375,CUS-6337,POL-818799,10063.42,"{'type': 'life', 'brand': 'LifeSecure'}",2240.49
1376,CUS-3550,POL-877146,48477.94,"{'type': 'auto', 'brand': 'InsureCorp'}",50000
1377,CUS-5047,POL-595104,42138.74,"{'type': 'health', 'brand': 'ProtectPlus'}",3384.05
1378,CUS-9499,POL-483797,17710.91,"{'type': 'health', 'brand': 'InsureCorp'}",4076.83
1379,CUS-1199,POL-013038,71146.91,"{'type': 'life', 'brand': 'LifeSecure'}",3084.3
1380,CUS-3223,POL-763975,66095.05,"{'type': 'life', 'brand': 'LifeSecure'}",7076.76
1381,CUS-7982,POL-272861,31253.94,"{'type': 'life', 'brand': 'LifeSecure'}",2553.35
1382,CUS-7275,POL-664976,27918.97,"{'type': 'life', 'brand': 'ProtectPlus'}",5848.27
1383,CUS-7132,POL-387904,88898.07,"{'type': 'life', 'brand': 'LifeSecure'}",6973.22
1384,CUS-9912,POL-569823,27145.26,"{'type': 'home', 'brand': 'InsureCorp'}",6536.25
1385,CUS-2797,POL-862176,93212.64,"{'type': 'auto ', 'brand': 'SafeGuard'}",2564.91
1386,CUS-3655,POL-301092,95835.62,"{'type': 'life', 'brand': 'InsureCorp'}",2554.61
1387,CUS-4763,POL-392044,28655.55,"{'type': 'home', 'brand': 'SafeGuard'}",2009.99
1388,CUS-6443,POL-432808,10600.15,"{'type': 'health', 'brand': 'ProtectPlus'}",282.47
1389,CUS-9023,POL-026992,31953.75,"{'type': 'home', 'brand': 'InsureCorp'}",3176.8
1390,CUS-6600,POL-453320,27995.55,"{'type': None, 'brand': 'InsureCorp'}",817.41
1391,CUS-3205,POL-031765,96703.48,"{'type': 'health', 'brand': 'InsureCorp'}",4275.38
1392,CUS-6981,POL-130968,63770.97,"{'type': 'life', 'brand': 'ProtectPlus'}",1750.59
1393,CUS-5653,POL-716374,96717.69,"{'type': 'life', 'brand': 'InsureCorp'}",7256.45
1394,CUS-2969,POL-922019,53731.37,"{'type': 'life', 'brand': 'LifeSecure'}",1572.75
1395,CUS-9624,POL-536710,85405.98,"{'type': 'health', 'brand': 'ProtectPlus'}",273.78
1396,CUS-8161,POL-891090,18822.52,"{'type': 'health', 'brand': 'InsureCorp'}",1632.42
1397,CUS-1163,POL-184844,13960.37,"{'type': 'home', 'brand': 'InsureCorp'}",2378.73
1398,CUS-5589,POL-065471,65446.24,"{'type': 'auto ', 'brand': 'SafeGuard'}",4479.57
1399,CUS-3919,POL-727325,56301.1,"{'type': 'auto', 'brand': 'InsureCorp'}",1735.55
1400,CUS-7126,POL-496919,51199.77,"{'type': 'home', 'brand': 'SafeGuard'}",1359.32
1401,CUS-9661,POL-577072,77387.65,"{'type': 'life', 'brand': 'ProtectPlus'}",2937.79
1402,CUS-3646,POL-826443,72209.61,"{'type': 'life', 'brand': 'LifeSecure'}",4009.72
1403,CUS-3853,POL-786256,92437.67,"{'type': 'auto', 'brand': 'InsureCorp'}",7325.75
1404,CUS-6421,POL-948066,76586.76,"{'type': 'life', 'brand': 'LifeSecure'}",4553.31
1405,CUS-7925,POL-296687,47233.81,"{'type': 'life', 'brand': 'LifeSecure'}",2609.32
1406,CUS-5823,POL-344778,76411.46,"{'type': 'auto ', 'brand': 'SafeGuard'}",5238.74
1407,CUS-3392,POL-423890,21097.58,"{'type': 'home', 'brand': 'InsureCorp'}",3523.28
1408,CUS-7682,POL-804410,95667.01,"{'type': 'auto ', 'brand': 'SafeGuard'}",3539.48
1409,CUS-9794,POL-184709,49584.54,"{'type': 'life', 'brand': 'ProtectPlus'}",7318.92
1410,CUS-1440,POL-915004,45876.79,"{'type': 'auto ', 'brand': 'SafeGuard'}",2197.32
1411,CUS-4100,POL-369349,38177.38,"{'type': 'auto', 'brand': 'InsureCorp'}",3691.51
1412,CUS-7069,POL-036176,49003.55,"{'type': 'auto', 'brand': 'InsureCorp'}",1909.17
1413,CUS-2983,POL-765625,34504.41,"{'type': 'life', 'brand': 'LifeSecure'}",3491.75
1414,CUS-7864,POL-007265,49010.68,"{'type': 'life', 'brand': 'LifeSecure'}",3468.35
1415,CUS-6601,POL-558405,92242.2,"{'type': 'life', 'brand': 'LifeSecure'}",3765.88
1416,CUS-4345,POL-192511,43247.61,"{'type': 'health', 'brand': 'ProtectPlus'}",50000
1417,CUS-5756,POL-436086,37425.52,"{'type': 'home', 'brand': 'SafeGuard'}",4344.82
1418,CUS-9721,POL-098856,85907.07,"{'type': 'life', 'brand': 'InsureCorp'}",5376.79
1419,CUS-5525,POL-334970,40933.75,"{'type': 'auto', 'brand': 'InsureCorp'}",2326.71
1420,CUS-3313,POL-948729,40843.59,"{'type': 'life', 'brand': 'ProtectPlus'}",4422.99
1421,CUS-1487,POL-318400,83379.07,"{'type': 'health', 'brand': 'ProtectPlus'}",1205.99
1422,CUS-6443,POL-105092,59794.91,"{'type': 'auto', 'brand': 'SafeGuard'}",667.17
1423,CUS-3835,POL-272498,77475.57,"{'type': 'life', 'brand': 'LifeSecure'}",3114.4
1424,CUS-8744,POL-991801,32909.46,"{'type': 'health', 'brand': 'ProtectPlus'}",5945.07
1425,CUS-1414,POL-859975,90047.55,"{'type': 'home', 'brand': 'InsureCorp'}",4678.79
1426,CUS-8131,POL-016754,34958.29,"{'type': 'life', 'brand': 'InsureCorp'}",3700.25
1427,CUS-2627,POL-820332,10160.41,"{'type': 'life', 'brand': 'ProtectPlus'}",1741.84
1428,CUS-4242,POL-596931,92006.49,"{'type': 'life', 'brand': 'LifeSecure'}",6396.47
1429,CUS-5124,POL-893991,57367.66,"{'type': 'auto', 'brand': 'SafeGuard'}",4733.84
1430,CUS-2115,POL-197273,28263.32,"{'type': 'life', 'brand': 'InsureCorp'}",6810.15
1431,CUS-7117,POL-309673,17361.01,"{'type': 'life', 'brand': 'LifeSecure'}",6379.22
1432,CUS-2699,POL-454165,18125.0,"{'type': None, 'brand': 'SafeGuard'}",6039.88
1433,CUS-1332,POL-113508,30383.53,"{'type': 'life', 'brand': 'LifeSecure'}",5933.97
1434,CUS-3060,POL-353434,55362.34,"{'type': 'auto', 'brand': 'InsureCorp'}",1797.65
1435,CUS-8716,POL-855668,68016.7,"{'type': 'home', 'brand': 'SafeGuard'}",1129.46
1436,CUS-1882,POL-327708,95848.45,"{'type': 'auto', 'brand': 'InsureCorp'}",5094.69
1437,CUS-9414,POL-262909,62485.45,"{'type': 'life', 'brand': 'LifeSecure'}",965.85
1438,CUS-8056,POL-754543,10278.78,"{'type': 'life', 'brand': 'LifeSecure'}",6079.87
1439,CUS-8264,POL-999964,10178.28,"{'type': 'auto', 'brand': 'InsureCorp'}",1008.62
1440,CUS-5674,POL-875123,43748.82,"{'type': 'life', 'brand': 'LifeSecure'}",394.65
1441,CUS-1152,POL-934329,46332.26,"{'type': 'life', 'brand': 'LifeSecure'}",4139.26
1442,CUS-9952,POL-014626,13819.21,"{'type': 'health', 'brand': 'ProtectPlus'}",275.35
1443,CUS-1313,POL-815501,36209.77,"{'type': 'life', 'brand': 'LifeSecure'}",4752.65
1444,CUS-3099,POL-176534,61328.29,"{'type': 'life', 'brand': 'InsureCorp'}",7414.19
1445,CUS-1851,POL-296036,13090.3,"{'type': 'auto', 'brand': 'SafeGuard'}",
1446,CUS-9101,POL-533609,31130.44,"{'type': 'health', 'brand': 'InsureCorp'}",2852.97
1447,CUS-8044,POL-278713,94797.99,"{'type': 'auto ', 'brand': 'SafeGuard'}",4697.06
1448,CUS-2551,POL-924752,-2147483649.0,"{'type': 'life', 'brand': 'LifeSecure'}",
1449,CUS-8680,POL-225403,57865.68,"{'type': 'home', 'brand': 'SafeGuard'}",5767.96
1450,CUS-4157,POL-988158,11812.8,"{'type': 'auto', 'brand': 'SafeGuard'}",7020.12
1451,CUS-6654,POL-382168,45127.55,"{'type': 'life', 'brand': 'LifeSecure'}",7275.54
1452,CUS-3224,POL-123662,30491.14,"{'type': 'life', 'brand': 'LifeSecure'}",7281.37
1453,CUS-5529,POL-002608,20553.02,"{'type': None, 'brand': 'ProtectPlus'}",4492.9
1454,CUS-5806,POL-737789,78365.82,"{'type': 'auto', 'brand': 'SafeGuard'}",5761.01
1455,CUS-7213,POL-019987,21562.49,"{'type': 'home', 'brand': 'InsureCorp'}",2213.37
1456,CUS-8841,POL-697893,27209.39,"{'type': 'life', 'brand': 'LifeSecure'}",2198.97
1457,CUS-7551,POL-813326,17526.04,"{'type': 'life', 'brand': 'LifeSecure'}",4646.78
1458,CUS-9266,POL-950112,11643.23,"{'type': 'home', 'brand': 'SafeGuard'}",7422.59
1459,CUS-6074,POL-238736,-2147483649.0,"{'type': 'auto', 'brand': 'InsureCorp'}",2218.2
1460,CUS-9877,POL-495563,91516.01,"{'type': 'auto ', 'brand': 'SafeGuard'}",6300.64
1461,CUS-6978,POL-030303,99958.37,"{'type': 'life', 'brand': 'LifeSecure'}",5885.23
1462,CUS-6989,POL-684404,18422.8,"{'type': None, 'brand': 'SafeGuard'}",4849.74
1463,CUS-2757,POL-068450,93723.74,"{'type': 'auto', 'brand': 'InsureCorp'}",4793.96
1464,CUS-1892,POL-771126,42530.27,"{'type': 'life', 'brand': 'ProtectPlus'}",6100.45
1465,CUS-7677,POL-125379,87577.15,"{'type': 'health', 'brand': 'ProtectPlus'}",7240.1
1466,CUS-5694,POL-433534,15557.77,"{'type': 'life', 'brand': 'InsureCorp'}",5408.5
1467,CUS-3757,POL-397802,35881.69,"{'type': 'home', 'brand': 'SafeGuard'}",3602.09
1468,CUS-9854,POL-935649,83753.61,"{'type': 'life', 'brand': 'LifeSecure'}",944.5
1469,CUS-3464,POL-368459,25540.6,"{'type': 'health', 'brand': 'ProtectPlus'}",2255.34
1470,CUS-7073,POL-153750,12936.05,"{'type': 'life', 'brand': 'ProtectPlus'}",6572.81
1471,CUS-8796,POL-571428,85877.2,"{'type': 'auto', 'brand': 'InsureCorp'}",1923.8
1472,CUS-9987,POL-955560,15760.24,"{'type': None, 'brand': 'ProtectPlus'}",2304.37
1473,CUS-5409,POL-373871,37083.43,"{'type': 'life', 'brand': 'LifeSecure'}",6230.32
1474,CUS-8057,POL-768146,19864.61,"{'type': 'life', 'brand': 'ProtectPlus'}",6358.01
1475,CUS-5047,POL-007317,80870.34,"{'type': 'health', 'brand': 'ProtectPlus'}",6837.9
1476,CUS-3346,POL-807068,79773.0,"{'type': 'life', 'brand': 'ProtectPlus'}",5235.73
1477,CUS-7923,POL-113265,96779.19,"{'type': 'auto', 'brand': 'SafeGuard'}",6385.46
1478,CUS-8734,POL-529850,31163.48,"{'type': 'auto', 'brand': 'InsureCorp'}",301.55
1479,CUS-5450,POL-832026,89470.73,"{'type': 'health', 'brand': 'InsureCorp'}",7088.69
1480,CUS-1175,POL-479307,76453.95,"{'type': 'life', 'brand': 'InsureCorp'}",6757.78
1481,CUS-8744,POL-523620,27061.62,"{'type': None, 'brand': 'LifeSecure'}",7045.42
1482,CUS-1325,POL-451915,32806.55,"{'type': 'life', 'brand': 'InsureCorp'}",50000
1483,CUS-5976,POL-151400,96477.47,"{'type': 'health', 'brand': 'ProtectPlus'}",3988.26
1484,CUS-1725,POL-780958,24574.25,"{'type': 'auto ', 'brand': 'SafeGuard'}",2324.23
1485,CUS-9872,POL-420056,64993.08,"{'type': 'life', 'brand': 'ProtectPlus'}",3243.96
1486,CUS-9224,POL-642853,87996.81,"{'type': None, 'brand': 'InsureCorp'}",2288.71
1487,CUS-4460,POL-884904,47883.32,"{'type': 'auto', 'brand': 'SafeGuard'}",4439.71
1488,CUS-1120,POL-783027,22947.09,"{'type': 'health', 'brand': 'InsureCorp'}",
1489,CUS-5434,POL-949102,55153.68,"{'type': 'health', 'brand': 'InsureCorp'}",2309.33
1490,CUS-3500,POL-634945,85023.26,"{'type': 'auto ', 'brand': 'SafeGuard'}",546.9
1491,CUS-4901,POL-620350,98301.39,"{'type': 'life', 'brand': 'LifeSecure'}",5684.0
1492,CUS-4147,POL-899725,86761.53,"{'type': None, 'brand': 'ProtectPlus'}",2279.76
1493,CUS-8036,POL-632663,28604.38,"{'type': 'life', 'brand': 'LifeSecure'}",5312.19
1494,CUS-5728,POL-087208,31324.26,"{'type': 'auto', 'brand': 'InsureCorp'}",2531.05
1495,CUS-2729,POL-710101,96597.3,"{'type': 'life', 'brand': 'LifeSecure'}",5840.25
1496,CUS-6894,POL-142021,-2147483649.0,"{'type': 'life', 'brand': 'InsureCorp'}",1178.21
1497,CUS-4322,POL-375693,93397.2,"{'type': 'auto', 'brand': 'SafeGuard'}",4207.1
1498,CUS-8194,POL-832012,41130.32,"{'type': 'health', 'brand': 'ProtectPlus'}",395.26
1499,CUS-1313,POL-692815,90399.42,"{'type': 'life', 'brand': 'LifeSecure'}",2606.88
1500,CUS-4149,POL-495665,56271.96,"{'type': 'life', 'brand': 'LifeSecure'}",6078.23
1501,CUS-8584,POL-310378,22387.19,"{'type': 'home', 'brand': 'SafeGuard'}",3885.59
1502,CUS-1759,POL-659277,53384.83,"{'type': 'life', 'brand': 'ProtectPlus'}",4678.54
1503,CUS-8465,POL-718391,18903.84,"{'type': 'life', 'brand': 'LifeSecure'}",6784.96
1504,CUS-9024,POL-867669,28104.1,"{'type': 'life', 'brand': 'LifeSecure'}",5065.88
1505,CUS-4026,POL-680145,38255.09,"{'type': 'life', 'brand': 'LifeSecure'}",6778.9
1506,CUS-7920,POL-109535,41111.42,"{'type': 'auto', 'brand': 'InsureCorp'}",6626.57
1507,CUS-4859,POL-409491,64114.17,"{'type': 'auto', 'brand': 'InsureCorp'}",5003.48
1508,CUS-6585,POL-665492,62263.53,"{'type': 'auto', 'brand': 'SafeGuard'}",3424.83
1509,CUS-2361,POL-093866,49992.13,"{'type': 'health', 'brand': 'ProtectPlus'}",4298.33
1510,CUS-9111,POL-523993,39616.85,"{'type': 'life', 'brand': 'LifeSecure'}",465.61
1511,CUS-5975,POL-544508,51670.75,"{'type': 'life', 'brand': 'ProtectPlus'}",5865.85
1512,CUS-9481,POL-435576,35374.28,"{'type': 'auto', 'brand': 'InsureCorp'}",4498.18
1513,CUS-5495,POL-678682,91250.89,"{'type': 'home', 'brand': 'SafeGuard'}",6901.87
1514,CUS-4925,POL-535054,60515.27,"{'type': 'life', 'brand': 'ProtectPlus'}",6289.29
1515,CUS-7921,POL-707664,45229.6,"{'type': 'life', 'brand': 'LifeSecure'}",3204.58
1516,CUS-7097,POL-829396,30702.5,"{'type': 'home', 'brand': 'InsureCorp'}",1196.6
1517,CUS-2946,POL-853289,63175.98,"{'type': 'life', 'brand': 'ProtectPlus'}",2840.18
1518,CUS-5415,POL-811240,13870.26,"{'type': 'health', 'brand': 'ProtectPlus'}",1592.57
1519,CUS-2048,POL-127026,58376.46,"{'type': 'life', 'brand': 'InsureCorp'}",6019.6
1520,CUS-1605,POL-388699,13551.74,"{'type': 'life', 'brand': 'ProtectPlus'}",4066.08
1521,CUS-4064,997472,62981.68,"{'type': None, 'brand': 'SafeGuard'}",2353.71
1522,CUS-2610,POL-711238,70616.73,"{'type': 'auto', 'brand': 'SafeGuard'}",6754.13
1523,CUS-6223,POL-809807,14524.9,"{'type': 'auto ', 'brand': 'SafeGuard'}",2889.7
1524,CUS-1655,POL-029622,91716.8,"{'type': 'life', 'brand': 'LifeSecure'}",1841.64
1525,CUS-1364,POL-925370,53945.87,"{'type': 'life', 'brand': 'LifeSecure'}",2335.35
1526,CUS-8003,POL-082962,79538.59,"{'type': 'auto', 'brand': 'SafeGuard'}",6880.66
1527,CUS-6308,POL-523129,34526.76,"{'type': 'auto ', 'brand': 'SafeGuard'}",255.92
1528,CUS-9330,POL-806281,43516.76,"{'type': 'health', 'brand': 'ProtectPlus'}",719.29
1529,CUS-2286,POL-007337,98447.02,"{'type': 'life', 'brand': 'LifeSecure'}",2022.98
1530,CUS-4525,POL-680240,71244.4,"{'type': 'home', 'brand': 'SafeGuard'}",251.94
1531,CUS-8559,POL-488573,82116.02,"{'type': 'life', 'brand': 'LifeSecure'}",4909.24
1532,CUS-5096,POL-109821,90885.71,"{'type': 'home', 'brand': 'InsureCorp'}",6344.55
1533,CUS-6919,POL-038378,91355.16,"{'type': 'life', 'brand': 'ProtectPlus'}",6522.91
1534,CUS-7417,POL-793371,94753.84,"{'type': 'life', 'brand': 'ProtectPlus'}",2978.09
1535,CUS-2407,POL-825489,58867.24,"{'type': 'auto ', 'brand': 'SafeGuard'}",2885.69
1536,CUS-7057,POL-467526,90167.5,"{'type': 'health', 'brand': 'InsureCorp'}",636.32
1537,CUS-5531,POL-900429,66732.41,"{'type': 'life', 'brand': 'ProtectPlus'}",6846.1
1538,CUS-1722,POL-082874,71356.91,"{'type': 'auto', 'brand': 'SafeGuard'}",562.53
1539,CUS-7622,POL-596093,91412.52,"{'type': 'home', 'brand': 'SafeGuard'}",1926.9
1540,CUS-4207,POL-605649,29706.24,"{'type': 'home', 'brand': 'InsureCorp'}",5134.76
1541,CUS-6164,POL-571437,86035.45,"{'type': 'life', 'brand': 'LifeSecure'}",1947.01
1542,CUS-8704,POL-419884,80741.64,"{'type': 'auto', 'brand': 'SafeGuard'}",6073.72
1543,CUS-6022,POL-837033,67055.01,"{'type': 'auto', 'brand': 'SafeGuard'}",1344.13
1544,CUS-2780,POL-001876,59751.13,"{'type': 'life', 'brand': 'LifeSecure'}",3075.84
1545,CUS-6713,POL-890964,90518.32,"{'type': 'auto', 'brand': 'InsureCorp'}",3552.05
1546,CUS-4064,POL-680588,-2147483649.0,"{'type': 'life', 'brand': 'ProtectPlus'}",3587.31
1547,CUS-6996,POL-169516,83600.32,"{'type': 'auto ', 'brand': 'SafeGuard'}",737.31
1548,CUS-5403,POL-817620,39478.0,"{'type': 'auto ', 'brand': 'SafeGuard'}",4984.44
1549,CUS-6118,406243,81597.46,"{'type': 'health', 'brand': 'ProtectPlus'}",3510.73
1550,CUS-9328,POL-501064,12615.13,"{'type': 'home', 'brand': 'SafeGuard'}",1686.29
1551,CUS-5350,POL-997859,15481.13,"{'type': 'health', 'brand': 'ProtectPlus'}",4845.74
1552,CUS-7887,POL-769871,73564.29,"{'type': 'auto ', 'brand': 'SafeGuard'}",366.39
1553,CUS-7943,POL-646492,42915.27,"{'type': None, 'brand': 'InsureCorp'}",7263.85
1554,CUS-6922,POL-272957,50594.16,"{'type': 'life', 'brand': 'ProtectPlus'}",4483.89
1555,CUS-9059,POL-809096,41345.56,"{'type': 'life', 'brand': 'LifeSecure'}",4634.46
1556,CUS-9882,POL-032391,40771.37,"{'type': 'life', 'brand': 'LifeSecure'}",1382.66
1557,CUS-1601,POL-154007,37776.94,"{'type': 'auto ', 'brand': 'SafeGuard'}",5781.95
1558,CUS-5176,POL-679862,48305.08,"{'type': 'life', 'brand': 'InsureCorp'}",1367.86
1559,CUS-7542,POL-930333,65822.32,"{'type': 'health', 'brand': 'ProtectPlus'}",6104.01
1560,CUS-7400,POL-171237,99643.85,"{'type': 'life', 'brand': 'ProtectPlus'}",7103.86
1561,CUS-9045,902704,10815.33,"{'type': 'home', 'brand': 'InsureCorp'}",159.74
1562,CUS-5985,POL-815299,76886.22,"{'type': 'auto', 'brand': 'SafeGuard'}",3102.21
1563,CUS-4670,POL-862245,72501.3,"{'type': None, 'brand': 'InsureCorp'}",3277.07
1564,CUS-6966,POL-761984,90728.38,"{'type': 'life', 'brand': 'LifeSecure'}",3160.39
1565,CUS-1125,POL-875297,93708.24,"{'type': 'health', 'brand': 'InsureCorp'}",1949.7
1566,CUS-4180,POL-206467,90823.83,"{'type': 'health', 'brand': 'InsureCorp'}",5633.0
1567,CUS-8941,POL-844028,48631.57,"{'type': 'health', 'brand': 'ProtectPlus'}",2968.46
1568,CUS-1702,POL-287687,72022.01,"{'type': 'auto', 'brand': 'SafeGuard'}",6807.2
1569,CUS-6303,POL-758571,48874.65,"{'type': 'auto', 'brand': 'InsureCorp'}",4652.22
1570,CUS-6514,POL-577251,38994.64,"{'type': 'life', 'brand': 'ProtectPlus'}",3196.53
1571,CUS-1950,POL-617947,45470.79,"{'type': 'life', 'brand': 'LifeSecure'}",7228.49
1572,CUS-5473,POL-043325,24168.22,"{'type': 'life', 'brand': 'LifeSecure'}",7006.44
1573,CUS-9954,POL-653181,37160.68,"{'type': 'home', 'brand': 'SafeGuard'}",5517.59
1574,CUS-1126,POL-256263,11504.13,"{'type': 'health', 'brand': 'ProtectPlus'}",3928.1
1575,CUS-7381,POL-030965,35201.03,"{'type': 'life', 'brand': 'LifeSecure'}",4343.88
1576,CUS-6039,POL-193054,15269.15,"{'type': 'home', 'brand': 'InsureCorp'}",886.24
1577,CUS-5234,POL-144591,29682.32,"{'type': 'life', 'brand': 'LifeSecure'}",5658.58
1578,CUS-8778,POL-954986,20403.78,"{'type': 'life', 'brand': 'LifeSecure'}",382.63
1579,CUS-9356,POL-089379,31745.67,"{'type': 'auto', 'brand': 'SafeGuard'}",2276.36
1580,CUS-5335,POL-082389,85447.82,"{'type': 'life', 'brand': 'LifeSecure'}",7271.09
1581,CUS-1244,POL-575255,38072.29,"{'type': 'life', 'brand': 'InsureCorp'}",6193.11
1582,CUS-5990,POL-441895,43398.6,"{'type': 'health', 'brand': 'ProtectPlus'}",492.52
1583,CUS-7718,POL-814448,26932.54,"{'type': 'life', 'brand': 'ProtectPlus'}",4365.43
1584,CUS-3628,POL-752742,88299.61,"{'type': None, 'brand': 'InsureCorp'}",2727.5
1585,CUS-9334,POL-308569,27202.06,"{'type': 'auto ', 'brand': 'SafeGuard'}",3723.63
1586,CUS-2694,POL-229772,78425.36,"{'type': 'auto', 'brand': 'InsureCorp'}",6660.95
1587,CUS-1759,POL-374294,64599.18,"{'type': 'life', 'brand': 'LifeSecure'}",859.0
1588,CUS-4397,POL-667258,69450.33,"{'type': 'life', 'brand': 'LifeSecure'}",5050.27
1589,CUS-5005,POL-721694,93267.07,"{'type': 'health', 'brand': 'InsureCorp'}",1144.1
1590,CUS-8093,POL-713915,-2147483649.0,"{'type': 'auto', 'brand': 'SafeGuard'}",
1591,CUS-9241,POL-063754,28939.32,"{'type': 'auto ', 'brand': 'SafeGuard'}",2037.55
1592,CUS-5147,POL-236562,68449.59,"{'type': 'life', 'brand': 'LifeSecure'}",1478.94
1593,CUS-3370,POL-351733,62227.73,"{'type': 'auto', 'brand': 'SafeGuard'}",2155.59
1594,CUS-8876,POL-572771,87699.88,"{'type': 'health', 'brand': 'InsureCorp'}",5827.89
1595,CUS-7720,POL-331391,29012.44,"{'type': 'life', 'brand': 'LifeSecure'}",5113.02
1596,CUS-1829,POL-598491,78997.58,"{'type': None, 'brand': 'InsureCorp'}",1399.63
1597,CUS-5994,POL-472320,60917.11,"{'type': 'life', 'brand': 'LifeSecure'}",5455.92
1598,CUS-3664,POL-468485,24316.86,"{'type': 'home', 'brand': 'SafeGuard'}",5546.58
1599,CUS-1503,POL-808461,24157.23,"{'type': 'life', 'brand': 'LifeSecure'}",238.27
1600,CUS-6980,POL-114671,39889.03,"{'type': 'auto', 'brand': 'SafeGuard'}",6498.46
1601,CUS-7070,POL-879702,10592.72,"{'type': None, 'brand': 'InsureCorp'}",
1602,CUS-2369,POL-214655,46278.95,"{'type': 'health', 'brand': 'ProtectPlus'}",4272.01
1603,CUS-3629,POL-200696,18558.82,"{'type': 'life', 'brand': 'InsureCorp'}",2953.6
1604,CUS-1559,POL-887251,54293.61,"{'type': 'life', 'brand': 'LifeSecure'}",7034.6
1605,CUS-2892,POL-451655,39542.73,"{'type': 'life', 'brand': 'LifeSecure'}",1777.02
1606,CUS-3218,POL-601463,41441.22,"{'type': 'life', 'brand': 'LifeSecure'}",6654.32
1607,CUS-5266,POL-327247,19678.61,"{'type': 'life', 'brand': 'LifeSecure'}",5586.91
1608,CUS-8395,POL-827066,13313.84,"{'type': 'auto', 'brand': 'InsureCorp'}",1249.44
1609,CUS-8594,POL-358322,96021.54,"{'type': 'life', 'brand': 'ProtectPlus'}",50000
1610,CUS-4151,POL-568952,31702.07,"{'type': 'health', 'brand': 'InsureCorp'}",4141.19
1611,CUS-5433,POL-953616,19824.71,"{'type': 'life', 'brand': 'InsureCorp'}",1556.63
1612,CUS-5247,POL-822220,48755.75,"{'type': 'life', 'brand': 'InsureCorp'}",5831.0
1613,CUS-2506,POL-071873,61239.68,"{'type': 'life', 'brand': 'LifeSecure'}",4994.46
1614,CUS-8377,POL-246813,67402.66,"{'type': 'life', 'brand': 'ProtectPlus'}",4365.03
1615,CUS-1772,POL-140111,69803.72,"{'type': 'home', 'brand': 'InsureCorp'}",4066.05
1616,CUS-9337,POL-057601,79350.49,"{'type': 'life', 'brand': 'InsureCorp'}",2780.65
1617,CUS-4065,POL-236590,30511.74,"{'type': 'health', 'brand': 'InsureCorp'}",50000
1618,CUS-2262,POL-923720,97924.15,"{'type': 'life', 'brand': 'InsureCorp'}",4080.8
1619,CUS-9137,POL-375755,95791.26,"{'type': 'auto', 'brand': 'InsureCorp'}",1331.83
1620,CUS-6811,POL-166256,80241.11,"{'type': 'home', 'brand': 'SafeGuard'}",1825.54
1621,CUS-2911,POL-146286,99522.19,"{'type': 'life', 'brand': 'InsureCorp'}",5538.86
1622,CUS-3736,POL-490603,37613.05,"{'type': 'auto', 'brand': 'SafeGuard'}",348.98
1623,CUS-2156,POL-142321,94493.97,"{'type': 'life', 'brand': 'ProtectPlus'}",2959.95
1624,CUS-7019,POL-741285,63253.38,"{'type': 'auto', 'brand': 'SafeGuard'}",2390.69
1625,CUS-8251,POL-385138,12158.31,"{'type': 'home', 'brand': 'SafeGuard'}",5531.12
1626,CUS-5749,POL-931342,10867.56,"{'type': 'health', 'brand': 'ProtectPlus'}",7263.15
1627,CUS-1344,POL-279933,21122.66,"{'type': 'auto', 'brand': 'SafeGuard'}",2944.83
1628,CUS-9954,POL-257339,40027.2,"{'type': 'life', 'brand': 'LifeSecure'}",4884.1
1629,CUS-1526,POL-143722,15025.67,"{'type': 'health', 'brand': 'ProtectPlus'}",2557.95
1630,CUS-2602,POL-624395,35679.75,"{'type': 'life', 'brand': 'LifeSecure'}",6425.38
1631,CUS-4623,POL-991949,57979.45,"{'type': 'health', 'brand': 'ProtectPlus'}",5347.85
1632,CUS-7583,POL-737078,65910.82,"{'type': 'life', 'brand': 'LifeSecure'}",4656.46
1633,CUS-4646,POL-059289,19295.03,"{'type': None, 'brand': 'InsureCorp'}",3807.9
1634,CUS-3723,POL-896437,30761.38,"{'type': 'life', 'brand': 'InsureCorp'}",2789.93
1635,CUS-7912,POL-239786,35432.08,"{'type': 'health', 'brand': 'InsureCorp'}",4490.27
1636,CUS-5267,POL-710275,41881.39,"{'type': 'health', 'brand': 'ProtectPlus'}",776.68
1637,CUS-7241,POL-113149,97149.19,"{'type': 'life', 'brand': 'LifeSecure'}",5419.17
1638,CUS-1292,POL-931068,30214.92,"{'type': 'auto', 'brand': 'SafeGuard'}",5322.72
1639,CUS-2109,POL-976908,82703.74,"{'type': 'life', 'brand': 'InsureCorp'}",5293.64
1640,CUS-6768,POL-845810,95145.96,"{'type': 'life', 'brand': 'ProtectPlus'}",1267.31
1641,CUS-6556,POL-082422,17038.6,"{'type': 'life', 'brand': 'ProtectPlus'}",3807.2
1642,CUS-7499,POL-901557,26889.94,"{'type': 'life', 'brand': 'InsureCorp'}",5059.45
1643,CUS-2076,POL-209655,10926.26,"{'type': 'auto', 'brand': 'SafeGuard'}",2584.19
1644,CUS-2857,POL-391586,96834.22,"{'type': 'life', 'brand': 'LifeSecure'}",6255.38
1645,CUS-1739,POL-147901,35573.93,"{'type': 'home', 'brand': 'SafeGuard'}",2611.96
1646,CUS-6544,332211,39385.59,"{'type': None, 'brand': 'LifeSecure'}",2582.91
1647,CUS-9422,POL-177362,68169.96,"{'type': 'auto', 'brand': 'InsureCorp'}",2447.96
1648,CUS-5168,POL-297278,84017.41,"{'type': 'life', 'brand': 'InsureCorp'}",3241.22
1649,CUS-4456,POL-567558,40063.06,"{'type': 'life', 'brand': 'LifeSecure'}",3591.34
1650,CUS-1905,POL-732106,87766.27,"{'type': 'health', 'brand': 'ProtectPlus'}",2643.69
1651,CUS-7228,POL-903534,12974.5,"{'type': 'auto', 'brand': 'SafeGuard'}",5185.94
1652,CUS-9779,POL-676671,32999.61,"{'type': 'life', 'brand': 'LifeSecure'}",2678.44
1653,CUS-2923,POL-287662,45428.05,"{'type': 'auto ', 'brand': 'SafeGuard'}",5174.15
1654,CUS-3907,POL-712395,44675.68,"{'type': 'life', 'brand': 'ProtectPlus'}",385.37
1655,CUS-4803,POL-903935,16152.52,"{'type': 'home', 'brand': 'SafeGuard'}",
1656,CUS-5007,809715,14436.61,"{'type': 'home', 'brand': 'InsureCorp'}",7275.5
1657,CUS-8161,728705,55374.42,"{'type': 'auto', 'brand': 'SafeGuard'}",2742.16
1658,CUS-1925,POL-683346,94242.1,"{'type': 'life', 'brand': 'InsureCorp'}",2534.1
1659,CUS-3500,POL-457915,22371.21,"{'type': 'auto', 'brand': 'InsureCorp'}",1492.43
1660,CUS-1796,POL-329930,62370.16,"{'type': None, 'brand': 'ProtectPlus'}",1060.22
1661,CUS-7687,POL-350899,79276.62,"{'type': 'home', 'brand': 'SafeGuard'}",6258.37
1662,CUS-9855,POL-848606,88025.91,"{'type': 'health', 'brand': 'InsureCorp'}",555.99
1663,CUS-5445,283591,62509.18,"{'type': 'life', 'brand': 'LifeSecure'}",5673.86
1664,CUS-1610,POL-661643,42588.93,"{'type': 'life', 'brand': 'ProtectPlus'}",5315.46
1665,CUS-4049,POL-404393,32272.25,"{'type': 'health', 'brand': 'ProtectPlus'}",5664.58
1666,CUS-2218,POL-139485,62361.8,"{'type': 'health', 'brand': 'ProtectPlus'}",7412.6
1667,CUS-7289,POL-127631,97019.84,"{'type': 'home', 'brand': 'SafeGuard'}",5580.91
1668,CUS-4341,POL-664794,28324.68,"{'type': 'health', 'brand': 'InsureCorp'}",467.59
1669,CUS-9073,POL-001776,45511.13,"{'type': 'home', 'brand': 'SafeGuard'}",7095.81
1670,CUS-9035,POL-289108,29821.5,"{'type': 'life', 'brand': 'InsureCorp'}",1816.95
1671,CUS-8185,POL-338347,39027.77,"{'type': 'life', 'brand': 'ProtectPlus'}",
1672,CUS-9947,POL-880120,68282.1,"{'type': 'life', 'brand': 'LifeSecure'}",7031.22
1673,CUS-4805,POL-378084,81111.0,"{'type': 'home', 'brand': 'InsureCorp'}",6751.25
1674,CUS-7927,POL-035074,34888.9,"{'type': 'auto', 'brand': 'SafeGuard'}",5875.16
1675,CUS-7651,POL-660663,24032.06,"{'type': 'life', 'brand': 'InsureCorp'}",6669.63
1676,CUS-9381,POL-528574,44538.07,"{'type': 'life', 'brand': 'LifeSecure'}",1520.9
1677,CUS-5530,POL-936367,52541.52,"{'type': 'life', 'brand': 'InsureCorp'}",4542.75
1678,CUS-6377,POL-953022,83664.26,"{'type': 'life', 'brand': 'LifeSecure'}",7116.93
1679,CUS-8949,POL-993214,90496.48,"{'type': 'home', 'brand': 'SafeGuard'}",
1680,CUS-1446,POL-551761,65449.96,"{'type': 'life', 'brand': 'LifeSecure'}",2136.09
1681,CUS-9656,POL-289505,65362.54,"{'type': 'life', 'brand': 'LifeSecure'}",4409.05
1682,CUS-3066,POL-379468,-2147483649.0,"{'type': 'life', 'brand': 'ProtectPlus'}",1611.98
1683,CUS-2003,POL-935904,35086.6,"{'type': 'auto', 'brand': 'SafeGuard'}",5209.75
1684,CUS-2106,POL-424602,70485.15,"{'type': 'life', 'brand': 'LifeSecure'}",
1685,CUS-6217,POL-360315,32568.1,"{'type': 'auto', 'brand': 'SafeGuard'}",2995.6
1686,CUS-8928,POL-488260,55764.46,"{'type': 'life', 'brand': 'LifeSecure'}",6174.54
1687,CUS-7387,POL-254892,98748.6,"{'type': 'auto ', 'brand': 'SafeGuard'}",408.52
1688,CUS-4773,POL-897509,76500.23,"{'type': 'auto', 'brand': 'SafeGuard'}",5215.72
1689,CUS-5074,POL-389439,86735.77,"{'type': 'health', 'brand': 'ProtectPlus'}",3415.21
1690,CUS-6722,POL-477144,79491.38,"{'type': 'life', 'brand': 'LifeSecure'}",438.56
1691,CUS-2616,POL-406402,38381.98,"{'type': 'life', 'brand': 'ProtectPlus'}",799.04
1692,CUS-4621,POL-801866,16178.12,"{'type': 'health', 'brand': 'ProtectPlus'}",3516.51
1693,CUS-3319,POL-460401,-2147483649.0,"{'type': 'life', 'brand': 'LifeSecure'}",7194.95
1694,CUS-1105,POL-570723,67974.42,"{'type': 'life', 'brand': 'ProtectPlus'}",3094.4
1695,CUS-7105,POL-839749,27382.83,"{'type': 'health', 'brand': 'ProtectPlus'}",4670.22
1696,CUS-8972,POL-803473,33204.63,"{'type': 'health', 'brand': 'InsureCorp'}",421.13
1697,CUS-1822,POL-009851,90487.86,"{'type': 'life', 'brand': 'ProtectPlus'}",6539.46
1698,CUS-6704,POL-544234,65943.27,"{'type': 'auto', 'brand': 'InsureCorp'}",
1699,CUS-2278,POL-939564,23375.2,"{'type': 'health', 'brand': 'ProtectPlus'}",2282.79
1700,CUS-6845,POL-621393,13727.74,"{'type': 'health', 'brand': 'ProtectPlus'}",953.04
1701,CUS-8783,POL-188994,61060.6,"{'type': 'health', 'brand': 'ProtectPlus'}",1763.12
1702,CUS-2308,POL-527044,21002.78,"{'type': 'auto', 'brand': 'InsureCorp'}",2464.91
1703,CUS-8538,POL-255526,11120.37,"{'type': 'life', 'brand': 'InsureCorp'}",2892.39
1704,CUS-5830,POL-075594,12697.85,"{'type': 'life', 'brand': 'LifeSecure'}",2199.66
1705,CUS-5576,POL-409855,71649.92,"{'type': 'auto', 'brand': 'SafeGuard'}",6354.8
1706,CUS-5624,POL-616092,67050.56,"{'type': 'life', 'brand': 'ProtectPlus'}",5691.92
1707,CUS-4586,POL-510497,59856.02,"{'type': 'auto', 'brand': 'SafeGuard'}",2816.8
1708,CUS-6404,POL-234480,52675.07,"{'type': 'life', 'brand': 'LifeSecure'}",706.85
1709,CUS-3960,POL-443574,37703.81,"{'type': 'health', 'brand': 'InsureCorp'}",2260.49
1710,CUS-2094,POL-479349,18503.95,"{'type': 'life', 'brand': 'LifeSecure'}",383.69
1711,CUS-6517,POL-790056,20499.27,"{'type': 'auto', 'brand': 'SafeGuard'}",5321.42
1712,CUS-7925,POL-643843,28520.22,"{'type': 'life', 'brand': 'LifeSecure'}",1596.99
1713,CUS-3314,POL-077915,67838.15,"{'type': 'health', 'brand': 'ProtectPlus'}",2569.27
1714,CUS-3619,POL-583286,76826.47,"{'type': 'home', 'brand': 'InsureCorp'}",6437.51
1715,CUS-6783,POL-615645,48884.83,"{'type': 'life', 'brand': 'ProtectPlus'}",7455.71
1716,CUS-9588,POL-240941,39048.8,"{'type': 'health', 'brand': 'ProtectPlus'}",7182.95
1717,CUS-7482,POL-366478,96342.65,"{'type': 'health', 'brand': 'ProtectPlus'}",7404.09
1718,CUS-2793,POL-540551,50609.29,"{'type': 'auto ', 'brand': 'SafeGuard'}",365.37
1719,CUS-3578,POL-905104,88599.71,"{'type': 'home', 'brand': 'SafeGuard'}",5351.08
1720,CUS-4281,POL-917657,55081.01,"{'type': 'life', 'brand': 'InsureCorp'}",714.55
1721,CUS-6632,POL-356191,66896.7,"{'type': 'life', 'brand': 'LifeSecure'}",4271.79
1722,CUS-4040,POL-003842,68608.47,"{'type': 'life', 'brand': 'InsureCorp'}",6823.87
1723,CUS-7718,POL-486815,47078.64,"{'type': 'life', 'brand': 'LifeSecure'}",6396.83
1724,CUS-5032,POL-401753,23995.14,"{'type': 'life', 'brand': 'LifeSecure'}",376.83
1725,CUS-1168,POL-924260,44539.56,"{'type': 'health', 'brand': 'ProtectPlus'}",1133.63
1726,CUS-8915,POL-319005,15966.1,"{'type': 'life', 'brand': 'LifeSecure'}",1616.87
1727,CUS-2802,POL-247887,82474.21,"{'type': 'home', 'brand': 'InsureCorp'}",3579.33
1728,CUS-9383,POL-062713,69546.22,"{'type': 'life', 'brand': 'LifeSecure'}",1953.0
1729,CUS-4095,POL-769881,37840.3,"{'type': 'health', 'brand': 'ProtectPlus'}",6200.7
1730,CUS-6190,POL-387771,38522.17,"{'type': 'life', 'brand': 'ProtectPlus'}",3994.17
1731,CUS-9299,POL-452069,67930.59,"{'type': 'health', 'brand': 'ProtectPlus'}",
1732,CUS-2308,POL-389769,37806.04,"{'type': 'life', 'brand': 'InsureCorp'}",1988.14
1733,CUS-9658,176229,66632.24,"{'type': 'life', 'brand': 'ProtectPlus'}",4808.25
1734,CUS-9022,POL-785197,36761.94,"{'type': 'life', 'brand': 'InsureCorp'}",6710.68
1735,CUS-9362,POL-760680,29531.48,"{'type': 'auto', 'brand': 'SafeGuard'}",3708.49
1736,CUS-3470,POL-559380,11989.74,"{'type': 'health', 'brand': 'InsureCorp'}",5429.68
1737,CUS-8233,POL-598182,71252.03,"{'type': 'life', 'brand': 'LifeSecure'}",6708.64
1738,CUS-5360,POL-922483,33631.79,"{'type': 'life', 'brand': 'ProtectPlus'}",781.8
1739,CUS-6716,POL-101613,64515.64,"{'type': 'life', 'brand': 'LifeSecure'}",1959.83
1740,CUS-6246,POL-445712,10553.52,"{'type': None, 'brand': 'ProtectPlus'}",3005.79
1741,CUS-1039,POL-309071,21916.83,"{'type': 'health', 'brand': 'ProtectPlus'}",198.66
1742,CUS-3966,POL-336788,33647.06,"{'type': 'auto', 'brand': 'SafeGuard'}",5213.53
1743,CUS-2536,POL-152704,82345.71,"{'type': None, 'brand': 'LifeSecure'}",4976.57
1744,CUS-3179,POL-544045,92430.31,"{'type': 'auto', 'brand': 'SafeGuard'}",
1745,CUS-3662,POL-775606,90464.04,"{'type': 'life', 'brand': 'ProtectPlus'}",2452.64
1746,CUS-6823,POL-567146,96154.31,"{'type': 'auto', 'brand': 'SafeGuard'}",6375.97
1747,CUS-8311,POL-713780,48178.56,"{'type': 'life', 'brand': 'InsureCorp'}",3766.96
1748,CUS-7860,POL-958481,37982.63,"{'type': 'auto ', 'brand': 'SafeGuard'}",957.35
1749,CUS-7031,POL-971668,85480.1,"{'type': 'auto', 'brand': 'InsureCorp'}",6061.34
1750,CUS-3370,POL-595987,78425.66,"{'type': 'auto', 'brand': 'InsureCorp'}",3985.35
1751,CUS-9786,POL-687980,14918.65,"{'type': 'health', 'brand': 'InsureCorp'}",5496.01
1752,CUS-1336,POL-515579,69284.2,"{'type': 'health', 'brand': 'InsureCorp'}",2221.54
1753,CUS-7338,POL-250140,60675.36,"{'type': 'health', 'brand': 'ProtectPlus'}",2524.77
1754,CUS-9892,POL-804014,36199.7,"{'type': 'life', 'brand': 'ProtectPlus'}",
1755,CUS-3316,POL-453482,11438.32,"{'type': 'life', 'brand': 'LifeSecure'}",7119.05
1756,CUS-8570,POL-276962,34969.14,"{'type': 'home', 'brand': 'InsureCorp'}",3931.29
1757,CUS-2365,POL-774706,65408.73,"{'type': 'life', 'brand': 'LifeSecure'}",838.75
1758,CUS-5833,POL-371367,32114.32,"{'type': 'auto ', 'brand': 'SafeGuard'}",1753.4
1759,CUS-2633,POL-431777,48046.5,"{'type': 'home', 'brand': 'SafeGuard'}",819.86
1760,CUS-4707,POL-031121,14766.63,"{'type': 'life', 'brand': 'ProtectPlus'}",3497.06
1761,CUS-1127,POL-885699,98065.09,"{'type': 'auto ', 'brand': 'SafeGuard'}",6429.37
1762,CUS-2407,POL-891070,95948.59,"{'type': 'life', 'brand': 'ProtectPlus'}",1870.89
1763,CUS-4290,POL-831032,28596.85,"{'type': 'auto', 'brand': 'InsureCorp'}",197.72
1764,CUS-7152,357709,14442.36,"{'type': 'auto ', 'brand': 'SafeGuard'}",7332.24
1765,CUS-4711,POL-619414,62367.19,"{'type': 'auto ', 'brand': 'SafeGuard'}",2837.97
1766,CUS-7266,POL-845847,45844.45,"{'type': 'health', 'brand': 'ProtectPlus'}",4897.94
1767,CUS-9641,POL-554740,80365.74,"{'type': 'life', 'brand': 'ProtectPlus'}",5261.68
1768,CUS-3266,POL-496732,25621.6,"{'type': 'auto', 'brand': 'SafeGuard'}",6911.86
1769,CUS-7326,POL-073960,96725.91,"{'type': 'life', 'brand': 'InsureCorp'}",1950.8
1770,CUS-6822,POL-676703,33469.68,"{'type': 'auto ', 'brand': 'SafeGuard'}",2342.75
1771,CUS-8530,POL-342171,33094.58,"{'type': 'health', 'brand': 'ProtectPlus'}",5448.98
1772,CUS-6340,POL-532869,44727.48,"{'type': 'health', 'brand': 'InsureCorp'}",1009.91
1773,CUS-2215,POL-652047,69019.85,"{'type': 'life', 'brand': 'LifeSecure'}",6212.99
1774,CUS-7691,POL-476397,93060.8,"{'type': 'home', 'brand': 'SafeGuard'}",4739.6
1775,CUS-4349,POL-299249,27262.67,"{'type': 'life', 'brand': 'LifeSecure'}",3406.87
1776,CUS-3065,004919,73425.56,"{'type': 'auto', 'brand': 'SafeGuard'}",4969.42
1777,CUS-1199,POL-921895,44467.3,"{'type': 'auto', 'brand': 'SafeGuard'}",6844.5
1778,CUS-4073,POL-591842,56598.94,"{'type': 'life', 'brand': 'LifeSecure'}",4371.26
1779,CUS-4570,POL-194904,32945.97,"{'type': 'life', 'brand': 'ProtectPlus'}",1788.22
1780,CUS-3169,POL-624324,11750.84,"{'type': 'life', 'brand': 'LifeSecure'}",3310.45
1781,CUS-5687,POL-357896,58938.13,"{'type': 'auto ', 'brand': 'SafeGuard'}",2533.23
1782,CUS-8763,POL-250311,56238.66,"{'type': 'auto', 'brand': 'InsureCorp'}",579.63
1783,CUS-5955,POL-658604,63735.74,"{'type': 'health', 'brand': 'InsureCorp'}",7217.74
1784,CUS-7562,POL-689165,63486.23,"{'type': 'life', 'brand': 'LifeSecure'}",955.02
1785,CUS-9285,POL-889366,81998.86,"{'type': 'life', 'brand': 'InsureCorp'}",3185.87
1786,CUS-1707,POL-289623,22041.56,"{'type': 'life', 'brand': 'LifeSecure'}",2960.88
1787,CUS-3985,POL-378235,74927.61,"{'type': 'auto', 'brand': 'SafeGuard'}",1298.76
1788,CUS-2186,POL-429602,72931.81,"{'type': 'life', 'brand': 'ProtectPlus'}",3900.88
1789,CUS-2402,POL-067861,20249.92,"{'type': 'auto', 'brand': 'InsureCorp'}",3085.01
1790,CUS-8064,POL-685123,39001.32,"{'type': 'health', 'brand': 'ProtectPlus'}",50000
1791,CUS-3254,POL-796903,65429.1,"{'type': 'life', 'brand': 'LifeSecure'}",5674.99
1792,CUS-9416,POL-624377,21875.49,"{'type': 'health', 'brand': 'InsureCorp'}",7350.77
1793,CUS-2827,POL-074316,83911.7,"{'type': 'auto ', 'brand': 'SafeGuard'}",2533.57
1794,CUS-5224,POL-511361,64332.14,"{'type': 'life', 'brand': 'InsureCorp'}",2999.84
1795,CUS-7964,POL-278503,68593.17,"{'type': 'home', 'brand': 'SafeGuard'}",4836.82
1796,CUS-1954,POL-956223,82853.6,"{'type': 'life', 'brand': 'InsureCorp'}",351.38
1797,CUS-1110,488685,18149.0,"{'type': 'auto ', 'brand': 'SafeGuard'}",1096.19
1798,CUS-5304,POL-469034,14270.68,"{'type': 'auto', 'brand': 'SafeGuard'}",3381.29
1799,CUS-2431,POL-508293,80172.58,"{'type': 'health', 'brand': 'ProtectPlus'}",1286.98
1800,CUS-2321,POL-696666,98190.47,"{'type': 'health', 'brand': 'InsureCorp'}",7239.88
1801,CUS-3636,POL-886059,39062.03,"{'type': 'home', 'brand': 'InsureCorp'}",3543.89
1802,CUS-7176,POL-163162,68701.64,"{'type': 'health', 'brand': 'ProtectPlus'}",5104.81
1803,CUS-2457,POL-800298,49751.69,"{'type': 'life', 'brand': 'LifeSecure'}",4910.27
1804,CUS-4111,POL-005665,11589.18,"{'type': 'auto', 'brand': 'SafeGuard'}",3540.43
1805,CUS-9913,POL-283224,37098.18,"{'type': 'life', 'brand': 'ProtectPlus'}",5307.65
1806,CUS-4893,POL-994710,85458.25,"{'type': 'life', 'brand': 'ProtectPlus'}",5603.94
1807,CUS-6964,POL-737663,48736.11,"{'type': 'life', 'brand': 'LifeSecure'}",1501.89
1808,CUS-8029,POL-858473,67180.0,"{'type': 'health', 'brand': 'ProtectPlus'}",488.8
1809,CUS-8613,POL-641226,97547.02,"{'type': 'life', 'brand': 'LifeSecure'}",7160.34
1810,CUS-2783,POL-827597,61790.86,"{'type': 'health', 'brand': 'InsureCorp'}",5478.43
1811,CUS-6887,POL-232746,40382.4,"{'type': 'home', 'brand': 'SafeGuard'}",4320.44
1812,CUS-8927,POL-974424,41247.63,"{'type': 'auto', 'brand': 'SafeGuard'}",2658.57
1813,CUS-7200,POL-163004,57815.76,"{'type': 'health', 'brand': 'ProtectPlus'}",4495.81
1814,CUS-5388,POL-352851,72944.14,"{'type': 'life', 'brand': 'LifeSecure'}",6364.19
1815,CUS-4204,POL-162589,46158.22,"{'type': 'home', 'brand': 'SafeGuard'}",858.95
1816,CUS-9528,POL-854047,26675.92,"{'type': None, 'brand': 'InsureCorp'}",4506.45
1817,CUS-1713,POL-680629,90993.18,"{'type': 'auto', 'brand': 'InsureCorp'}",3084.48
1818,CUS-8318,POL-369883,69145.42,"{'type': 'auto', 'brand': 'SafeGuard'}",3970.54
1819,CUS-2911,POL-920074,39869.08,"{'type': 'life', 'brand': 'LifeSecure'}",5091.49
1820,CUS-7398,POL-128624,45433.86,"{'type': 'life', 'brand': 'LifeSecure'}",4797.0
1821,CUS-2252,POL-174961,59946.21,"{'type': 'life', 'brand': 'ProtectPlus'}",6251.44
1822,CUS-3674,POL-325545,62511.66,"{'type': 'life', 'brand': 'LifeSecure'}",3035.74
1823,CUS-7305,POL-555463,42304.45,"{'type': None, 'brand': 'InsureCorp'}",
1824,CUS-6841,POL-278189,60687.38,"{'type': 'health', 'brand': 'ProtectPlus'}",1434.81
1825,CUS-9858,POL-051633,85598.93,"{'type': 'health', 'brand': 'ProtectPlus'}",5571.48
1826,CUS-1112,POL-822543,16371.25,"{'type': 'life', 'brand': 'LifeSecure'}",3525.55
1827,CUS-8456,POL-173236,23770.06,"{'type': 'life', 'brand': 'ProtectPlus'}",7204.69
1828,CUS-8876,POL-614127,25553.16,"{'type': None, 'brand': 'LifeSecure'}",2795.24
1829,CUS-1523,POL-393393,27194.09,"{'type': 'auto', 'brand': 'SafeGuard'}",7444.26
1830,CUS-3126,POL-313906,81603.55,"{'type': 'auto ', 'brand': 'SafeGuard'}",5619.39
1831,CUS-4729,POL-785392,22788.44,"{'type': 'life', 'brand': 'ProtectPlus'}",588.64
1832,CUS-2487,POL-559204,52266.28,"{'type': 'life', 'brand': 'InsureCorp'}",7172.75
1833,CUS-6298,POL-515205,69621.23,"{'type': 'life', 'brand': 'InsureCorp'}",7002.14
1834,CUS-7931,POL-965604,54418.04,"{'type': 'home', 'brand': 'InsureCorp'}",7243.87
1835,CUS-7646,POL-282917,49972.33,"{'type': 'life', 'brand': 'ProtectPlus'}",3587.89
1836,CUS-1048,POL-961098,66007.9,"{'type': 'health', 'brand': 'InsureCorp'}",50000
1837,CUS-9242,POL-080538,96886.06,"{'type': 'auto', 'brand': 'SafeGuard'}",6088.98
1838,CUS-9367,POL-145576,93322.13,"{'type': 'home', 'brand': 'InsureCorp'}",877.01
1839,CUS-9641,POL-975181,45811.24,"{'type': 'health', 'brand': 'ProtectPlus'}",2056.08
1840,CUS-2378,POL-611974,61054.97,"{'type': 'auto', 'brand': 'InsureCorp'}",7031.07
1841,CUS-1925,POL-916807,85826.08,"{'type': 'life', 'brand': 'ProtectPlus'}",3422.96
1842,CUS-4401,POL-365879,49577.91,"{'type': 'home', 'brand': 'SafeGuard'}",6657.6
1843,CUS-3669,POL-615371,25386.93,"{'type': 'auto', 'brand': 'SafeGuard'}",4460.04
1844,CUS-4575,663917,90821.52,"{'type': 'auto', 'brand': 'InsureCorp'}",3817.95
1845,CUS-3470,POL-663456,81582.6,"{'type': 'auto ', 'brand': 'SafeGuard'}",7172.6
1846,CUS-6529,POL-671463,75405.69,"{'type': 'life', 'brand': 'LifeSecure'}",186.79
1847,CUS-4324,POL-830417,41492.38,"{'type': 'life', 'brand': 'LifeSecure'}",6742.22
1848,CUS-1524,POL-311538,52227.07,"{'type': 'life', 'brand': 'ProtectPlus'}",6134.21
1849,CUS-1890,POL-377150,90608.48,"{'type': 'home', 'brand': 'SafeGuard'}",5291.91
1850,CUS-9912,POL-541841,71552.04,"{'type': 'life', 'brand': 'ProtectPlus'}",3629.63
1851,CUS-3853,POL-420739,42897.56,"{'type': 'life', 'brand': 'InsureCorp'}",535.3
1852,CUS-6981,POL-482794,85039.21,"{'type': 'life', 'brand': 'LifeSecure'}",3096.15
1853,CUS-1851,POL-037765,33532.36,"{'type': 'home', 'brand': 'InsureCorp'}",4514.29
1854,CUS-3175,POL-249289,36003.03,"{'type': 'auto', 'brand': 'SafeGuard'}",1089.29
1855,CUS-2429,POL-742269,63022.91,"{'type': 'home', 'brand': 'InsureCorp'}",5714.56
1856,CUS-5957,POL-708001,49413.07,"{'type': 'auto ', 'brand': 'SafeGuard'}",1104.88
1857,CUS-1467,POL-291895,79655.37,"{'type': 'life', 'brand': 'LifeSecure'}",1041.31
1858,CUS-4395,POL-056253,90062.53,"{'type': 'life', 'brand': 'LifeSecure'}",1164.23
1859,CUS-8807,POL-085441,93727.09,"{'type': 'home', 'brand': 'SafeGuard'}",6979.77
1860,CUS-4112,POL-813533,15134.41,"{'type': 'auto', 'brand': 'SafeGuard'}",4331.82
1861,CUS-6510,POL-835735,32397.61,"{'type': None, 'brand': 'InsureCorp'}",50000
1862,CUS-7694,POL-318977,65123.77,"{'type': 'home', 'brand': 'SafeGuard'}",5454.17
1863,CUS-8412,POL-037612,28146.67,"{'type': 'life', 'brand': 'LifeSecure'}",3807.04
1864,CUS-1141,POL-799864,37642.32,"{'type': 'life', 'brand': 'ProtectPlus'}",3655.73
1865,CUS-6053,POL-551292,99545.48,"{'type': 'health', 'brand': 'ProtectPlus'}",1757.96
1866,CUS-9810,POL-383246,36857.62,"{'type': 'auto', 'brand': 'SafeGuard'}",464.05
1867,CUS-7263,POL-541829,59854.39,"{'type': None, 'brand': 'LifeSecure'}",3727.23
1868,CUS-8845,POL-972585,23272.3,"{'type': 'life', 'brand': 'InsureCorp'}",3369.47
1869,CUS-3803,POL-161571,86265.32,"{'type': 'auto', 'brand': 'SafeGuard'}",4372.64
1870,CUS-7871,POL-357125,92759.78,"{'type': 'health', 'brand': 'ProtectPlus'}",5980.71
1871,CUS-1367,POL-437729,24740.46,"{'type': 'life', 'brand': 'ProtectPlus'}",4899.49
1872,CUS-8087,POL-998164,14957.76,"{'type': 'life', 'brand': 'LifeSecure'}",2357.27
1873,CUS-4327,POL-083821,87253.53,"{'type': 'home', 'brand': 'InsureCorp'}",531.88
1874,CUS-5278,POL-983068,16020.62,"{'type': 'auto ', 'brand': 'SafeGuard'}",1773.07
1875,CUS-5448,POL-940908,82670.72,"{'type': 'auto', 'brand': 'SafeGuard'}",6181.4
1876,CUS-4759,POL-974910,20416.82,"{'type': 'auto ', 'brand': 'SafeGuard'}",7026.77
1877,CUS-5271,POL-589868,88654.61,"{'type': 'home', 'brand': 'SafeGuard'}",4664.91
1878,CUS-4759,POL-716810,53579.84,"{'type': 'life', 'brand': 'InsureCorp'}",1626.33
1879,CUS-7629,POL-556424,29046.88,"{'type': 'auto ', 'brand': 'SafeGuard'}",3547.17
1880,CUS-7632,POL-062040,25481.53,"{'type': 'auto', 'brand': 'InsureCorp'}",3024.33
1881,CUS-9482,POL-939285,41683.03,"{'type': 'life', 'brand': 'ProtectPlus'}",5942.98
1882,CUS-6135,POL-596065,66980.71,"{'type': 'home', 'brand': 'SafeGuard'}",686.18
1883,CUS-1120,POL-008923,42930.64,"{'type': 'health', 'brand': 'ProtectPlus'}",1073.32
1884,CUS-2906,POL-930249,75282.29,"{'type': 'home', 'brand': 'InsureCorp'}",6752.59
1885,CUS-3313,POL-532328,51202.06,"{'type': 'life', 'brand': 'LifeSecure'}",4827.82
1886,CUS-6751,POL-490818,28298.49,"{'type': 'auto ', 'brand': 'SafeGuard'}",3063.7
1887,CUS-2517,POL-448301,11919.43,"{'type': 'auto', 'brand': 'InsureCorp'}",6030.37
1888,CUS-5731,POL-281773,12941.11,"{'type': 'life', 'brand': 'ProtectPlus'}",3264.79
1889,CUS-1583,POL-762167,12625.33,"{'type': 'life', 'brand': 'LifeSecure'}",4813.11
1890,CUS-4805,POL-590991,78357.64,"{'type': 'auto', 'brand': 'SafeGuard'}",1343.76
1891,CUS-4322,POL-805001,26287.35,"{'type': 'life', 'brand': 'LifeSecure'}",5403.6
1892,CUS-6875,POL-250545,42233.42,"{'type': 'health', 'brand': 'InsureCorp'}",1515.85
1893,CUS-8131,POL-430631,83383.13,"{'type': 'health', 'brand': 'ProtectPlus'}",4941.29
1894,CUS-9769,POL-828021,94544.32,"{'type': 'health', 'brand': 'ProtectPlus'}",1710.36
1895,CUS-8763,POL-293254,17214.05,"{'type': 'auto', 'brand': 'SafeGuard'}",6971.46
1896,CUS-5010,POL-073585,99886.05,"{'type': 'auto', 'brand': 'InsureCorp'}",347.34
1897,CUS-7673,POL-504208,57814.29,"{'type': 'auto ', 'brand': 'SafeGuard'}",5374.72
1898,CUS-6334,710838,13775.24,"{'type': 'auto', 'brand': 'InsureCorp'}",5118.7
1899,CUS-2977,POL-205746,61947.58,"{'type': 'life', 'brand': 'LifeSecure'}",2832.6
1900,CUS-4477,POL-710702,32507.7,"{'type': 'life', 'brand': 'ProtectPlus'}",1058.29
1901,CUS-9762,POL-497962,77664.16,"{'type': 'life', 'brand': 'InsureCorp'}",1046.4
1902,CUS-8549,POL-200977,88945.64,"{'type': 'auto', 'brand': 'InsureCorp'}",3181.88
1903,CUS-9968,POL-574567,94808.44,"{'type': 'life', 'brand': 'ProtectPlus'}",4653.35
1904,CUS-5424,POL-545774,94421.69,"{'type': None, 'brand': 'LifeSecure'}",7202.67
1905,CUS-4633,POL-832045,88540.33,"{'type': 'life', 'brand': 'LifeSecure'}",4183.42
1906,CUS-2963,POL-911668,50611.4,"{'type': 'life', 'brand': 'LifeSecure'}",5070.59
1907,CUS-8155,POL-516796,32919.03,"{'type': 'life', 'brand': 'InsureCorp'}",3309.9
1908,CUS-8798,POL-960476,47350.01,"{'type': 'life', 'brand': 'LifeSecure'}",7087.19
1909,CUS-1502,POL-353989,50440.7,"{'type': 'health', 'brand': 'InsureCorp'}",5708.0
1910,CUS-9018,POL-391044,73667.08,"{'type': 'auto', 'brand': 'InsureCorp'}",5015.22
1911,CUS-4700,POL-971555,34936.69,"{'type': 'life', 'brand': 'ProtectPlus'}",1702.46
1912,CUS-3035,POL-836431,70730.24,"{'type': 'life', 'brand': 'ProtectPlus'}",3977.59
1913,CUS-5133,POL-962998,47864.3,"{'type': 'life', 'brand': 'LifeSecure'}",2301.42
1914,CUS-5713,POL-376272,75358.79,"{'type': 'auto', 'brand': 'SafeGuard'}",1207.15
1915,CUS-7440,POL-475009,64653.16,"{'type': 'life', 'brand': 'ProtectPlus'}",6268.42
1916,CUS-2883,POL-631606,79077.18,"{'type': 'health', 'brand': 'ProtectPlus'}",5030.42
1917,CUS-1811,POL-153349,95114.78,"{'type': 'home', 'brand': 'SafeGuard'}",3244.44
1918,CUS-1994,POL-693435,36537.52,"{'type': 'health', 'brand': 'ProtectPlus'}",4409.55
1919,CUS-7757,POL-078992,27793.0,"{'type': 'life', 'brand': 'LifeSecure'}",4533.36
1920,CUS-9960,POL-197076,42511.76,"{'type': 'auto', 'brand': 'SafeGuard'}",7270.07
1921,CUS-3168,POL-119510,75573.67,"{'type': 'health', 'brand': 'ProtectPlus'}",277.61
1922,CUS-6935,POL-551523,58261.36,"{'type': 'life', 'brand': 'LifeSecure'}",2193.79
1923,CUS-5426,POL-752844,41162.93,"{'type': 'life', 'brand': 'LifeSecure'}",6932.67
1924,CUS-2323,POL-532690,62861.84,"{'type': 'home', 'brand': 'SafeGuard'}",3278.21
1925,CUS-8093,POL-053718,43197.51,"{'type': None, 'brand': 'SafeGuard'}",2895.61
1926,CUS-9111,POL-612470,19032.9,"{'type': 'life', 'brand': 'LifeSecure'}",6856.58
1927,CUS-3021,POL-395530,85978.5,"{'type': 'auto ', 'brand': 'SafeGuard'}",991.69
1928,CUS-1884,POL-306889,82114.65,"{'type': 'health', 'brand': 'ProtectPlus'}",853.5
1929,CUS-9664,POL-137921,96316.5,"{'type': None, 'brand': 'LifeSecure'}",4596.46
1930,CUS-8331,POL-476301,38110.95,"{'type': None, 'brand': 'LifeSecure'}",3477.39
1931,CUS-3026,POL-538316,42249.07,"{'type': 'home', 'brand': 'SafeGuard'}",2865.95
1932,CUS-9777,POL-506842,12646.15,"{'type': 'life', 'brand': 'LifeSecure'}",3004.03
1933,CUS-1052,POL-832042,99545.38,"{'type': 'auto ', 'brand': 'SafeGuard'}",6000.09
1934,CUS-1647,POL-572711,57837.66,"{'type': 'life', 'brand': 'ProtectPlus'}",7083.77
1935,CUS-3320,POL-075080,94678.81,"{'type': 'auto ', 'brand': 'SafeGuard'}",6358.8
1936,CUS-3208,POL-061296,37895.72,"{'type': 'life', 'brand': 'ProtectPlus'}",1186.34
1937,CUS-3354,POL-329085,97909.88,"{'type': 'life', 'brand': 'LifeSecure'}",5082.1
1938,CUS-3377,POL-617112,57028.07,"{'type': 'life', 'brand': 'InsureCorp'}",6047.77
1939,CUS-9872,POL-721298,44157.59,"{'type': 'health', 'brand': 'InsureCorp'}",823.19
1940,CUS-9005,POL-862110,14385.75,"{'type': None, 'brand': 'ProtectPlus'}",4297.89
1941,CUS-8130,POL-519304,29100.04,"{'type': 'auto', 'brand': 'InsureCorp'}",5319.65
1942,CUS-5976,POL-913702,85052.45,"{'type': 'home', 'brand': 'SafeGuard'}",4881.15
1943,CUS-9883,POL-840314,74944.25,"{'type': None, 'brand': 'ProtectPlus'}",3161.45
1944,CUS-1383,POL-160948,99488.94,"{'type': 'life', 'brand': 'LifeSecure'}",3379.09
1945,CUS-2465,POL-357687,64708.7,"{'type': 'health', 'brand': 'InsureCorp'}",6896.83
1946,CUS-6009,POL-067937,35014.54,"{'type': 'home', 'brand': 'SafeGuard'}",4736.9
1947,CUS-2161,POL-196965,64562.33,"{'type': 'auto ', 'brand': 'SafeGuard'}",4848.14
1948,CUS-1770,POL-419354,87491.97,"{'type': 'life', 'brand': 'LifeSecure'}",7306.18
1949,CUS-1671,POL-747674,43780.57,"{'type': 'health', 'brand': 'ProtectPlus'}",5024.39
1950,CUS-3357,POL-691373,57249.39,"{'type': 'home', 'brand': 'SafeGuard'}",7094.43
1951,CUS-7853,POL-284634,48875.78,"{'type': 'home', 'brand': 'SafeGuard'}",998.5
1952,CUS-5216,POL-903566,80772.06,"{'type': 'life', 'brand': 'LifeSecure'}",6114.12
1953,CUS-9950,POL-489614,42338.57,"{'type': 'life', 'brand': 'InsureCorp'}",3869.24
1954,CUS-6323,POL-779892,97208.76,"{'type': 'health', 'brand': 'InsureCorp'}",
1955,CUS-1210,POL-244891,86185.1,"{'type': 'health', 'brand': 'ProtectPlus'}",
1956,CUS-1002,POL-746667,97346.06,"{'type': 'home', 'brand': 'SafeGuard'}",2607.97
1957,CUS-6130,POL-151092,68704.19,"{'type': 'life', 'brand': 'LifeSecure'}",4442.61
1958,CUS-1778,POL-628831,73091.87,"{'type': 'life', 'brand': 'LifeSecure'}",1955.7
1959,CUS-6923,POL-818841,80188.8,"{'type': 'health', 'brand': 'ProtectPlus'}",5289.9
1960,CUS-5427,POL-222340,68952.28,"{'type': 'life', 'brand': 'LifeSecure'}",7453.21
1961,CUS-4575,POL-346531,73081.01,"{'type': 'life', 'brand': 'ProtectPlus'}",6244.18
1962,CUS-4745,POL-704183,55457.32,"{'type': 'life', 'brand': 'LifeSecure'}",4866.3
1963,CUS-5584,POL-371259,47712.95,"{'type': 'home', 'brand': 'InsureCorp'}",3827.99
1964,CUS-1398,POL-457019,90859.28,"{'type': 'life', 'brand': 'InsureCorp'}",6205.03
1965,CUS-7692,POL-693299,13976.37,"{'type': 'life', 'brand': 'ProtectPlus'}",7224.89
1966,CUS-2548,POL-631837,19714.25,"{'type': 'life', 'brand': 'ProtectPlus'}",5366.93
1967,CUS-6541,POL-104456,31352.84,"{'type': 'life', 'brand': 'LifeSecure'}",1050.81
1968,CUS-6835,POL-015837,72298.09,"{'type': 'home', 'brand': 'SafeGuard'}",5000.83
1969,CUS-7331,POL-764212,16123.72,"{'type': None, 'brand': 'LifeSecure'}",1638.44
1970,CUS-4540,POL-320247,42772.32,"{'type': 'life', 'brand': 'LifeSecure'}",7135.72
1971,CUS-3940,POL-874744,61016.41,"{'type': 'auto ', 'brand': 'SafeGuard'}",3534.3
1972,CUS-6157,POL-912239,54046.58,"{'type': 'life', 'brand': 'ProtectPlus'}",6731.79
1973,CUS-1882,POL-223642,46775.15,"{'type': 'life', 'brand': 'LifeSecure'}",4879.52
1974,CUS-8476,POL-854173,52625.33,"{'type': 'life', 'brand': 'ProtectPlus'}",5546.8
1975,CUS-8397,POL-767618,71012.08,"{'type': 'home', 'brand': 'SafeGuard'}",254.51
1976,CUS-6243,POL-626991,66024.79,"{'type': 'life', 'brand': 'ProtectPlus'}",4846.98
1977,CUS-7022,POL-838122,71095.12,"{'type': 'health', 'brand': 'ProtectPlus'}",987.71
1978,CUS-6891,POL-170437,74503.99,"{'type': 'home', 'brand': 'SafeGuard'}",4941.68
1979,CUS-3763,POL-572050,49576.27,"{'type': 'life', 'brand': 'ProtectPlus'}",4150.53
1980,CUS-3715,POL-909202,94914.08,"{'type': 'life', 'brand': 'InsureCorp'}",6616.89
1981,CUS-2805,POL-247366,55011.21,"{'type': 'health', 'brand': 'ProtectPlus'}",2805.99
1982,CUS-1002,POL-126087,68638.5,"{'type': 'life', 'brand': 'ProtectPlus'}",3013.45
1983,CUS-8003,POL-897603,31150.84,"{'type': 'health', 'brand': 'InsureCorp'}",6511.73
1984,CUS-8541,POL-468028,13237.45,"{'type': 'auto ', 'brand': 'SafeGuard'}",6318.96
1985,CUS-1772,POL-589736,64761.48,"{'type': 'life', 'brand': 'LifeSecure'}",3449.6
1986,CUS-1054,POL-112756,72235.71,"{'type': 'life', 'brand': 'LifeSecure'}",404.37
1987,CUS-8196,POL-108796,50074.5,"{'type': 'life', 'brand': 'LifeSecure'}",5576.9
1988,CUS-7753,POL-567104,57215.6,"{'type': 'auto', 'brand': 'SafeGuard'}",708.05
1989,CUS-5085,POL-213320,10558.56,"{'type': 'auto', 'brand': 'InsureCorp'}",4347.02
1990,CUS-8815,POL-505019,90728.86,"{'type': 'home', 'brand': 'SafeGuard'}",1958.44
1991,CUS-8675,POL-276056,33985.82,"{'type': 'life', 'brand': 'LifeSecure'}",5437.96
1992,CUS-3330,POL-452740,54978.97,"{'type': 'life', 'brand': 'LifeSecure'}",6971.52
1993,CUS-7354,POL-622457,21823.19,"{'type': 'life', 'brand': 'LifeSecure'}",4535.48
1994,CUS-5325,POL-993548,41939.21,"{'type': 'health', 'brand': 'InsureCorp'}",2090.87
1995,CUS-3785,POL-498645,63857.4,"{'type': 'life', 'brand': 'InsureCorp'}",6935.78
1996,CUS-3613,POL-748483,71418.23,"{'type': 'home', 'brand': 'SafeGuard'}",7336.65
1997,CUS-1561,POL-059114,28659.42,"{'type': 'life', 'brand': 'InsureCorp'}",4776.82
1998,CUS-7951,POL-613957,82767.36,"{'type': 'auto', 'brand': 'InsureCorp'}",5339.99
1999,CUS-5591,POL-198766,59780.16,"{'type': 'life', 'brand': 'LifeSecure'}",3547.64
2000,CUS-1849,POL-074890,49802.8,"{'type': 'life', 'brand': 'LifeSecure'}",5824.89
2001,CUS-3059,POL-765153,93265.84,"{'type': 'health', 'brand': 'InsureCorp'}",4847.68
2002,CUS-1316,POL-574040,50702.28,"{'type': 'home', 'brand': 'InsureCorp'}",2844.27
2003,CUS-1650,POL-593016,49015.42,"{'type': None, 'brand': 'InsureCorp'}",5265.61
2004,CUS-4436,POL-803510,64808.51,"{'type': 'life', 'brand': 'LifeSecure'}",6172.47
2005,CUS-5026,POL-022064,70230.51,"{'type': 'life', 'brand': 'ProtectPlus'}",3620.4
2006,CUS-5795,POL-921079,72480.77,"{'type': 'life', 'brand': 'ProtectPlus'}",3584.26
2007,CUS-4488,POL-310684,48197.0,"{'type': 'life', 'brand': 'ProtectPlus'}",1230.24
2008,CUS-2407,POL-509752,75867.11,"{'type': 'life', 'brand': 'LifeSecure'}",2799.55
2009,CUS-7984,POL-117057,16125.57,"{'type': 'health', 'brand': 'ProtectPlus'}",3028.48
2010,CUS-7498,POL-848746,87225.05,"{'type': 'life', 'brand': 'LifeSecure'}",6190.76
2011,CUS-9029,POL-903428,77854.62,"{'type': None, 'brand': 'ProtectPlus'}",4842.77
2012,CUS-8991,POL-468903,82854.83,"{'type': 'life', 'brand': 'LifeSecure'}",6714.16
2013,CUS-6926,POL-618295,21645.41,"{'type': 'auto', 'brand': 'SafeGuard'}",3208.24
2014,CUS-2627,POL-737377,27668.14,"{'type': 'auto ', 'brand': 'SafeGuard'}",3582.95
2015,CUS-9805,POL-494396,19634.81,"{'type': 'life', 'brand': 'LifeSecure'}",625.2
2016,CUS-5798,POL-760888,18016.17,"{'type': 'auto', 'brand': 'SafeGuard'}",2046.29
2017,CUS-6116,POL-166636,53305.13,"{'type': 'auto', 'brand': 'SafeGuard'}",4584.01
2018,CUS-6723,POL-201564,10054.46,"{'type': 'life', 'brand': 'LifeSecure'}",1490.19
2019,CUS-5855,POL-228241,85295.84,"{'type': 'life', 'brand': 'LifeSecure'}",5015.51
2020,CUS-7606,POL-991639,54928.35,"{'type': None, 'brand': 'SafeGuard'}",1211.56
2021,CUS-7024,POL-724116,95552.45,"{'type': 'auto', 'brand': 'SafeGuard'}",1933.52
2022,CUS-2917,POL-259924,35907.19,"{'type': 'life', 'brand': 'LifeSecure'}",2776.18
2023,CUS-9467,POL-817032,80002.9,"{'type': 'home', 'brand': 'SafeGuard'}",5662.54
2024,CUS-7135,POL-027694,46983.38,"{'type': 'life', 'brand': 'LifeSecure'}",5696.29
2025,CUS-8336,POL-179473,73869.02,"{'type': 'health', 'brand': 'InsureCorp'}",214.93
2026,CUS-3415,POL-872807,42042.91,"{'type': 'life', 'brand': 'LifeSecure'}",3803.79
2027,CUS-7945,POL-301221,12445.8,"{'type': 'life', 'brand': 'LifeSecure'}",1330.2
2028,CUS-2348,POL-606196,95131.89,"{'type': 'health', 'brand': 'ProtectPlus'}",4567.17
2029,CUS-3484,POL-705880,10709.85,"{'type': 'life', 'brand': 'LifeSecure'}",3583.94
2030,CUS-8019,POL-236201,47546.52,"{'type': 'home', 'brand': 'InsureCorp'}",5783.84
2031,CUS-1296,POL-176253,66338.23,"{'type': 'auto', 'brand': 'SafeGuard'}",6708.6
2032,CUS-9335,POL-570660,58698.42,"{'type': 'life', 'brand': 'ProtectPlus'}",1328.41
2033,CUS-2990,POL-063702,92597.69,"{'type': 'auto', 'brand': 'SafeGuard'}",3871.5
2034,CUS-6585,POL-578823,11005.96,"{'type': 'life', 'brand': 'ProtectPlus'}",1171.38
2035,CUS-7203,POL-464463,53954.89,"{'type': 'home', 'brand': 'InsureCorp'}",4951.66
2036,CUS-4796,POL-814100,42968.59,"{'type': 'life', 'brand': 'InsureCorp'}",1862.46
2037,CUS-1605,POL-304471,34203.17,"{'type': 'home', 'brand': 'InsureCorp'}",3203.09
2038,CUS-3757,POL-967896,27561.75,"{'type': 'life', 'brand': 'LifeSecure'}",2862.67
2039,CUS-4523,POL-579355,82449.29,"{'type': 'life', 'brand': 'InsureCorp'}",2625.85
2040,CUS-3224,POL-599696,23859.17,"{'type': 'home', 'brand': 'SafeGuard'}",2064.97
2041,CUS-1307,POL-074476,36719.54,"{'type': 'life', 'brand': 'InsureCorp'}",1889.4
2042,CUS-8060,POL-032131,27780.08,"{'type': None, 'brand': 'ProtectPlus'}",813.39
2043,CUS-9791,POL-850668,51482.97,"{'type': 'life', 'brand': 'InsureCorp'}",955.36
2044,CUS-2339,POL-315842,23790.4,"{'type': 'health', 'brand': 'InsureCorp'}",6579.42
2045,CUS-4136,POL-921684,25433.42,"{'type': 'home', 'brand': 'InsureCorp'}",2437.17
2046,CUS-5213,POL-172714,49527.45,"{'type': 'life', 'brand': 'InsureCorp'}",3946.64
2047,CUS-7442,POL-217461,64540.15,"{'type': 'home', 'brand': 'SafeGuard'}",7020.39
2048,CUS-7691,POL-205175,26512.2,"{'type': 'auto', 'brand': 'SafeGuard'}",3869.3
2049,CUS-2793,POL-768214,55381.73,"{'type': 'life', 'brand': 'ProtectPlus'}",700.54
2050,CUS-4644,POL-045028,23505.6,"{'type': 'health', 'brand': 'ProtectPlus'}",248.6
2051,CUS-1795,POL-432218,10733.27,"{'type': 'auto ', 'brand': 'SafeGuard'}",5933.82
2052,CUS-2268,POL-408952,22581.29,"{'type': 'home', 'brand': 'InsureCorp'}",3459.64
2053,CUS-6617,POL-894538,22356.25,"{'type': 'auto ', 'brand': 'SafeGuard'}",4069.6
2054,CUS-2306,POL-241694,76828.71,"{'type': 'life', 'brand': 'InsureCorp'}",1525.24
2055,CUS-4570,POL-244358,44795.79,"{'type': 'life', 'brand': 'InsureCorp'}",2523.6
2056,CUS-2202,POL-994509,43003.77,"{'type': 'health', 'brand': 'ProtectPlus'}",1100.4
2057,CUS-4291,POL-228693,27592.62,"{'type': 'life', 'brand': 'ProtectPlus'}",3571.04
2058,CUS-4579,POL-964215,11895.66,"{'type': 'health', 'brand': 'ProtectPlus'}",4002.06
2059,CUS-2027,POL-459969,36159.6,"{'type': 'life', 'brand': 'InsureCorp'}",3971.43
2060,CUS-4341,POL-932649,18388.04,"{'type': None, 'brand': 'LifeSecure'}",50000
2061,CUS-1330,POL-487039,58282.28,"{'type': 'auto', 'brand': 'SafeGuard'}",3678.81
2062,CUS-4200,POL-172010,63796.05,"{'type': 'health', 'brand': 'InsureCorp'}",6829.45
2063,CUS-5403,POL-725628,42115.38,"{'type': 'auto', 'brand': 'InsureCorp'}",6442.62
2064,CUS-2870,POL-121921,21009.99,"{'type': 'life', 'brand': 'LifeSecure'}",411.82
2065,CUS-3443,POL-702774,50900.98,"{'type': 'life', 'brand': 'ProtectPlus'}",6299.0
2066,CUS-1001,POL-933942,57515.47,"{'type': 'auto ', 'brand': 'SafeGuard'}",3894.55
2067,CUS-1964,POL-830304,72324.96,"{'type': 'life', 'brand': 'LifeSecure'}",2697.08
2068,CUS-2548,POL-925958,35993.44,"{'type': 'life', 'brand': 'ProtectPlus'}",3724.78
2069,CUS-3667,POL-180094,30736.91,"{'type': 'home', 'brand': 'InsureCorp'}",5960.57
2070,CUS-3455,POL-332830,86011.53,"{'type': 'life', 'brand': 'ProtectPlus'}",
2071,CUS-1930,POL-173355,15943.68,"{'type': 'life', 'brand': 'ProtectPlus'}",4436.51
2072,CUS-8456,POL-358384,49821.98,"{'type': 'life', 'brand': 'LifeSecure'}",4835.57
2073,CUS-4456,POL-972634,31367.92,"{'type': 'health', 'brand': 'ProtectPlus'}",6765.26
2074,CUS-6000,POL-105891,33017.01,"{'type': None, 'brand': 'InsureCorp'}",739.54
2075,CUS-6861,POL-934040,30175.91,"{'type': 'life', 'brand': 'ProtectPlus'}",6660.94
2076,CUS-6962,POL-025691,25512.97,"{'type': 'home', 'brand': 'InsureCorp'}",5432.7
2077,CUS-5962,POL-178289,76108.61,"{'type': 'auto ', 'brand': 'SafeGuard'}",5127.4
2078,CUS-5622,POL-314742,43553.12,"{'type': 'life', 'brand': 'LifeSecure'}",6326.52
2079,CUS-9023,POL-945554,67348.06,"{'type': 'health', 'brand': 'ProtectPlus'}",350.68
2080,CUS-5122,POL-122164,67788.91,"{'type': 'health', 'brand': 'ProtectPlus'}",4049.02
2081,CUS-4151,POL-370829,94987.39,"{'type': 'life', 'brand': 'LifeSecure'}",6631.1
2082,CUS-3560,POL-852658,74998.36,"{'type': 'life', 'brand': 'LifeSecure'}",6044.32
2083,CUS-6661,POL-318316,60453.82,"{'type': 'auto', 'brand': 'InsureCorp'}",4430.37
2084,CUS-6555,POL-062923,43517.33,"{'type': None, 'brand': 'InsureCorp'}",1055.39
2085,CUS-5908,POL-140675,40610.56,"{'type': 'health', 'brand': 'InsureCorp'}",532.58
2086,CUS-6276,POL-902519,26196.06,"{'type': 'health', 'brand': 'ProtectPlus'}",1568.82
2087,CUS-9864,POL-856284,17997.5,"{'type': 'auto', 'brand': 'SafeGuard'}",491.91
2088,CUS-3619,POL-684326,45035.86,"{'type': 'life', 'brand': 'ProtectPlus'}",4513.92
2089,CUS-9563,POL-679587,88092.94,"{'type': 'life', 'brand': 'ProtectPlus'}",1826.39
2090,CUS-6891,POL-143200,89010.62,"{'type': 'auto', 'brand': 'InsureCorp'}",2962.1
2091,CUS-6534,POL-444487,12018.64,"{'type': None, 'brand': 'SafeGuard'}",2237.79
2092,CUS-5428,POL-752408,53870.62,"{'type': None, 'brand': 'SafeGuard'}",6228.66
2093,CUS-4074,POL-383037,94902.51,"{'type': 'life', 'brand': 'InsureCorp'}",4529.24
2094,CUS-4612,POL-950619,66209.16,"{'type': None, 'brand': 'ProtectPlus'}",6379.54
2095,CUS-2355,POL-491060,33158.13,"{'type': 'home', 'brand': 'SafeGuard'}",3614.56
2096,CUS-9057,POL-050948,19225.96,"{'type': 'home', 'brand': 'SafeGuard'}",3796.25
2097,CUS-2296,POL-576085,35133.3,"{'type': 'life', 'brand': 'LifeSecure'}",1490.55
2098,CUS-1502,POL-681692,82771.45,"{'type': 'health', 'brand': 'InsureCorp'}",2831.99
2099,CUS-6334,POL-103582,88851.53,"{'type': 'life', 'brand': 'InsureCorp'}",1179.44
2100,CUS-1880,POL-992905,88349.98,"{'type': 'auto', 'brand': 'InsureCorp'}",2631.88
2101,CUS-4433,POL-538019,92350.85,"{'type': 'life', 'brand': 'LifeSecure'}",5182.27
2102,CUS-1292,POL-765713,52789.78,"{'type': 'life', 'brand': 'InsureCorp'}",4993.67
2103,CUS-8196,POL-859203,25158.75,"{'type': 'life', 'brand': 'InsureCorp'}",2824.97
2104,CUS-9690,POL-193890,24058.52,"{'type': 'life', 'brand': 'ProtectPlus'}",6868.84
2105,CUS-3254,POL-679092,48219.36,"{'type': 'life', 'brand': 'LifeSecure'}",5673.83
2106,CUS-4773,POL-867230,80247.53,"{'type': 'auto', 'brand': 'SafeGuard'}",2496.8
2107,CUS-5403,POL-688999,95328.95,"{'type': 'life', 'brand': 'InsureCorp'}",589.08
2108,CUS-4728,POL-085406,94811.15,"{'type': 'life', 'brand': 'LifeSecure'}",
2109,CUS-9243,167077,39665.95,"{'type': None, 'brand': 'LifeSecure'}",6037.34
2110,CUS-7887,POL-814673,28229.88,"{'type': 'life', 'brand': 'LifeSecure'}",6962.17
2111,CUS-7560,POL-367806,41291.36,"{'type': 'life', 'brand': 'ProtectPlus'}",1103.17
2112,CUS-2446,463772,56813.44,"{'type': 'life', 'brand': 'LifeSecure'}",2883.34
2113,CUS-5617,POL-665474,14210.55,"{'type': 'health', 'brand': 'ProtectPlus'}",6361.37
2114,CUS-1321,POL-294431,79176.54,"{'type': 'home', 'brand': 'SafeGuard'}",183.49
2115,CUS-2901,POL-076591,14737.96,"{'type': 'life', 'brand': 'InsureCorp'}",6275.86
2116,CUS-4959,POL-350479,58119.49,"{'type': 'auto', 'brand': 'SafeGuard'}",5496.51
2117,CUS-2939,POL-072840,79433.08,"{'type': 'life', 'brand': 'ProtectPlus'}",1156.63
2118,CUS-2323,POL-844305,83128.22,"{'type': 'home', 'brand': 'SafeGuard'}",1325.08
2119,CUS-2192,POL-366262,51358.84,"{'type': 'health', 'brand': 'ProtectPlus'}",6756.41
2120,CUS-3373,POL-919822,23320.72,"{'type': 'home', 'brand': 'SafeGuard'}",3687.18
2121,CUS-6357,POL-221154,63420.79,"{'type': 'health', 'brand': 'ProtectPlus'}",3446.62
2122,CUS-4015,POL-496510,68295.97,"{'type': 'auto ', 'brand': 'SafeGuard'}",2846.13
2123,CUS-5096,POL-987047,70996.53,"{'type': 'auto ', 'brand': 'SafeGuard'}",4194.19
2124,CUS-7758,POL-842133,58488.46,"{'type': 'life', 'brand': 'LifeSecure'}",1368.89
2125,CUS-6744,POL-986707,78947.63,"{'type': 'life', 'brand': 'LifeSecure'}",4562.3
2126,CUS-1308,POL-858851,35735.02,"{'type': 'health', 'brand': 'ProtectPlus'}",3052.84
2127,CUS-2192,POL-706897,56459.67,"{'type': 'life', 'brand': 'LifeSecure'}",4354.77
2128,CUS-6746,POL-583833,36779.48,"{'type': 'life', 'brand': 'LifeSecure'}",2829.09
2129,CUS-8616,POL-681573,23294.89,"{'type': 'life', 'brand': 'LifeSecure'}",4095.22
2130,CUS-1802,POL-804421,43184.74,"{'type': 'auto ', 'brand': 'SafeGuard'}",2361.85
2131,CUS-8169,POL-732779,39724.25,"{'type': 'health', 'brand': 'InsureCorp'}",3966.94
2132,CUS-7005,POL-511623,46678.08,"{'type': 'life', 'brand': 'LifeSecure'}",342.01
2133,CUS-8969,POL-078579,46698.65,"{'type': 'auto', 'brand': 'SafeGuard'}",1440.31
2134,CUS-7534,POL-524239,28374.24,"{'type': 'health', 'brand': 'InsureCorp'}",4392.28
2135,CUS-8565,POL-038115,30416.84,"{'type': 'home', 'brand': 'InsureCorp'}",7354.04
2136,CUS-6207,POL-076888,44432.05,"{'type': 'life', 'brand': 'LifeSecure'}",5417.03
2137,CUS-2353,POL-821372,34141.29,"{'type': 'life', 'brand': 'ProtectPlus'}",4632.83
2138,CUS-8315,POL-561002,46938.82,"{'type': 'health', 'brand': 'ProtectPlus'}",1676.93
2139,CUS-5566,POL-924171,77095.85,"{'type': 'auto', 'brand': 'InsureCorp'}",3963.11
2140,CUS-9334,POL-817294,17361.46,"{'type': 'health', 'brand': 'ProtectPlus'}",1098.45
2141,CUS-3010,POL-139665,41422.11,"{'type': 'auto', 'brand': 'InsureCorp'}",6363.3
2142,CUS-5939,POL-141343,22601.56,"{'type': 'life', 'brand': 'ProtectPlus'}",743.8
2143,CUS-1317,POL-816920,81541.8,"{'type': 'life', 'brand': 'ProtectPlus'}",1719.36
2144,CUS-7895,POL-277957,91240.22,"{'type': 'life', 'brand': 'InsureCorp'}",1454.87
2145,CUS-5393,POL-676398,71917.46,"{'type': 'life', 'brand': 'LifeSecure'}",6264.93
2146,CUS-8576,964991,65948.85,"{'type': None, 'brand': 'LifeSecure'}",2422.32
2147,CUS-2186,POL-722893,68699.8,"{'type': 'life', 'brand': 'InsureCorp'}",4275.71
2148,CUS-5917,POL-132371,97955.17,"{'type': 'health', 'brand': 'ProtectPlus'}",50000
2149,CUS-4947,POL-324058,99234.12,"{'type': 'home', 'brand': 'SafeGuard'}",622.57
2150,CUS-4762,POL-105277,42467.95,"{'type': None, 'brand': 'LifeSecure'}",7156.3
2151,CUS-1191,POL-792668,96679.54,"{'type': 'auto ', 'brand': 'SafeGuard'}",3788.1
2152,CUS-9993,POL-534642,76416.93,"{'type': 'auto', 'brand': 'SafeGuard'}",4308.1
2153,CUS-7737,POL-275578,92873.16,"{'type': 'life', 'brand': 'ProtectPlus'}",5516.77
2154,CUS-9924,POL-943483,90429.88,"{'type': None, 'brand': 'InsureCorp'}",4156.66
2155,CUS-7341,POL-477643,75869.75,"{'type': 'health', 'brand': 'ProtectPlus'}",5500.85
2156,CUS-5879,POL-956364,17472.15,"{'type': 'life', 'brand': 'InsureCorp'}",
2157,CUS-7286,POL-893261,42877.79,"{'type': 'life', 'brand': 'LifeSecure'}",7434.39
2158,CUS-5112,POL-036853,74502.41,"{'type': 'auto', 'brand': 'SafeGuard'}",2655.93
2159,CUS-6429,POL-881681,77046.8,"{'type': 'health', 'brand': 'InsureCorp'}",1915.08
2160,CUS-8124,POL-738432,47656.41,"{'type': 'home', 'brand': 'InsureCorp'}",487.39
2161,CUS-8665,POL-565343,17260.61,"{'type': 'life', 'brand': 'LifeSecure'}",2081.89
2162,CUS-1732,POL-779787,13480.63,"{'type': 'auto', 'brand': 'InsureCorp'}",4089.12
2163,CUS-2061,POL-594841,27148.49,"{'type': 'life', 'brand': 'LifeSecure'}",303.61
2164,CUS-9107,POL-563252,79105.79,"{'type': 'auto', 'brand': 'InsureCorp'}",6888.27
2165,CUS-8680,POL-078968,65132.7,"{'type': 'auto ', 'brand': 'SafeGuard'}",282.65
2166,CUS-7924,POL-483491,42330.91,"{'type': 'home', 'brand': 'InsureCorp'}",5069.24
2167,CUS-1440,POL-861503,74276.71,"{'type': 'life', 'brand': 'ProtectPlus'}",5143.75
2168,CUS-5372,POL-177857,20538.82,"{'type': 'life', 'brand': 'LifeSecure'}",4454.54
2169,CUS-5561,POL-676652,87650.4,"{'type': 'health', 'brand': 'InsureCorp'}",4680.2
2170,CUS-1344,POL-146796,18589.63,"{'type': 'auto', 'brand': 'InsureCorp'}",6630.44
2171,CUS-5065,POL-905880,10040.05,"{'type': 'auto', 'brand': 'InsureCorp'}",1156.26
2172,CUS-3101,POL-145866,69953.71,"{'type': 'home', 'brand': 'SafeGuard'}",672.83
2173,CUS-3132,POL-615309,28209.44,"{'type': 'health', 'brand': 'ProtectPlus'}",3285.5
2174,CUS-3362,POL-186054,73704.6,"{'type': 'health', 'brand': 'InsureCorp'}",1005.85
2175,CUS-2972,POL-191310,68549.39,"{'type': 'auto ', 'brand': 'SafeGuard'}",2892.55
2176,CUS-8421,POL-943640,62350.44,"{'type': 'auto', 'brand': 'SafeGuard'}",3049.58
2177,CUS-8822,POL-220867,65189.5,"{'type': 'auto', 'brand': 'InsureCorp'}",4760.1
2178,CUS-5424,POL-744563,68698.15,"{'type': 'life', 'brand': 'ProtectPlus'}",5730.22
2179,CUS-8564,POL-554205,45920.09,"{'type': 'auto', 'brand': 'SafeGuard'}",
2180,CUS-4614,POL-379168,41074.01,"{'type': 'life', 'brand': 'LifeSecure'}",1065.55
2181,CUS-4586,POL-003293,36953.31,"{'type': 'life', 'brand': 'InsureCorp'}",3906.19
2182,CUS-2153,POL-513185,31023.45,"{'type': 'life', 'brand': 'InsureCorp'}",6680.28
2183,CUS-8611,POL-450428,91631.92,"{'type': 'health', 'brand': 'ProtectPlus'}",5805.51
2184,CUS-6481,POL-891220,60807.48,"{'type': 'auto', 'brand': 'SafeGuard'}",5706.12
2185,CUS-9535,POL-509284,97446.96,"{'type': 'life', 'brand': 'LifeSecure'}",3394.71
2186,CUS-1122,POL-131579,88301.07,"{'type': 'life', 'brand': 'ProtectPlus'}",3360.82
2187,CUS-1238,POL-301621,84452.39,"{'type': 'health', 'brand': 'InsureCorp'}",3180.88
2188,CUS-3346,POL-671594,96549.06,"{'type': 'home', 'brand': 'SafeGuard'}",7233.85
2189,CUS-2481,POL-188813,33548.78,"{'type': 'auto', 'brand': 'SafeGuard'}",5691.46
2190,CUS-5058,POL-137044,40754.63,"{'type': 'home', 'brand': 'SafeGuard'}",5847.81
2191,CUS-5549,POL-124246,80506.51,"{'type': None, 'brand': 'InsureCorp'}",6775.55
2192,CUS-5126,POL-009845,82672.04,"{'type': 'home', 'brand': 'InsureCorp'}",6821.6
2193,CUS-7459,POL-973097,82973.43,"{'type': 'home', 'brand': 'SafeGuard'}",4230.77
2194,CUS-4290,POL-320425,84232.84,"{'type': 'life', 'brand': 'LifeSecure'}",2400.63
2195,CUS-6855,POL-119682,30855.3,"{'type': 'life', 'brand': 'LifeSecure'}",880.68
2196,CUS-7063,POL-989860,32870.72,"{'type': 'life', 'brand': 'LifeSecure'}",4435.94
2197,CUS-7393,POL-268299,72544.09,"{'type': 'life', 'brand': 'ProtectPlus'}",6822.16
2198,CUS-5970,POL-585513,85163.71,"{'type': 'auto', 'brand': 'InsureCorp'}",5951.53
2199,CUS-2668,POL-465587,95677.97,"{'type': 'life', 'brand': 'LifeSecure'}",5945.68
2200,CUS-3208,POL-179792,98591.41,"{'type': 'life', 'brand': 'ProtectPlus'}",1450.05
2201,CUS-4301,POL-525579,95622.97,"{'type': 'health', 'brand': 'ProtectPlus'}",3121.69
2202,CUS-7297,POL-178392,48833.64,"{'type': 'home', 'brand': 'SafeGuard'}",5026.5
2203,CUS-3930,POL-602620,67550.28,"{'type': None, 'brand': 'ProtectPlus'}",4189.07
2204,CUS-1610,POL-680546,69119.93,"{'type': 'health', 'brand': 'ProtectPlus'}",3569.57
2205,CUS-2367,POL-825314,14208.86,"{'type': 'auto', 'brand': 'SafeGuard'}",2387.95
2206,CUS-9082,POL-409922,82585.6,"{'type': 'health', 'brand': 'InsureCorp'}",6881.39
2207,CUS-2427,POL-561201,13996.2,"{'type': 'auto', 'brand': 'SafeGuard'}",5880.83
2208,CUS-9322,POL-049208,50781.73,"{'type': 'life', 'brand': 'LifeSecure'}",453.81
2209,CUS-9180,POL-649137,77451.1,"{'type': 'health', 'brand': 'ProtectPlus'}",1057.58
2210,CUS-3155,POL-858585,75133.62,"{'type': 'auto ', 'brand': 'SafeGuard'}",3564.15
2211,CUS-3364,POL-026407,72491.92,"{'type': 'auto', 'brand': 'InsureCorp'}",4181.57
2212,CUS-8958,POL-788017,37812.2,"{'type': 'home', 'brand': 'SafeGuard'}",2963.25
2213,CUS-9802,364454,64644.84,"{'type': 'life', 'brand': 'LifeSecure'}",5145.39
2214,CUS-6011,POL-087929,71258.95,"{'type': 'life', 'brand': 'LifeSecure'}",7122.83
2215,CUS-2569,POL-336552,25985.03,"{'type': 'health', 'brand': 'ProtectPlus'}",3126.32
2216,CUS-9475,POL-524527,90129.15,"{'type': 'life', 'brand': 'LifeSecure'}",374.85
2217,CUS-5492,POL-347134,85341.71,"{'type': 'home', 'brand': 'SafeGuard'}",7270.57
2218,CUS-5022,POL-172588,32221.71,"{'type': 'life', 'brand': 'LifeSecure'}",4363.48
2219,CUS-9991,POL-794987,71651.91,"{'type': 'life', 'brand': 'LifeSecure'}",1103.89
2220,CUS-2691,POL-541295,49946.2,"{'type': 'home', 'brand': 'SafeGuard'}",5068.36
2221,CUS-7637,POL-341722,83037.48,"{'type': 'home', 'brand': 'InsureCorp'}",6712.8
2222,CUS-5749,POL-374318,16549.51,"{'type': 'home', 'brand': 'SafeGuard'}",5859.86
2223,CUS-1527,POL-473791,23207.61,"{'type': 'auto ', 'brand': 'SafeGuard'}",5730.84
2224,CUS-1206,POL-140808,10398.01,"{'type': 'home', 'brand': 'InsureCorp'}",1210.17
2225,CUS-3079,POL-831331,29930.91,"{'type': 'life', 'brand': 'InsureCorp'}",963.67
2226,CUS-6771,POL-850660,33340.53,"{'type': 'auto', 'brand': 'InsureCorp'}",6193.6
2227,CUS-8631,POL-964406,52050.11,"{'type': 'auto', 'brand': 'SafeGuard'}",5927.22
2228,CUS-9535,POL-017425,59755.18,"{'type': 'health', 'brand': 'ProtectPlus'}",1434.58
2229,CUS-2623,POL-469191,47433.75,"{'type': 'auto ', 'brand': 'SafeGuard'}",4959.77
2230,CUS-4940,POL-663218,83218.77,"{'type': 'life', 'brand': 'LifeSecure'}",1167.26
2231,CUS-7543,POL-995366,49389.29,"{'type': 'home', 'brand': 'SafeGuard'}",6363.67
2232,CUS-6396,POL-422123,51709.91,"{'type': 'home', 'brand': 'SafeGuard'}",4229.15
2233,CUS-8693,POL-103497,-2147483649.0,"{'type': 'auto', 'brand': 'InsureCorp'}",4088.0
2234,CUS-4495,POL-984555,87803.69,"{'type': 'auto', 'brand': 'InsureCorp'}",2241.15
2235,CUS-8807,POL-803724,64586.17,"{'type': 'life', 'brand': 'LifeSecure'}",1870.35
2236,CUS-1682,POL-608794,28066.06,"{'type': 'auto', 'brand': 'InsureCorp'}",671.32
2237,CUS-2144,POL-705964,60789.68,"{'type': 'home', 'brand': 'InsureCorp'}",3391.31
2238,CUS-9898,POL-180334,84988.08,"{'type': 'health', 'brand': 'ProtectPlus'}",2319.01
2239,CUS-9271,POL-657142,11124.26,"{'type': 'auto', 'brand': 'SafeGuard'}",7280.81
2240,CUS-6674,POL-684812,70764.92,"{'type': 'life', 'brand': 'LifeSecure'}",6738.05
2241,CUS-9156,POL-658223,87424.78,"{'type': 'life', 'brand': 'InsureCorp'}",1145.29
2242,CUS-2958,POL-975343,99032.68,"{'type': 'health', 'brand': 'ProtectPlus'}",2511.85
2243,CUS-4244,513554,48282.77,"{'type': 'auto', 'brand': 'SafeGuard'}",3805.26
2244,CUS-8539,POL-517487,58088.45,"{'type': 'auto ', 'brand': 'SafeGuard'}",5111.28
2245,CUS-5733,POL-922287,15118.77,"{'type': 'life', 'brand': 'LifeSecure'}",7123.56
2246,CUS-2061,POL-800350,26070.29,"{'type': 'life', 'brand': 'InsureCorp'}",7403.48
2247,CUS-4762,POL-963456,46847.15,"{'type': 'life', 'brand': 'LifeSecure'}",234.36
2248,CUS-6330,POL-579500,60225.11,"{'type': 'auto', 'brand': 'SafeGuard'}",4662.28
2249,CUS-5999,POL-640811,57160.09,"{'type': 'life', 'brand': 'LifeSecure'}",2079.77
2250,CUS-8443,POL-563272,26453.05,"{'type': 'life', 'brand': 'LifeSecure'}",5289.45
2251,CUS-4653,POL-367996,27417.93,"{'type': 'auto ', 'brand': 'SafeGuard'}",2139.41
2252,CUS-1735,POL-625376,40530.42,"{'type': 'health', 'brand': 'ProtectPlus'}",5724.64
2253,CUS-1353,POL-120481,24723.97,"{'type': 'life', 'brand': 'ProtectPlus'}",
2254,CUS-9589,POL-140706,35278.85,"{'type': 'life', 'brand': 'LifeSecure'}",7317.37
2255,CUS-1931,POL-308883,53092.64,"{'type': 'life', 'brand': 'ProtectPlus'}",6911.07
2256,CUS-2065,POL-738305,71940.44,"{'type': 'life', 'brand': 'LifeSecure'}",1834.73
2257,CUS-3739,POL-713798,67261.47,"{'type': 'health', 'brand': 'ProtectPlus'}",299.58
2258,CUS-5206,POL-785100,42673.31,"{'type': 'life', 'brand': 'LifeSecure'}",5259.46
2259,CUS-2400,POL-252166,30494.53,"{'type': 'health', 'brand': 'ProtectPlus'}",1590.92
2260,CUS-7412,POL-651906,68529.76,"{'type': 'life', 'brand': 'LifeSecure'}",2781.16
2261,CUS-3721,POL-416354,78822.1,"{'type': 'health', 'brand': 'ProtectPlus'}",4266.44
2262,CUS-8008,POL-186325,90859.79,"{'type': 'home', 'brand': 'InsureCorp'}",3198.5
2263,CUS-2304,POL-984891,67302.51,"{'type': 'life', 'brand': 'LifeSecure'}",3078.55
2264,CUS-1992,POL-642977,91046.86,"{'type': 'life', 'brand': 'ProtectPlus'}",4227.32
2265,CUS-2998,POL-734485,10448.59,"{'type': 'life', 'brand': 'LifeSecure'}",3081.03
2266,CUS-8964,POL-488618,85671.67,"{'type': 'health', 'brand': 'ProtectPlus'}",7389.76
2267,CUS-5513,POL-095614,86324.95,"{'type': 'auto ', 'brand': 'SafeGuard'}",6471.54
2268,CUS-5918,POL-619793,82225.44,"{'type': 'life', 'brand': 'ProtectPlus'}",4134.32
2269,CUS-5225,POL-912133,58941.95,"{'type': 'home', 'brand': 'InsureCorp'}",2853.56
2270,CUS-3257,POL-494560,24838.14,"{'type': 'life', 'brand': 'LifeSecure'}",624.07
2271,CUS-5969,POL-979026,99098.72,"{'type': 'health', 'brand': 'InsureCorp'}",3931.07
2272,CUS-5074,POL-845328,33279.7,"{'type': 'home', 'brand': 'SafeGuard'}",5058.93
2273,CUS-1595,POL-259991,49220.61,"{'type': None, 'brand': 'ProtectPlus'}",4402.16
2274,CUS-3647,POL-379419,55318.47,"{'type': 'auto', 'brand': 'InsureCorp'}",5693.38
2275,CUS-2768,POL-506694,32076.55,"{'type': 'life', 'brand': 'LifeSecure'}",5050.76
2276,CUS-8214,POL-373608,90753.8,"{'type': 'life', 'brand': 'LifeSecure'}",1929.53
2277,CUS-5042,POL-567636,59275.27,"{'type': 'auto ', 'brand': 'SafeGuard'}",6987.78
2278,CUS-5556,POL-157593,89870.71,"{'type': 'life', 'brand': 'ProtectPlus'}",1324.81
2279,CUS-4889,POL-989172,90527.55,"{'type': 'health', 'brand': 'InsureCorp'}",799.21
2280,CUS-1678,POL-771999,39505.33,"{'type': 'home', 'brand': 'InsureCorp'}",7232.27
2281,CUS-1238,POL-830208,-2147483649.0,"{'type': 'life', 'brand': 'ProtectPlus'}",192.79
2282,CUS-6905,POL-112605,48423.75,"{'type': None, 'brand': 'LifeSecure'}",
2283,CUS-9304,POL-772155,38618.61,"{'type': 'home', 'brand': 'InsureCorp'}",7045.78
2284,CUS-8740,POL-815706,20573.48,"{'type': 'life', 'brand': 'LifeSecure'}",6734.44
2285,CUS-6438,POL-220767,96237.58,"{'type': 'life', 'brand': 'ProtectPlus'}",972.69
2286,CUS-2365,POL-202945,14259.14,"{'type': 'auto ', 'brand': 'SafeGuard'}",4644.89
2287,CUS-7278,680279,73694.92,"{'type': 'life', 'brand': 'LifeSecure'}",2835.02
2288,CUS-8491,POL-217307,14988.54,"{'type': 'auto ', 'brand': 'SafeGuard'}",1541.2
2289,CUS-9043,POL-035038,23507.18,"{'type': 'life', 'brand': 'LifeSecure'}",4917.21
2290,CUS-1077,POL-122335,33655.64,"{'type': 'life', 'brand': 'ProtectPlus'}",1364.52
2291,CUS-4228,POL-018812,29794.13,"{'type': 'auto ', 'brand': 'SafeGuard'}",6817.0
2292,CUS-8775,162141,19709.52,"{'type': 'auto', 'brand': 'InsureCorp'}",5868.57
2293,CUS-4889,POL-841689,46225.8,"{'type': 'life', 'brand': 'ProtectPlus'}",7368.79
2294,CUS-8802,POL-796314,57308.85,"{'type': 'auto', 'brand': 'InsureCorp'}",4853.15
2295,CUS-3088,POL-913405,34352.37,"{'type': 'life', 'brand': 'LifeSecure'}",1060.34
2296,CUS-5278,POL-199352,35712.42,"{'type': 'life', 'brand': 'LifeSecure'}",6929.92
2297,CUS-3260,POL-493725,12041.97,"{'type': 'life', 'brand': 'LifeSecure'}",6688.54
2298,CUS-3631,POL-922125,36464.11,"{'type': 'health', 'brand': 'ProtectPlus'}",4873.61
2299,CUS-3079,POL-501712,49819.95,"{'type': 'auto ', 'brand': 'SafeGuard'}",4036.99
2300,CUS-5133,POL-497914,46176.16,"{'type': 'home', 'brand': 'InsureCorp'}",1732.46
2301,CUS-6695,POL-081827,58847.33,"{'type': 'health', 'brand': 'InsureCorp'}",1488.15
2302,CUS-7712,POL-633405,11390.65,"{'type': 'life', 'brand': 'LifeSecure'}",6632.0
2303,CUS-3322,POL-281832,21120.06,"{'type': 'home', 'brand': 'InsureCorp'}",4807.47
2304,CUS-6378,POL-409087,14907.73,"{'type': 'life', 'brand': 'LifeSecure'}",6896.24
2305,CUS-7549,POL-270838,96566.89,"{'type': 'life', 'brand': 'InsureCorp'}",891.25
2306,CUS-5156,POL-088921,50450.81,"{'type': 'auto', 'brand': 'SafeGuard'}",5496.04
2307,CUS-2221,POL-712623,-2147483649.0,"{'type': 'life', 'brand': 'ProtectPlus'}",3438.71
2308,CUS-8129,POL-663761,75478.64,"{'type': 'home', 'brand': 'InsureCorp'}",6187.09
2309,CUS-9974,POL-548568,64681.89,"{'type': 'life', 'brand': 'InsureCorp'}",3984.65
2310,CUS-4265,POL-088529,83202.39,"{'type': 'life', 'brand': 'LifeSecure'}",3994.82
2311,CUS-3936,POL-428556,69473.36,"{'type': 'home', 'brand': 'InsureCorp'}",2739.75
2312,CUS-4414,POL-016271,51861.73,"{'type': 'life', 'brand': 'ProtectPlus'}",2249.01
2313,CUS-5744,POL-344499,19867.9,"{'type': None, 'brand': 'InsureCorp'}",777.16
2314,CUS-3636,POL-850061,66288.9,"{'type': 'auto ', 'brand': 'SafeGuard'}",5231.12
2315,CUS-4049,POL-351058,82741.91,"{'type': 'auto ', 'brand': 'SafeGuard'}",2106.06
2316,CUS-4334,POL-761973,88708.94,"{'type': 'life', 'brand': 'LifeSecure'}",5019.13
2317,CUS-9107,POL-483395,31084.84,"{'type': 'life', 'brand': 'LifeSecure'}",761.96
2318,CUS-3159,POL-910866,56713.19,"{'type': 'life', 'brand': 'LifeSecure'}",2086.7
2319,CUS-1557,POL-837764,92912.17,"{'type': 'auto', 'brand': 'InsureCorp'}",5947.04
2320,CUS-6811,POL-279049,18139.57,"{'type': 'life', 'brand': 'LifeSecure'}",2853.98
2321,CUS-6667,POL-428807,96521.03,"{'type': 'auto ', 'brand': 'SafeGuard'}",1980.15
2322,CUS-9547,POL-990222,38454.17,"{'type': 'auto', 'brand': 'SafeGuard'}",7467.29
2323,CUS-3069,POL-101513,82729.41,"{'type': 'auto', 'brand': 'SafeGuard'}",7109.91
2324,CUS-6010,POL-021774,22415.1,"{'type': 'life', 'brand': 'ProtectPlus'}",1257.6
2325,CUS-9859,POL-283436,90070.25,"{'type': 'health', 'brand': 'InsureCorp'}",7007.5
2326,CUS-5513,POL-649604,54072.97,"{'type': 'life', 'brand': 'LifeSecure'}",2803.28
2327,CUS-7931,POL-262923,59561.08,"{'type': 'life', 'brand': 'LifeSecure'}",6576.4
2328,CUS-7926,POL-961606,17126.92,"{'type': 'health', 'brand': 'ProtectPlus'}",4928.9
2329,CUS-7482,POL-573394,49670.86,"{'type': 'health', 'brand': 'ProtectPlus'}",4674.21
2330,CUS-5915,POL-287184,49354.12,"{'type': 'health', 'brand': 'InsureCorp'}",3590.71
2331,CUS-3029,POL-226024,77266.36,"{'type': None, 'brand': 'InsureCorp'}",2822.98
2332,CUS-3093,POL-641379,48334.18,"{'type': 'home', 'brand': 'SafeGuard'}",1143.55
2333,CUS-7390,POL-968021,32726.67,"{'type': 'home', 'brand': 'SafeGuard'}",1684.7
2334,CUS-5301,POL-917424,15652.07,"{'type': 'life', 'brand': 'InsureCorp'}",1462.49
2335,CUS-6818,POL-343103,56413.96,"{'type': 'health', 'brand': 'ProtectPlus'}",5939.46
2336,CUS-2058,POL-739692,52646.99,"{'type': 'auto', 'brand': 'SafeGuard'}",2977.19
2337,CUS-3446,POL-683896,14907.08,"{'type': 'home', 'brand': 'InsureCorp'}",3781.64
2338,CUS-3433,POL-942606,30607.47,"{'type': 'auto', 'brand': 'SafeGuard'}",4490.44
2339,CUS-3592,POL-221633,41160.05,"{'type': 'auto ', 'brand': 'SafeGuard'}",3420.1
2340,CUS-9205,POL-390036,78052.27,"{'type': 'health', 'brand': 'ProtectPlus'}",2898.46
2341,CUS-7637,POL-947995,23096.21,"{'type': 'health', 'brand': 'ProtectPlus'}",6824.15
2342,CUS-6139,POL-300549,99065.01,"{'type': 'life', 'brand': 'LifeSecure'}",4236.08
2343,CUS-1014,POL-107961,54673.01,"{'type': 'home', 'brand': 'InsureCorp'}",4858.56
2344,CUS-4436,POL-579518,96840.49,"{'type': 'auto ', 'brand': 'SafeGuard'}",5706.88
2345,CUS-7805,POL-953634,84255.38,"{'type': 'auto', 'brand': 'InsureCorp'}",4797.8
2346,CUS-7019,POL-872871,92052.73,"{'type': 'life', 'brand': 'LifeSecure'}",298.99
2347,CUS-5379,POL-803857,38126.81,"{'type': 'life', 'brand': 'InsureCorp'}",1967.58
2348,CUS-6377,POL-734413,27404.49,"{'type': 'life', 'brand': 'ProtectPlus'}",2710.53
2349,CUS-5107,POL-623975,47137.24,"{'type': 'home', 'brand': 'SafeGuard'}",3227.26
2350,CUS-3689,POL-827899,14859.35,"{'type': 'auto', 'brand': 'InsureCorp'}",5094.57
2351,CUS-9948,POL-232360,97574.17,"{'type': 'life', 'brand': 'ProtectPlus'}",822.04
2352,CUS-8796,POL-819543,37297.35,"{'type': 'health', 'brand': 'InsureCorp'}",6056.36
2353,CUS-3662,POL-261893,80718.96,"{'type': 'health', 'brand': 'ProtectPlus'}",3304.9
2354,CUS-1678,POL-514339,91707.33,"{'type': 'life', 'brand': 'LifeSecure'}",431.9
2355,CUS-9540,POL-949340,62757.45,"{'type': 'home', 'brand': 'InsureCorp'}",5918.83
2356,CUS-7886,POL-601746,62168.84,"{'type': 'auto', 'brand': 'SafeGuard'}",5223.19
2357,CUS-7102,POL-667451,90951.92,"{'type': 'life', 'brand': 'InsureCorp'}",5065.07
2358,CUS-3715,POL-873514,18983.04,"{'type': 'health', 'brand': 'InsureCorp'}",5713.57
2359,CUS-2893,POL-444272,16156.77,"{'type': 'home', 'brand': 'InsureCorp'}",4824.03
2360,CUS-6968,POL-745002,33057.58,"{'type': 'life', 'brand': 'LifeSecure'}",6290.76
2361,CUS-4694,452446,33472.25,"{'type': 'auto', 'brand': 'SafeGuard'}",3046.21
2362,CUS-6759,POL-507290,12722.13,"{'type': 'health', 'brand': 'InsureCorp'}",2302.14
2363,CUS-3148,POL-116676,95636.8,"{'type': 'health', 'brand': 'ProtectPlus'}",5576.02
2364,CUS-1313,POL-178414,48164.77,"{'type': 'life', 'brand': 'InsureCorp'}",4955.06
2365,CUS-5675,POL-619411,30858.49,"{'type': 'life', 'brand': 'ProtectPlus'}",2533.31
2366,CUS-5133,POL-598534,49002.22,"{'type': 'home', 'brand': 'SafeGuard'}",3529.99
2367,CUS-1595,POL-428589,10084.98,"{'type': 'health', 'brand': 'InsureCorp'}",4814.33
2368,CUS-5897,POL-230492,38809.09,"{'type': 'auto', 'brand': 'SafeGuard'}",201.95
2369,CUS-3996,POL-321399,18736.12,"{'type': 'life', 'brand': 'ProtectPlus'}",4657.46
2370,CUS-8020,POL-825014,48766.71,"{'type': None, 'brand': 'SafeGuard'}",4892.7
2371,CUS-3089,POL-461270,62823.95,"{'type': 'life', 'brand': 'LifeSecure'}",493.85
2372,CUS-9849,POL-043256,13250.67,"{'type': 'home', 'brand': 'SafeGuard'}",6015.82
2373,CUS-7662,POL-620067,57938.51,"{'type': 'life', 'brand': 'LifeSecure'}",2382.42
2374,CUS-3924,POL-580608,94997.89,"{'type': 'home', 'brand': 'SafeGuard'}",677.41
2375,CUS-4605,POL-703089,83605.01,"{'type': 'auto', 'brand': 'InsureCorp'}",6686.06
2376,CUS-2110,369851,51226.22,"{'type': None, 'brand': 'ProtectPlus'}",3625.96
2377,CUS-7266,POL-835788,90594.33,"{'type': 'life', 'brand': 'ProtectPlus'}",446.45
2378,CUS-7731,POL-802907,62437.66,"{'type': 'life', 'brand': 'InsureCorp'}",4651.93
2379,CUS-8341,POL-661028,48889.38,"{'type': 'health', 'brand': 'ProtectPlus'}",6939.22
2380,CUS-1629,POL-697513,83892.07,"{'type': 'life', 'brand': 'LifeSecure'}",1139.65
2381,CUS-2345,POL-528027,21371.37,"{'type': 'life', 'brand': 'ProtectPlus'}",50000
2382,CUS-4688,POL-143813,56612.08,"{'type': 'health', 'brand': 'ProtectPlus'}",3792.25
2383,CUS-7205,POL-177128,31460.45,"{'type': 'auto ', 'brand': 'SafeGuard'}",6750.72
2384,CUS-8884,POL-522748,52645.48,"{'type': 'health', 'brand': 'ProtectPlus'}",6316.79
2385,CUS-9870,POL-067307,19346.28,"{'type': 'auto', 'brand': 'SafeGuard'}",4722.57
2386,CUS-7853,POL-344842,51076.77,"{'type': 'health', 'brand': 'ProtectPlus'}",7349.22
2387,CUS-3245,POL-124377,56057.14,"{'type': 'life', 'brand': 'LifeSecure'}",3702.71
2388,CUS-1884,POL-498841,46909.07,"{'type': 'auto ', 'brand': 'SafeGuard'}",4299.52
2389,CUS-2365,POL-521510,85559.83,"{'type': 'home', 'brand': 'SafeGuard'}",2774.42
2390,CUS-2616,POL-375973,20398.66,"{'type': 'auto ', 'brand': 'SafeGuard'}",1197.85
2391,CUS-8807,POL-348900,68399.41,"{'type': 'health', 'brand': 'ProtectPlus'}",6590.38
2392,CUS-2847,POL-141551,73272.8,"{'type': 'home', 'brand': 'InsureCorp'}",2028.23
2393,CUS-7214,POL-938040,86595.23,"{'type': 'health', 'brand': 'ProtectPlus'}",7320.62
2394,CUS-4808,POL-121271,99021.99,"{'type': 'life', 'brand': 'ProtectPlus'}",3083.13
2395,CUS-5947,POL-995728,49493.58,"{'type': 'health', 'brand': 'InsureCorp'}",1941.5
2396,CUS-6456,POL-881618,31784.94,"{'type': 'auto ', 'brand': 'SafeGuard'}",1545.98
2397,CUS-4682,POL-889509,51791.92,"{'type': 'life', 'brand': 'LifeSecure'}",5192.46
2398,CUS-7022,POL-478653,74447.19,"{'type': 'life', 'brand': 'LifeSecure'}",491.57
2399,CUS-5646,POL-078309,22147.65,"{'type': 'auto', 'brand': 'SafeGuard'}",
2400,CUS-2841,POL-579022,70843.61,"{'type': 'health', 'brand': 'ProtectPlus'}",612.7
2401,CUS-7706,POL-687601,55555.97,"{'type': 'life', 'brand': 'LifeSecure'}",6608.45
2402,CUS-4537,POL-155658,71735.41,"{'type': 'home', 'brand': 'SafeGuard'}",899.85
2403,CUS-5687,POL-838322,82928.59,"{'type': 'home', 'brand': 'InsureCorp'}",4744.88
2404,CUS-4945,POL-112056,76279.46,"{'type': 'life', 'brand': 'LifeSecure'}",381.86
2405,CUS-9481,POL-311862,89313.24,"{'type': None, 'brand': 'InsureCorp'}",7107.92
2406,CUS-7404,POL-713255,85146.43,"{'type': 'auto', 'brand': 'SafeGuard'}",876.92
2407,CUS-4442,POL-294439,56844.55,"{'type': 'health', 'brand': 'InsureCorp'}",2092.17
2408,CUS-8928,POL-148188,49950.7,"{'type': 'life', 'brand': 'InsureCorp'}",4220.88
2409,CUS-9651,POL-205356,97216.04,"{'type': 'health', 'brand': 'InsureCorp'}",3075.4
2410,CUS-9847,POL-821931,89871.64,"{'type': 'home', 'brand': 'SafeGuard'}",7030.6
2411,CUS-6578,POL-186453,26191.13,"{'type': 'home', 'brand': 'SafeGuard'}",1044.21
2412,CUS-3159,POL-332041,62965.57,"{'type': 'life', 'brand': 'LifeSecure'}",6517.42
2413,CUS-4784,POL-962718,59526.38,"{'type': 'life', 'brand': 'ProtectPlus'}",1558.92
2414,CUS-2399,POL-389073,82900.78,"{'type': 'auto', 'brand': 'InsureCorp'}",2491.7
2415,CUS-2711,POL-688436,26339.06,"{'type': 'auto', 'brand': 'SafeGuard'}",4445.95
2416,CUS-1365,POL-091930,73512.2,"{'type': 'auto ', 'brand': 'SafeGuard'}",2050.13
2417,CUS-2094,POL-545845,42417.75,"{'type': 'health', 'brand': 'ProtectPlus'}",3748.63
2418,CUS-3319,POL-512550,46196.99,"{'type': 'health', 'brand': 'ProtectPlus'}",4028.67
2419,CUS-7418,POL-139857,52382.41,"{'type': 'auto', 'brand': 'InsureCorp'}",5409.84
2420,CUS-4940,POL-324768,21329.91,"{'type': 'life', 'brand': 'LifeSecure'}",3873.7
2421,CUS-1971,POL-607396,34766.51,"{'type': 'auto ', 'brand': 'SafeGuard'}",769.86
2422,CUS-9965,POL-763347,16786.95,"{'type': 'auto', 'brand': 'SafeGuard'}",7215.33
2423,CUS-2203,POL-015311,50548.85,"{'type': 'life', 'brand': 'LifeSecure'}",4410.62
2424,CUS-4000,POL-990046,23064.41,"{'type': 'auto', 'brand': 'SafeGuard'}",4560.51
2425,CUS-5814,POL-359371,83329.74,"{'type': 'auto ', 'brand': 'SafeGuard'}",191.98
2426,CUS-6165,POL-014176,29658.86,"{'type': 'health', 'brand': 'ProtectPlus'}",1096.8
2427,CUS-4228,POL-356276,76721.1,"{'type': 'health', 'brand': 'ProtectPlus'}",3103.57
2428,CUS-2055,POL-710315,23059.45,"{'type': 'life', 'brand': 'ProtectPlus'}",3675.13
2429,CUS-8665,POL-233649,88167.99,"{'type': 'life', 'brand': 'ProtectPlus'}",1208.71
2430,CUS-1579,POL-379806,64673.91,"{'type': 'life', 'brand': 'ProtectPlus'}",6557.37
2431,CUS-4206,POL-095712,48613.79,"{'type': 'life', 'brand': 'LifeSecure'}",6125.4
2432,CUS-3223,POL-072347,75385.02,"{'type': 'life', 'brand': 'InsureCorp'}",5985.4
2433,CUS-1341,POL-460288,72286.3,"{'type': 'life', 'brand': 'ProtectPlus'}",
2434,CUS-5897,POL-245785,77849.26,"{'type': 'life', 'brand': 'ProtectPlus'}",3125.78
2435,CUS-2822,POL-751773,87730.9,"{'type': 'auto', 'brand': 'InsureCorp'}",6044.53
2436,CUS-1723,POL-709228,58328.19,"{'type': 'auto ', 'brand': 'SafeGuard'}",1560.17
2437,CUS-9029,POL-082532,69638.07,"{'type': 'auto', 'brand': 'SafeGuard'}",735.77
2438,CUS-7957,POL-110160,26222.5,"{'type': 'life', 'brand': 'ProtectPlus'}",4816.71
2439,CUS-5110,POL-897857,45130.36,"{'type': 'home', 'brand': 'SafeGuard'}",7061.0
2440,CUS-3864,POL-941682,22032.28,"{'type': 'auto ', 'brand': 'SafeGuard'}",2005.18
2441,CUS-2776,POL-464098,30603.78,"{'type': 'home', 'brand': 'SafeGuard'}",2943.01
2442,CUS-5607,POL-116370,28116.63,"{'type': 'home', 'brand': 'SafeGuard'}",1016.59
2443,CUS-3498,POL-040546,13857.81,"{'type': 'auto', 'brand': 'SafeGuard'}",3827.75
2444,CUS-7549,POL-648008,83002.74,"{'type': 'life', 'brand': 'InsureCorp'}",5244.3
2445,CUS-9414,POL-460141,29576.22,"{'type': 'life', 'brand': 'LifeSecure'}",4116.64
2446,CUS-5007,POL-852101,25417.79,"{'type': 'home', 'brand': 'InsureCorp'}",2645.64
2447,CUS-6281,POL-546225,12602.36,"{'type': 'life', 'brand': 'ProtectPlus'}",6678.01
2448,CUS-7622,POL-968338,14824.38,"{'type': 'life', 'brand': 'ProtectPlus'}",4933.2
2449,CUS-1925,POL-319238,90052.9,"{'type': 'life', 'brand': 'LifeSecure'}",6305.34
2450,CUS-4751,POL-233947,48737.59,"{'type': 'auto ', 'brand': 'SafeGuard'}",3770.26
2451,CUS-4229,POL-132440,47655.79,"{'type': 'life', 'brand': 'ProtectPlus'}",6503.03
2452,CUS-3738,POL-608351,73078.13,"{'type': 'life', 'brand': 'LifeSecure'}",6896.01
2453,CUS-5322,POL-393642,50460.97,"{'type': 'life', 'brand': 'LifeSecure'}",7116.25
2454,CUS-3726,POL-278460,73904.42,"{'type': 'life', 'brand': 'LifeSecure'}",3638.94
2455,CUS-9467,POL-656462,74862.09,"{'type': 'home', 'brand': 'InsureCorp'}",6722.84
2456,CUS-7213,POL-616343,75299.83,"{'type': 'life', 'brand': 'ProtectPlus'}",2623.2
2457,CUS-1332,POL-218766,18208.76,"{'type': 'life', 'brand': 'LifeSecure'}",3083.1
2458,CUS-2668,POL-533169,78041.7,"{'type': 'home', 'brand': 'SafeGuard'}",1788.61
2459,CUS-6907,POL-781124,81076.07,"{'type': 'life', 'brand': 'ProtectPlus'}",2260.95
2460,CUS-3333,816230,60033.53,"{'type': 'auto ', 'brand': 'SafeGuard'}",461.68
2461,CUS-5965,POL-814923,85698.95,"{'type': 'auto', 'brand': 'InsureCorp'}",2883.79
2462,CUS-2245,POL-152627,59596.97,"{'type': 'health', 'brand': 'ProtectPlus'}",2474.68
2463,CUS-4083,POL-767208,57046.88,"{'type': 'life', 'brand': 'ProtectPlus'}",2198.38
2464,CUS-1353,POL-394573,73821.25,"{'type': 'life', 'brand': 'LifeSecure'}",315.23
2465,CUS-9973,POL-241764,94713.09,"{'type': 'health', 'brand': 'InsureCorp'}",5871.47
2466,CUS-3362,POL-298283,59732.76,"{'type': 'home', 'brand': 'SafeGuard'}",5718.45
2467,CUS-6724,POL-083296,49835.04,"{'type': 'life', 'brand': 'InsureCorp'}",
2468,CUS-9301,POL-388343,30523.88,"{'type': 'health', 'brand': 'InsureCorp'}",4617.47
2469,CUS-2824,POL-887517,70089.15,"{'type': None, 'brand': 'LifeSecure'}",
2470,CUS-1417,POL-179188,45477.53,"{'type': 'home', 'brand': 'SafeGuard'}",6771.35
2471,CUS-2157,POL-280199,86877.45,"{'type': 'health', 'brand': 'ProtectPlus'}",4923.47
2472,CUS-9665,POL-867740,50083.69,"{'type': 'life', 'brand': 'LifeSecure'}",2828.51
2473,CUS-6220,POL-915560,26418.91,"{'type': 'health', 'brand': 'ProtectPlus'}",284.96
2474,CUS-1637,POL-309978,19383.8,"{'type': 'life', 'brand': 'InsureCorp'}",3085.08
2475,CUS-4777,POL-586766,86830.48,"{'type': 'health', 'brand': 'InsureCorp'}",7375.33
2476,CUS-1308,POL-877949,83100.36,"{'type': 'health', 'brand': 'ProtectPlus'}",3216.98
2477,CUS-7692,POL-422894,10082.72,"{'type': 'life', 'brand': 'ProtectPlus'}",3715.27
2478,CUS-7776,POL-153329,10050.66,"{'type': 'auto ', 'brand': 'SafeGuard'}",1371.62
2479,CUS-5811,POL-059067,58098.5,"{'type': 'home', 'brand': 'InsureCorp'}",2455.65
2480,CUS-7873,POL-509240,40681.77,"{'type': 'life', 'brand': 'ProtectPlus'}",495.93
2481,CUS-9416,POL-517208,36255.22,"{'type': 'auto', 'brand': 'InsureCorp'}",3815.8
2482,CUS-9018,POL-230022,77877.44,"{'type': 'life', 'brand': 'LifeSecure'}",7239.13
2483,CUS-1425,POL-354492,66776.76,"{'type': 'home', 'brand': 'InsureCorp'}",1417.84
2484,CUS-5475,POL-127267,45370.72,"{'type': 'life', 'brand': 'LifeSecure'}",560.04
2485,CUS-4217,POL-579982,22483.74,"{'type': 'auto', 'brand': 'InsureCorp'}",1883.23
2486,CUS-2010,POL-341504,97557.31,"{'type': 'life', 'brand': 'LifeSecure'}",3893.91
2487,CUS-4341,POL-999379,15330.82,"{'type': 'auto ', 'brand': 'SafeGuard'}",1101.44
2488,CUS-4708,POL-542316,61854.04,"{'type': 'life', 'brand': 'LifeSecure'}",7341.29
2489,CUS-9261,POL-241698,52534.94,"{'type': 'life', 'brand': 'LifeSecure'}",5640.69
2490,CUS-1994,POL-916311,62289.91,"{'type': 'life', 'brand': 'ProtectPlus'}",3005.33
2491,CUS-7948,POL-402860,47348.09,"{'type': 'life', 'brand': 'LifeSecure'}",2475.94
2492,CUS-5879,POL-683382,35193.59,"{'type': 'life', 'brand': 'LifeSecure'}",348.96
2493,CUS-2163,POL-189292,91009.05,"{'type': 'auto', 'brand': 'SafeGuard'}",2527.41
2494,CUS-3069,POL-005235,98420.52,"{'type': 'life', 'brand': 'ProtectPlus'}",4026.74
2495,CUS-8019,POL-378743,85563.26,"{'type': 'auto', 'brand': 'InsureCorp'}",6413.89
2496,CUS-7037,POL-902442,77261.55,"{'type': None, 'brand': 'InsureCorp'}",3809.92
2497,CUS-9659,POL-617337,39848.61,"{'type': 'life', 'brand': 'ProtectPlus'}",2389.14
2498,CUS-1515,POL-593729,53718.24,"{'type': 'life', 'brand': 'LifeSecure'}",3848.32
2499,CUS-9636,POL-628773,29240.83,"{'type': 'auto ', 'brand': 'SafeGuard'}",4554.99
2500,CUS-6925,POL-362464,41095.9,"{'type': 'auto', 'brand': 'InsureCorp'}",3010.79
2501,CUS-7368,POL-024437,77374.16,"{'type': 'life', 'brand': 'LifeSecure'}",2215.15
2502,CUS-7073,POL-717527,28879.97,"{'type': 'life', 'brand': 'LifeSecure'}",4770.77
2503,CUS-7879,POL-387971,60431.08,"{'type': 'life', 'brand': 'InsureCorp'}",4512.79
2504,CUS-9627,POL-953003,96932.77,"{'type': 'health', 'brand': 'InsureCorp'}",2737.6
2505,CUS-6591,POL-301609,78619.64,"{'type': 'home', 'brand': 'SafeGuard'}",5999.42
2506,CUS-1851,POL-772774,69716.32,"{'type': 'life', 'brand': 'ProtectPlus'}",1186.67
2507,CUS-5885,POL-566115,49768.05,"{'type': 'health', 'brand': 'ProtectPlus'}",6538.13
2508,CUS-7344,POL-581485,76427.16,"{'type': 'auto ', 'brand': 'SafeGuard'}",6422.31
2509,CUS-3257,POL-060925,68569.96,"{'type': 'life', 'brand': 'LifeSecure'}",6254.74
2510,CUS-5715,POL-540769,65231.04,"{'type': 'life', 'brand': 'LifeSecure'}",4419.63
2511,CUS-4311,POL-276182,42448.7,"{'type': 'health', 'brand': 'InsureCorp'}",5593.06
2512,CUS-7469,POL-941828,68371.34,"{'type': 'auto', 'brand': 'SafeGuard'}",4675.38
2513,CUS-7387,POL-948421,90826.22,"{'type': 'auto ', 'brand': 'SafeGuard'}",3686.71
2514,CUS-5646,POL-275137,10220.44,"{'type': 'life', 'brand': 'LifeSecure'}",4788.4
2515,CUS-5000,POL-748094,99091.6,"{'type': 'auto', 'brand': 'SafeGuard'}",7416.25
2516,CUS-2567,POL-219176,64887.99,"{'type': 'auto ', 'brand': 'SafeGuard'}",4845.75
2517,CUS-9201,POL-328973,51908.75,"{'type': 'life', 'brand': 'ProtectPlus'}",1721.35
2518,CUS-8541,POL-615374,79783.24,"{'type': 'life', 'brand': 'LifeSecure'}",6099.44
2519,CUS-3568,POL-066934,77592.25,"{'type': 'life', 'brand': 'LifeSecure'}",1243.09
2520,CUS-7827,POL-570849,13801.93,"{'type': 'life', 'brand': 'LifeSecure'}",374.34
2521,CUS-3646,POL-806704,73925.57,"{'type': 'life', 'brand': 'LifeSecure'}",1756.47
2522,CUS-7584,POL-374615,-2147483649.0,"{'type': 'life', 'brand': 'LifeSecure'}",3882.54
2523,CUS-3377,POL-361521,14459.9,"{'type': 'health', 'brand': 'ProtectPlus'}",1319.98
2524,CUS-7063,POL-821258,69617.17,"{'type': 'home', 'brand': 'SafeGuard'}",6751.64
2525,CUS-4014,POL-211870,66603.94,"{'type': 'health', 'brand': 'InsureCorp'}",1918.7
2526,CUS-2450,POL-217201,10336.05,"{'type': 'auto', 'brand': 'SafeGuard'}",5812.37
2527,CUS-3658,POL-267400,56056.57,"{'type': 'life', 'brand': 'LifeSecure'}",5607.87
2528,CUS-7373,POL-174348,87940.5,"{'type': None, 'brand': 'LifeSecure'}",6582.8
2529,CUS-5413,POL-487256,83888.79,"{'type': 'health', 'brand': 'InsureCorp'}",5357.9
2530,CUS-6509,POL-135418,11431.73,"{'type': 'home', 'brand': 'SafeGuard'}",1263.89
2531,CUS-1770,POL-110627,47694.74,"{'type': 'health', 'brand': 'ProtectPlus'}",658.7
2532,CUS-4311,POL-104518,63774.69,"{'type': 'home', 'brand': 'InsureCorp'}",7076.72
2533,CUS-3996,POL-391009,77045.31,"{'type': 'home', 'brand': 'SafeGuard'}",5520.93
2534,CUS-7785,POL-687566,51439.52,"{'type': 'auto', 'brand': 'SafeGuard'}",5898.86
2535,CUS-9475,POL-408989,44285.02,"{'type': 'auto', 'brand': 'InsureCorp'}",3899.11
2536,CUS-4858,POL-052415,16668.74,"{'type': 'home', 'brand': 'SafeGuard'}",5926.79
2537,CUS-3346,POL-890215,18252.47,"{'type': 'auto ', 'brand': 'SafeGuard'}",2945.65
2538,CUS-5556,POL-036990,98772.81,"{'type': 'life', 'brand': 'LifeSecure'}",2813.27
2539,CUS-5481,POL-255088,84219.35,"{'type': 'home', 'brand': 'SafeGuard'}",1706.59
2540,CUS-9209,POL-887647,64336.8,"{'type': 'life', 'brand': 'ProtectPlus'}",4429.5
2541,CUS-9169,POL-521357,76745.76,"{'type': 'home', 'brand': 'InsureCorp'}",5542.69
2542,CUS-6061,POL-475658,71892.88,"{'type': 'life', 'brand': 'LifeSecure'}",5634.07
2543,CUS-6903,POL-700404,89906.9,"{'type': 'life', 'brand': 'InsureCorp'}",2287.48
2544,CUS-4009,POL-863916,75123.49,"{'type': None, 'brand': 'ProtectPlus'}",4830.74
2545,CUS-5525,POL-746865,38867.26,"{'type': 'auto', 'brand': 'InsureCorp'}",1256.63
2546,CUS-9255,POL-317580,59967.47,"{'type': 'health', 'brand': 'ProtectPlus'}",163.38
2547,CUS-7828,POL-783931,15575.18,"{'type': 'life', 'brand': 'LifeSecure'}",4537.48
2548,CUS-5744,POL-070854,92077.56,"{'type': 'auto', 'brand': 'InsureCorp'}",3455.29
2549,CUS-4643,POL-344822,75199.91,"{'type': 'life', 'brand': 'LifeSecure'}",718.54
2550,CUS-8991,POL-714779,74113.55,"{'type': 'auto ', 'brand': 'SafeGuard'}",5730.88
2551,CUS-5920,POL-406354,15216.39,"{'type': None, 'brand': 'LifeSecure'}",3837.2
2552,CUS-7284,POL-141111,53216.88,"{'type': 'life', 'brand': 'LifeSecure'}",792.0
2553,CUS-3889,POL-959634,82743.47,"{'type': 'home', 'brand': 'SafeGuard'}",6307.85
2554,CUS-1727,POL-985660,38961.85,"{'type': None, 'brand': 'LifeSecure'}",6640.75
2555,CUS-2564,POL-460038,94825.26,"{'type': 'health', 'brand': 'InsureCorp'}",1447.42
2556,CUS-5257,POL-579479,80845.76,"{'type': 'life', 'brand': 'InsureCorp'}",5859.74
2557,CUS-8011,403295,29164.71,"{'type': 'life', 'brand': 'LifeSecure'}",3815.91
2558,CUS-6547,POL-076604,61726.74,"{'type': 'life', 'brand': 'InsureCorp'}",6392.37
2559,CUS-4737,POL-961117,65627.17,"{'type': 'life', 'brand': 'LifeSecure'}",1039.16
2560,CUS-3101,POL-453607,45534.02,"{'type': 'health', 'brand': 'ProtectPlus'}",2561.56
2561,CUS-4240,POL-379486,25835.56,"{'type': 'health', 'brand': 'ProtectPlus'}",4160.0
2562,CUS-2719,POL-327370,36100.67,"{'type': 'life', 'brand': 'ProtectPlus'}",
2563,CUS-8769,POL-142884,85208.07,"{'type': 'life', 'brand': 'InsureCorp'}",2455.03
2564,CUS-9610,POL-083033,40380.65,"{'type': 'auto', 'brand': 'InsureCorp'}",5680.24
2565,CUS-2616,POL-230136,22907.08,"{'type': 'home', 'brand': 'SafeGuard'}",472.92
2566,CUS-6240,POL-119371,67502.86,"{'type': 'auto', 'brand': 'SafeGuard'}",4895.25
2567,CUS-9968,POL-348236,79069.78,"{'type': 'life', 'brand': 'LifeSecure'}",993.27
2568,CUS-6517,POL-672409,75883.55,"{'type': 'home', 'brand': 'SafeGuard'}",5036.8
2569,CUS-7268,POL-508877,63124.55,"{'type': 'health', 'brand': 'ProtectPlus'}",5931.54
2570,CUS-3206,POL-144741,77037.34,"{'type': 'life', 'brand': 'LifeSecure'}",3099.8
2571,CUS-9877,POL-883134,99260.63,"{'type': 'life', 'brand': 'ProtectPlus'}",1929.09
2572,CUS-6713,POL-420967,80030.21,"{'type': 'auto ', 'brand': 'SafeGuard'}",6259.02
2573,CUS-9998,POL-877560,-2147483649.0,"{'type': 'health', 'brand': 'ProtectPlus'}",2188.95
2574,CUS-5026,POL-362419,48899.61,"{'type': 'home', 'brand': 'InsureCorp'}",5568.52
2575,CUS-7575,POL-215645,70328.73,"{'type': 'life', 'brand': 'ProtectPlus'}",6321.75
2576,CUS-6779,POL-465849,29675.49,"{'type': 'home', 'brand': 'SafeGuard'}",3070.98
2577,CUS-7939,POL-582560,33738.53,"{'type': 'auto', 'brand': 'SafeGuard'}",196.67
2578,CUS-6070,POL-484666,46237.85,"{'type': 'auto', 'brand': 'InsureCorp'}",3210.38
2579,CUS-4474,POL-680061,69895.13,"{'type': 'life', 'brand': 'LifeSecure'}",1909.87
2580,CUS-4064,POL-930278,80900.5,"{'type': 'life', 'brand': 'InsureCorp'}",444.46
2581,CUS-9156,POL-845954,43595.13,"{'type': 'auto', 'brand': 'InsureCorp'}",6588.48
2582,CUS-8491,POL-964996,60861.67,"{'type': 'life', 'brand': 'ProtectPlus'}",5368.07
2583,CUS-9734,POL-213259,67795.14,"{'type': 'life', 'brand': 'LifeSecure'}",2752.08
2584,CUS-9273,POL-646628,38714.96,"{'type': 'life', 'brand': 'ProtectPlus'}",2200.3
2585,CUS-6242,POL-154439,28120.08,"{'type': 'home', 'brand': 'SafeGuard'}",1230.24
2586,CUS-2774,POL-163313,97404.84,"{'type': 'life', 'brand': 'LifeSecure'}",3937.58
2587,CUS-7629,POL-966621,55329.71,"{'type': 'life', 'brand': 'InsureCorp'}",3851.08
2588,CUS-7734,POL-292434,81824.55,"{'type': 'health', 'brand': 'ProtectPlus'}",444.72
2589,CUS-9646,POL-987914,97246.55,"{'type': 'auto', 'brand': 'SafeGuard'}",7170.16
2590,CUS-4971,POL-769884,50504.9,"{'type': 'life', 'brand': 'LifeSecure'}",3747.97
2591,CUS-9103,POL-518408,50173.39,"{'type': 'life', 'brand': 'LifeSecure'}",4512.21
2592,CUS-9667,POL-174015,61314.5,"{'type': 'life', 'brand': 'InsureCorp'}",6013.85
2593,CUS-4327,POL-100627,27384.01,"{'type': 'auto', 'brand': 'SafeGuard'}",2402.44
2594,CUS-3984,POL-645093,56640.77,"{'type': 'life', 'brand': 'LifeSecure'}",50000
2595,CUS-1471,POL-689554,32420.05,"{'type': 'life', 'brand': 'ProtectPlus'}",5218.46
2596,CUS-2587,POL-874146,56609.23,"{'type': 'health', 'brand': 'InsureCorp'}",3654.79
2597,CUS-6671,POL-680343,70590.47,"{'type': 'health', 'brand': 'ProtectPlus'}",637.61
2598,CUS-5401,POL-607764,41923.69,"{'type': 'life', 'brand': 'LifeSecure'}",1003.39
2599,CUS-9920,POL-169951,14244.91,"{'type': 'life', 'brand': 'LifeSecure'}",2024.52
2600,CUS-9043,POL-702235,27792.67,"{'type': 'life', 'brand': 'ProtectPlus'}",3679.77
2601,CUS-9374,POL-462376,57595.39,"{'type': 'auto', 'brand': 'SafeGuard'}",3359.87
2602,CUS-8080,POL-771740,73571.37,"{'type': 'home', 'brand': 'SafeGuard'}",1915.82
2603,CUS-6528,POL-510318,70408.74,"{'type': 'life', 'brand': 'LifeSecure'}",7156.01
2604,CUS-7186,POL-460415,35149.95,"{'type': 'life', 'brand': 'LifeSecure'}",487.53
2605,CUS-7159,POL-684689,94044.11,"{'type': 'auto ', 'brand': 'SafeGuard'}",6263.56
2606,CUS-2145,POL-818191,80607.09,"{'type': 'auto', 'brand': 'SafeGuard'}",2120.28
2607,CUS-8155,POL-364446,33649.72,"{'type': 'life', 'brand': 'LifeSecure'}",6528.55
2608,CUS-9201,POL-742044,21793.66,"{'type': 'auto', 'brand': 'SafeGuard'}",5042.72
2609,CUS-5540,POL-884230,23746.13,"{'type': 'life', 'brand': 'LifeSecure'}",4158.8
2610,CUS-6544,POL-926023,78188.34,"{'type': 'life', 'brand': 'LifeSecure'}",3164.37
2611,CUS-8713,POL-843817,54612.65,"{'type': 'home', 'brand': 'InsureCorp'}",3322.63
2612,CUS-7762,POL-167863,10908.71,"{'type': 'auto', 'brand': 'InsureCorp'}",5995.47
2613,CUS-6722,POL-530613,36845.59,"{'type': 'life', 'brand': 'LifeSecure'}",1631.26
2614,CUS-2184,POL-292944,11995.68,"{'type': 'life', 'brand': 'LifeSecure'}",6124.94
2615,CUS-3656,POL-671160,88046.87,"{'type': 'life', 'brand': 'ProtectPlus'}",1771.32
2616,CUS-2779,POL-410765,70285.4,"{'type': 'life', 'brand': 'LifeSecure'}",4180.86
2617,CUS-5217,POL-210730,56559.76,"{'type': 'life', 'brand': 'ProtectPlus'}",4820.02
2618,CUS-4028,POL-836404,17956.04,"{'type': 'health', 'brand': 'ProtectPlus'}",5484.95
2619,CUS-2264,POL-555079,88434.7,"{'type': 'health', 'brand': 'ProtectPlus'}",5373.53
2620,CUS-1321,POL-285039,31378.3,"{'type': 'life', 'brand': 'LifeSecure'}",4520.01
2621,CUS-8616,POL-830868,37547.34,"{'type': 'health', 'brand': 'ProtectPlus'}",1326.52
2622,CUS-1515,POL-256647,69303.39,"{'type': 'auto', 'brand': 'SafeGuard'}",5552.0
2623,CUS-5051,POL-051015,77153.68,"{'type': None, 'brand': 'InsureCorp'}",1016.51
2624,CUS-6627,POL-325095,58643.25,"{'type': 'health', 'brand': 'ProtectPlus'}",948.18
2625,CUS-4521,POL-183432,17827.64,"{'type': 'life', 'brand': 'LifeSecure'}",6620.68
2626,CUS-9977,POL-967514,66307.49,"{'type': 'auto', 'brand': 'InsureCorp'}",4900.27
2627,CUS-6946,POL-690688,10186.04,"{'type': 'home', 'brand': 'SafeGuard'}",2656.39
2628,CUS-2354,POL-492909,45855.66,"{'type': 'life', 'brand': 'LifeSecure'}",619.87
2629,CUS-8971,377597,10674.52,"{'type': 'life', 'brand': 'LifeSecure'}",4061.05
2630,CUS-3940,POL-940398,88466.88,"{'type': 'health', 'brand': 'InsureCorp'}",5288.71
2631,CUS-8270,POL-898676,99614.01,"{'type': 'auto', 'brand': 'SafeGuard'}",377.24
2632,CUS-1591,POL-793374,12690.77,"{'type': 'health', 'brand': 'InsureCorp'}",2655.48
2633,CUS-1572,POL-418033,69120.46,"{'type': 'health', 'brand': 'InsureCorp'}",7244.25
2634,CUS-2426,POL-174388,26300.82,"{'type': 'life', 'brand': 'LifeSecure'}",5845.61
2635,CUS-8909,POL-980826,19402.45,"{'type': 'life', 'brand': 'ProtectPlus'}",50000
2636,CUS-5674,POL-916256,31739.51,"{'type': 'auto', 'brand': 'SafeGuard'}",440.42
2637,CUS-1890,POL-974839,28903.99,"{'type': 'auto', 'brand': 'InsureCorp'}",3410.28
2638,CUS-7787,POL-571844,73101.28,"{'type': 'life', 'brand': 'LifeSecure'}",2538.86
2639,CUS-9663,POL-659257,82879.48,"{'type': 'life', 'brand': 'InsureCorp'}",3922.74
2640,CUS-3089,POL-211211,75640.25,"{'type': 'home', 'brand': 'SafeGuard'}",7219.6
2641,CUS-7512,POL-780960,20509.04,"{'type': 'auto', 'brand': 'InsureCorp'}",4605.87
2642,CUS-5897,POL-859125,18685.27,"{'type': 'auto', 'brand': 'SafeGuard'}",7357.66
2643,CUS-7767,POL-900778,74115.64,"{'type': 'life', 'brand': 'ProtectPlus'}",5916.64
2644,CUS-5137,POL-570195,91058.77,"{'type': 'life', 'brand': 'LifeSecure'}",2261.98
2645,CUS-4670,POL-955198,17924.09,"{'type': 'home', 'brand': 'SafeGuard'}",1152.85
2646,CUS-7579,POL-126790,48671.42,"{'type': 'life', 'brand': 'LifeSecure'}",5566.04
2647,CUS-3919,POL-816591,88176.96,"{'type': 'life', 'brand': 'LifeSecure'}",5668.53
2648,CUS-8823,POL-954250,34246.39,"{'type': 'health', 'brand': 'InsureCorp'}",1266.18
2649,CUS-9181,POL-745661,41549.24,"{'type': 'auto', 'brand': 'SafeGuard'}",3868.45
2650,CUS-5609,POL-729840,91316.21,"{'type': 'home', 'brand': 'InsureCorp'}",5043.15
2651,CUS-8543,POL-748128,77746.29,"{'type': 'auto ', 'brand': 'SafeGuard'}",5968.8
2652,CUS-6391,POL-925197,90869.86,"{'type': 'home', 'brand': 'InsureCorp'}",4082.07
2653,CUS-2840,POL-704519,61310.84,"{'type': 'health', 'brand': 'InsureCorp'}",6311.7
2654,CUS-1940,POL-648397,97524.34,"{'type': 'life', 'brand': 'LifeSecure'}",4654.83
2655,CUS-7248,POL-308510,52227.03,"{'type': 'life', 'brand': 'LifeSecure'}",5516.26
2656,CUS-4340,POL-724137,39177.97,"{'type': 'home', 'brand': 'SafeGuard'}",416.25
2657,CUS-4939,POL-594048,64356.33,"{'type': 'home', 'brand': 'SafeGuard'}",2178.74
2658,CUS-9986,POL-547843,74239.36,"{'type': 'health', 'brand': 'ProtectPlus'}",1624.69
2659,CUS-4274,POL-513608,54790.94,"{'type': 'auto', 'brand': 'SafeGuard'}",890.63
2660,CUS-6762,POL-710297,48996.2,"{'type': 'home', 'brand': 'SafeGuard'}",5779.82
2661,CUS-8775,POL-415067,29327.1,"{'type': 'health', 'brand': 'ProtectPlus'}",5424.3
2662,CUS-1642,POL-647579,94171.25,"{'type': 'auto', 'brand': 'InsureCorp'}",5059.02
2663,CUS-1199,POL-566073,34323.58,"{'type': 'life', 'brand': 'ProtectPlus'}",235.0
2664,CUS-9080,POL-639280,89527.92,"{'type': 'health', 'brand': 'ProtectPlus'}",6781.69
2665,CUS-2427,POL-470064,84222.24,"{'type': 'life', 'brand': 'ProtectPlus'}",6329.45
2666,CUS-7556,POL-793610,10238.07,"{'type': 'life', 'brand': 'LifeSecure'}",5066.96
2667,CUS-2226,POL-206164,35894.28,"{'type': 'life', 'brand': 'LifeSecure'}",5432.44
2668,CUS-8220,POL-092755,27216.72,"{'type': 'life', 'brand': 'ProtectPlus'}",5983.48
2669,CUS-7931,POL-811107,69171.72,"{'type': 'life', 'brand': 'ProtectPlus'}",2706.5
2670,CUS-3984,POL-813993,14151.37,"{'type': 'life', 'brand': 'LifeSecure'}",388.92
2671,CUS-2768,POL-072615,85679.74,"{'type': 'auto ', 'brand': 'SafeGuard'}",5143.63
2672,CUS-7606,POL-718579,43642.97,"{'type': 'life', 'brand': 'InsureCorp'}",6667.74
2673,CUS-6091,POL-446324,14166.47,"{'type': 'life', 'brand': 'ProtectPlus'}",6110.66
2674,CUS-9085,POL-257877,60070.75,"{'type': 'life', 'brand': 'ProtectPlus'}",4887.12
2675,CUS-2616,POL-505412,51509.96,"{'type': 'life', 'brand': 'ProtectPlus'}",4524.6
2676,CUS-9823,POL-285681,10586.14,"{'type': 'home', 'brand': 'SafeGuard'}",7471.56
2677,CUS-7690,POL-896298,64129.06,"{'type': 'health', 'brand': 'ProtectPlus'}",5224.29
2678,CUS-8577,POL-326640,55857.84,"{'type': 'auto ', 'brand': 'SafeGuard'}",2366.0
2679,CUS-2457,POL-146440,12952.88,"{'type': 'home', 'brand': 'SafeGuard'}",7302.82
2680,CUS-7449,POL-756185,20912.02,"{'type': 'life', 'brand': 'LifeSecure'}",4915.35
2681,CUS-9558,POL-958448,26965.72,"{'type': None, 'brand': 'InsureCorp'}",3494.76
2682,CUS-5213,POL-341690,28583.67,"{'type': 'home', 'brand': 'InsureCorp'}",5601.11
2683,CUS-6901,POL-745199,83922.41,"{'type': None, 'brand': 'LifeSecure'}",3508.37
2684,CUS-3330,POL-528809,12808.55,"{'type': 'home', 'brand': 'SafeGuard'}",2630.22
2685,CUS-6939,POL-104809,39373.55,"{'type': 'life', 'brand': 'LifeSecure'}",2301.73
2686,CUS-6802,POL-253179,79639.95,"{'type': 'life', 'brand': 'InsureCorp'}",1975.81
2687,CUS-5427,POL-072899,18675.3,"{'type': 'life', 'brand': 'ProtectPlus'}",5558.87
2688,CUS-8214,POL-765017,60070.13,"{'type': 'auto ', 'brand': 'SafeGuard'}",50000
2689,CUS-5281,POL-154675,92575.38,"{'type': 'life', 'brand': 'ProtectPlus'}",2654.89
2690,CUS-1869,POL-480433,37578.15,"{'type': 'auto', 'brand': 'InsureCorp'}",6712.83
2691,CUS-9540,POL-125291,61844.51,"{'type': 'life', 'brand': 'LifeSecure'}",6190.89
2692,CUS-4673,POL-664865,47676.96,"{'type': 'life', 'brand': 'ProtectPlus'}",2258.3
2693,CUS-4419,POL-282948,74275.82,"{'type': 'auto ', 'brand': 'SafeGuard'}",5766.16
2694,CUS-4230,POL-530771,32096.63,"{'type': 'life', 'brand': 'ProtectPlus'}",4491.59
2695,CUS-8744,POL-190407,12411.65,"{'type': 'life', 'brand': 'ProtectPlus'}",191.51
2696,CUS-9747,POL-670910,72237.17,"{'type': 'home', 'brand': 'SafeGuard'}",582.62
2697,CUS-6315,POL-754736,66808.22,"{'type': 'auto', 'brand': 'InsureCorp'}",5264.45
2698,CUS-5148,POL-983740,80732.8,"{'type': 'life', 'brand': 'ProtectPlus'}",5455.93
2699,CUS-1796,POL-616104,60445.77,"{'type': 'life', 'brand': 'LifeSecure'}",4321.72
2700,CUS-9123,POL-160459,99789.93,"{'type': 'home', 'brand': 'InsureCorp'}",4441.32
2701,CUS-6989,POL-401181,11953.79,"{'type': 'auto ', 'brand': 'SafeGuard'}",2263.67
2702,CUS-7441,POL-451451,92492.7,"{'type': 'life', 'brand': 'LifeSecure'}",1160.33
2703,CUS-4966,POL-254407,67894.88,"{'type': 'life', 'brand': 'ProtectPlus'}",690.83
2704,CUS-3924,POL-231264,50018.79,"{'type': 'life', 'brand': 'LifeSecure'}",5154.75
2705,CUS-5157,POL-885505,21572.83,"{'type': 'life', 'brand': 'LifeSecure'}",3411.15
2706,CUS-9924,POL-864996,34952.96,"{'type': 'auto', 'brand': 'InsureCorp'}",5518.64
2707,CUS-8725,POL-967325,76210.48,"{'type': 'life', 'brand': 'ProtectPlus'}",2214.15
2708,CUS-7753,POL-795916,70134.3,"{'type': 'life', 'brand': 'LifeSecure'}",6161.53
2709,CUS-8741,POL-146190,72050.23,"{'type': 'life', 'brand': 'ProtectPlus'}",1610.65
2710,CUS-9969,POL-509558,86968.88,"{'type': 'life', 'brand': 'InsureCorp'}",7116.76
2711,CUS-5242,POL-771530,51200.61,"{'type': 'home', 'brand': 'InsureCorp'}",3956.34
2712,CUS-4559,POL-769580,32319.6,"{'type': 'life', 'brand': 'LifeSecure'}",2107.92
2713,CUS-1725,POL-387235,36363.24,"{'type': 'life', 'brand': 'ProtectPlus'}",6351.01
2714,CUS-6231,POL-790676,91135.75,"{'type': 'health', 'brand': 'InsureCorp'}",2657.05
2715,CUS-7176,POL-795104,24954.84,"{'type': 'life', 'brand': 'LifeSecure'}",5908.82
2716,CUS-3175,POL-996191,50850.48,"{'type': 'home', 'brand': 'SafeGuard'}",7076.89
2717,CUS-1989,POL-762868,41681.12,"{'type': 'life', 'brand': 'InsureCorp'}",194.23
2718,CUS-2074,POL-865764,23644.37,"{'type': 'health', 'brand': 'ProtectPlus'}",5923.76
2719,CUS-1471,POL-381790,78780.79,"{'type': 'health', 'brand': 'ProtectPlus'}",1627.29
2720,CUS-1778,POL-128042,22568.97,"{'type': 'health', 'brand': 'ProtectPlus'}",5734.19
2721,CUS-4432,POL-070686,94780.24,"{'type': 'life', 'brand': 'InsureCorp'}",4382.5
2722,CUS-5106,POL-613058,96382.99,"{'type': 'life', 'brand': 'ProtectPlus'}",6903.8
2723,CUS-7031,POL-043876,16340.36,"{'type': 'life', 'brand': 'ProtectPlus'}",3256.71
2724,CUS-4157,POL-836586,81383.75,"{'type': 'health', 'brand': 'ProtectPlus'}",1679.47
2725,CUS-4959,POL-654773,16913.21,"{'type': 'auto', 'brand': 'InsureCorp'}",1177.17
2726,CUS-4028,POL-110022,90364.02,"{'type': 'home', 'brand': 'InsureCorp'}",2625.99
2727,CUS-1446,POL-245188,39734.86,"{'type': 'life', 'brand': 'LifeSecure'}",4633.12
2728,CUS-8322,POL-792262,82969.04,"{'type': 'home', 'brand': 'SafeGuard'}",745.13
2729,CUS-7076,POL-168975,80030.25,"{'type': 'health', 'brand': 'InsureCorp'}",2441.78
2730,CUS-4219,POL-005805,21818.88,"{'type': 'auto', 'brand': 'InsureCorp'}",6227.65
2731,CUS-2779,POL-745644,19766.16,"{'type': 'health', 'brand': 'ProtectPlus'}",4655.35
2732,CUS-6842,POL-708612,65441.3,"{'type': 'life', 'brand': 'LifeSecure'}",4315.8
2733,CUS-2304,POL-804253,16101.48,"{'type': 'health', 'brand': 'ProtectPlus'}",2297.05
2734,CUS-3803,POL-737683,80657.37,"{'type': 'auto', 'brand': 'SafeGuard'}",6707.97
2735,CUS-9481,POL-806937,54936.71,"{'type': 'home', 'brand': 'SafeGuard'}",1440.52
2736,CUS-6074,POL-120407,14319.1,"{'type': 'auto', 'brand': 'SafeGuard'}",1627.57
2737,CUS-3199,POL-193268,91412.89,"{'type': 'home', 'brand': 'InsureCorp'}",4352.57
2738,CUS-6218,POL-771063,-2147483649.0,"{'type': 'health', 'brand': 'InsureCorp'}",2518.21
2739,CUS-5852,POL-563487,43934.27,"{'type': 'home', 'brand': 'InsureCorp'}",2567.89
2740,CUS-9231,POL-587501,30732.44,"{'type': 'home', 'brand': 'InsureCorp'}",6408.37
2741,CUS-3377,POL-101086,84366.66,"{'type': 'home', 'brand': 'SafeGuard'}",3777.31
2742,CUS-7106,POL-048387,85661.02,"{'type': 'life', 'brand': 'LifeSecure'}",3330.71
2743,CUS-8484,POL-316224,30365.78,"{'type': 'health', 'brand': 'InsureCorp'}",3747.25
2744,CUS-5725,POL-627916,12085.42,"{'type': 'life', 'brand': 'LifeSecure'}",3914.01
2745,CUS-9528,POL-335926,31705.05,"{'type': 'life', 'brand': 'LifeSecure'}",6803.16
2746,CUS-7672,POL-531273,65198.82,"{'type': 'home', 'brand': 'SafeGuard'}",2235.86
2747,CUS-3544,POL-326932,23726.2,"{'type': 'life', 'brand': 'ProtectPlus'}",6281.81
2748,CUS-7566,POL-723139,66011.01,"{'type': 'auto', 'brand': 'SafeGuard'}",50000
2749,CUS-8268,POL-499327,90879.2,"{'type': 'life', 'brand': 'LifeSecure'}",689.67
2750,CUS-5065,POL-541394,50765.68,"{'type': 'auto ', 'brand': 'SafeGuard'}",3544.38
2751,CUS-5399,POL-997298,15612.09,"{'type': 'health', 'brand': 'InsureCorp'}",4819.26
2752,CUS-6560,POL-866050,68453.68,"{'type': 'life', 'brand': 'LifeSecure'}",1675.88
2753,CUS-8830,POL-832403,93852.23,"{'type': 'auto', 'brand': 'SafeGuard'}",3552.77
2754,CUS-2341,POL-955421,93095.16,"{'type': 'life', 'brand': 'LifeSecure'}",6952.54
2755,CUS-9822,POL-608234,76941.0,"{'type': 'life', 'brand': 'LifeSecure'}",5729.73
2756,CUS-2447,POL-321337,26148.48,"{'type': 'health', 'brand': 'ProtectPlus'}",3048.95
2757,CUS-5427,POL-009821,63819.17,"{'type': 'auto', 'brand': 'InsureCorp'}",3739.19
2758,CUS-2025,POL-467201,84426.39,"{'type': 'life', 'brand': 'ProtectPlus'}",1738.69
2759,CUS-6479,POL-521438,73843.98,"{'type': 'auto ', 'brand': 'SafeGuard'}",6172.9
2760,CUS-9834,POL-874535,67534.2,"{'type': 'life', 'brand': 'ProtectPlus'}",2568.49
2761,CUS-4781,POL-617749,96646.54,"{'type': 'life', 'brand': 'InsureCorp'}",7447.81
2762,CUS-7873,POL-414243,21865.31,"{'type': 'life', 'brand': 'ProtectPlus'}",2511.51
2763,CUS-7974,POL-503627,59797.87,"{'type': 'auto', 'brand': 'SafeGuard'}",668.68
2764,CUS-9029,POL-593955,55919.69,"{'type': 'life', 'brand': 'LifeSecure'}",50000
2765,CUS-5827,POL-776166,31915.62,"{'type': 'home', 'brand': 'InsureCorp'}",4822.77
2766,CUS-2121,POL-398156,25866.14,"{'type': 'auto ', 'brand': 'SafeGuard'}",739.71
2767,CUS-5897,POL-486643,34797.43,"{'type': 'auto', 'brand': 'SafeGuard'}",1437.09
2768,CUS-1638,POL-795956,83346.92,"{'type': 'home', 'brand': 'SafeGuard'}",3781.33
2769,CUS-2309,POL-804524,11899.25,"{'type': 'home', 'brand': 'InsureCorp'}",6222.96
2770,CUS-3068,POL-446908,56383.73,"{'type': 'life', 'brand': 'LifeSecure'}",5225.02
2771,CUS-9956,POL-665074,24634.07,"{'type': 'life', 'brand': 'LifeSecure'}",3937.29
2772,CUS-3605,POL-355982,68219.48,"{'type': 'home', 'brand': 'SafeGuard'}",5048.9
2773,CUS-8378,POL-259502,47064.81,"{'type': 'auto', 'brand': 'InsureCorp'}",3367.23
2774,CUS-1077,POL-506907,22587.84,"{'type': 'life', 'brand': 'LifeSecure'}",811.4
2775,CUS-1422,POL-200223,44236.05,"{'type': 'life', 'brand': 'LifeSecure'}",6981.74
2776,CUS-4514,POL-931232,24181.48,"{'type': 'life', 'brand': 'LifeSecure'}",250.42
2777,CUS-5130,POL-048938,65410.77,"{'type': 'home', 'brand': 'SafeGuard'}",1842.96
2778,CUS-3907,POL-386875,77259.08,"{'type': 'life', 'brand': 'LifeSecure'}",2162.35
2779,CUS-1713,POL-431820,13685.23,"{'type': 'life', 'brand': 'ProtectPlus'}",5580.64
2780,CUS-5398,POL-940525,54057.06,"{'type': 'health', 'brand': 'InsureCorp'}",7298.17
2781,CUS-9367,POL-170769,82963.74,"{'type': 'health', 'brand': 'ProtectPlus'}",6369.75
2782,CUS-7571,POL-953364,87239.42,"{'type': 'auto', 'brand': 'SafeGuard'}",4503.02
2783,CUS-8802,POL-491983,80643.31,"{'type': 'life', 'brand': 'LifeSecure'}",4790.83
2784,CUS-1993,POL-101100,75594.46,"{'type': 'auto ', 'brand': 'SafeGuard'}",6263.16
2785,CUS-8270,POL-807181,73910.12,"{'type': 'auto', 'brand': 'SafeGuard'}",6119.66
2786,CUS-6805,POL-872365,98624.86,"{'type': 'health', 'brand': 'ProtectPlus'}",7443.91
2787,CUS-1154,POL-921138,12992.05,"{'type': 'home', 'brand': 'SafeGuard'}",4010.08
2788,CUS-7778,POL-419723,48418.52,"{'type': 'life', 'brand': 'ProtectPlus'}",1403.31
2789,CUS-2264,POL-777731,39647.65,"{'type': 'auto', 'brand': 'InsureCorp'}",5435.06
2790,CUS-6228,POL-861800,50694.66,"{'type': 'auto', 'brand': 'SafeGuard'}",5919.67
2791,CUS-1264,POL-988613,22046.89,"{'type': 'health', 'brand': 'InsureCorp'}",3121.24
2792,CUS-2905,POL-461001,30850.26,"{'type': 'life', 'brand': 'LifeSecure'}",
2793,CUS-7919,POL-687583,49497.46,"{'type': 'life', 'brand': 'LifeSecure'}",5682.92
2794,CUS-1616,POL-232878,29751.96,"{'type': 'health', 'brand': 'ProtectPlus'}",1564.68
2795,CUS-1764,POL-891218,32979.65,"{'type': 'home', 'brand': 'InsureCorp'}",1939.56
2796,CUS-5906,POL-977151,32140.15,"{'type': 'health', 'brand': 'InsureCorp'}",5720.99
2797,CUS-8723,POL-770207,48831.39,"{'type': 'health', 'brand': 'ProtectPlus'}",7139.27
2798,CUS-4259,POL-197733,46850.29,"{'type': 'home', 'brand': 'SafeGuard'}",5753.47
2799,CUS-4523,POL-214194,84101.33,"{'type': None, 'brand': 'InsureCorp'}",3547.81
2800,CUS-9167,POL-582268,21045.86,"{'type': 'auto', 'brand': 'InsureCorp'}",1473.29
2801,CUS-7964,POL-706518,31348.12,"{'type': 'auto', 'brand': 'SafeGuard'}",1197.87
2802,CUS-5674,POL-816809,70569.45,"{'type': 'health', 'brand': 'ProtectPlus'}",345.08
2803,CUS-8179,POL-532192,40674.49,"{'type': 'life', 'brand': 'LifeSecure'}",5641.57
2804,CUS-5322,POL-859514,46254.39,"{'type': 'life', 'brand': 'LifeSecure'}",815.92
2805,CUS-1318,POL-371581,15895.15,"{'type': None, 'brand': 'LifeSecure'}",5961.08
2806,CUS-5463,POL-813932,24848.69,"{'type': 'life', 'brand': 'InsureCorp'}",6231.47
2807,CUS-7428,POL-035032,57912.7,"{'type': 'auto', 'brand': 'SafeGuard'}",5395.76
2808,CUS-2564,POL-900375,16808.24,"{'type': 'life', 'brand': 'ProtectPlus'}",2826.03
2809,CUS-7776,POL-172885,49455.47,"{'type': 'home', 'brand': 'InsureCorp'}",5658.76
2810,CUS-7340,POL-970796,21825.1,"{'type': 'life', 'brand': 'LifeSecure'}",2990.35
2811,CUS-8461,POL-203584,43022.99,"{'type': 'life', 'brand': 'ProtectPlus'}",6550.98
2812,CUS-6779,315402,97978.85,"{'type': 'auto', 'brand': 'SafeGuard'}",3856.34
2813,CUS-7851,POL-128811,68589.81,"{'type': 'life', 'brand': 'ProtectPlus'}",6655.64
2814,CUS-4060,POL-239349,39034.62,"{'type': 'health', 'brand': 'InsureCorp'}",4137.18
2815,CUS-1552,POL-621047,68313.97,"{'type': 'life', 'brand': 'LifeSecure'}",7494.28
2816,CUS-1122,POL-950403,85576.66,"{'type': 'life', 'brand': 'LifeSecure'}",709.21
2817,CUS-6187,099346,65687.5,"{'type': 'life', 'brand': 'LifeSecure'}",2820.32
2818,CUS-5350,POL-567211,98228.03,"{'type': 'health', 'brand': 'InsureCorp'}",4924.1
2819,CUS-3117,POL-915367,33137.1,"{'type': 'life', 'brand': 'LifeSecure'}",3234.44
2820,CUS-1001,POL-962457,48467.94,"{'type': 'health', 'brand': 'ProtectPlus'}",386.24
2821,CUS-5088,POL-969154,27800.41,"{'type': 'life', 'brand': 'ProtectPlus'}",5380.93
2822,CUS-1325,POL-014605,40395.49,"{'type': None, 'brand': 'LifeSecure'}",786.35
2823,CUS-5531,POL-014220,79333.08,"{'type': 'life', 'brand': 'LifeSecure'}",6275.91
2824,CUS-7292,POL-590463,87664.88,"{'type': 'auto ', 'brand': 'SafeGuard'}",1835.82
2825,CUS-4031,POL-587443,58059.89,"{'type': 'auto', 'brand': 'SafeGuard'}",6833.62
2826,CUS-4794,POL-386411,45785.46,"{'type': 'home', 'brand': 'SafeGuard'}",3614.57
2827,CUS-4058,POL-618273,93258.01,"{'type': 'life', 'brand': 'LifeSecure'}",3722.95
2828,CUS-3608,POL-207266,35330.49,"{'type': 'health', 'brand': 'InsureCorp'}",3878.79
2829,CUS-6396,POL-426244,-2147483649.0,"{'type': 'health', 'brand': 'ProtectPlus'}",1757.3
2830,CUS-2375,POL-865686,90373.11,"{'type': 'life', 'brand': 'LifeSecure'}",4834.57
2831,CUS-5463,POL-060508,52423.25,"{'type': 'home', 'brand': 'InsureCorp'}",2713.04
2832,CUS-9948,POL-097686,28111.33,"{'type': 'life', 'brand': 'ProtectPlus'}",1618.16
2833,CUS-8664,POL-964319,65493.55,"{'type': 'auto', 'brand': 'InsureCorp'}",3903.49
2834,CUS-9896,POL-506220,22135.19,"{'type': 'auto ', 'brand': 'SafeGuard'}",3959.97
2835,CUS-4198,POL-875128,29685.88,"{'type': 'life', 'brand': 'LifeSecure'}",2547.87
2836,CUS-8353,POL-238803,95997.49,"{'type': 'home', 'brand': 'SafeGuard'}",1985.17
2837,CUS-6071,POL-009347,54457.28,"{'type': 'life', 'brand': 'LifeSecure'}",5547.23
2838,CUS-1899,POL-087562,40715.79,"{'type': 'life', 'brand': 'LifeSecure'}",3182.32
2839,CUS-6738,POL-852470,26606.3,"{'type': 'life', 'brand': 'LifeSecure'}",1607.13
2840,CUS-4240,POL-118327,22245.02,"{'type': 'auto', 'brand': 'SafeGuard'}",3906.76
2841,CUS-1807,POL-017311,76717.15,"{'type': 'life', 'brand': 'LifeSecure'}",3738.27
2842,CUS-2910,POL-773069,34422.3,"{'type': 'home', 'brand': 'SafeGuard'}",4467.99
2843,CUS-1088,POL-745704,23100.53,"{'type': 'life', 'brand': 'ProtectPlus'}",627.64
2844,CUS-3015,POL-724375,45263.09,"{'type': 'health', 'brand': 'ProtectPlus'}",2638.49
2845,CUS-7826,POL-389957,63810.23,"{'type': 'health', 'brand': 'ProtectPlus'}",6683.09
2846,CUS-6894,POL-974107,33190.43,"{'type': 'life', 'brand': 'InsureCorp'}",842.44
2847,CUS-9815,POL-585035,49823.55,"{'type': 'auto', 'brand': 'InsureCorp'}",4055.91
2848,CUS-6364,POL-321474,62694.75,"{'type': 'life', 'brand': 'LifeSecure'}",1317.43
2849,CUS-4200,POL-939839,77249.72,"{'type': 'life', 'brand': 'LifeSecure'}",6404.46
2850,CUS-8372,POL-458172,20070.06,"{'type': 'life', 'brand': 'LifeSecure'}",359.69
2851,CUS-4489,POL-505397,22454.47,"{'type': 'auto', 'brand': 'SafeGuard'}",5171.19
2852,CUS-8243,POL-623489,13384.35,"{'type': 'auto', 'brand': 'InsureCorp'}",2876.4
2853,CUS-5239,POL-580406,63775.68,"{'type': 'life', 'brand': 'LifeSecure'}",4390.24
2854,CUS-8170,POL-417683,78283.68,"{'type': 'home', 'brand': 'SafeGuard'}",595.58
2855,CUS-6798,POL-736386,46352.88,"{'type': 'home', 'brand': 'SafeGuard'}",609.91
2856,CUS-1574,POL-386062,14065.68,"{'type': 'auto', 'brand': 'SafeGuard'}",4580.41
2857,CUS-1629,POL-754132,17345.86,"{'type': 'life', 'brand': 'LifeSecure'}",4266.16
2858,CUS-9205,POL-445717,46878.69,"{'type': 'auto', 'brand': 'InsureCorp'}",4587.54
2859,CUS-5782,POL-530803,81296.04,"{'type': 'home', 'brand': 'InsureCorp'}",5567.71
2860,CUS-9127,POL-363761,12917.1,"{'type': 'auto', 'brand': 'InsureCorp'}",5674.21
2861,CUS-2111,POL-392745,69538.06,"{'type': 'life', 'brand': 'LifeSecure'}",2394.82
2862,CUS-2277,POL-404893,45483.58,"{'type': 'home', 'brand': 'InsureCorp'}",5728.78
2863,CUS-6677,POL-003428,37479.94,"{'type': 'auto', 'brand': 'SafeGuard'}",4794.43
2864,CUS-2426,POL-665546,42437.49,"{'type': 'life', 'brand': 'InsureCorp'}",2101.06
2865,CUS-6229,POL-382663,71169.01,"{'type': 'home', 'brand': 'SafeGuard'}",5698.38
2866,CUS-1088,POL-574544,39229.25,"{'type': 'life', 'brand': 'LifeSecure'}",5942.4
2867,CUS-2748,POL-161730,21024.19,"{'type': 'home', 'brand': 'SafeGuard'}",2703.82
2868,CUS-4226,POL-351789,64604.84,"{'type': 'home', 'brand': 'InsureCorp'}",5160.6
2869,CUS-1818,POL-362416,23561.96,"{'type': 'life', 'brand': 'LifeSecure'}",351.21
2870,CUS-2468,POL-505687,96251.59,"{'type': 'home', 'brand': 'InsureCorp'}",1659.89
2871,CUS-8603,POL-194003,68608.79,"{'type': 'health', 'brand': 'ProtectPlus'}",5174.39
2872,CUS-8495,POL-035958,13173.75,"{'type': 'life', 'brand': 'LifeSecure'}",
2873,CUS-7121,POL-178825,58368.36,"{'type': 'auto ', 'brand': 'SafeGuard'}",1140.46
2874,CUS-6213,POL-380817,15401.96,"{'type': 'auto', 'brand': 'SafeGuard'}",3024.64
2875,CUS-1658,514494,52339.46,"{'type': 'auto', 'brand': 'SafeGuard'}",1678.35
2876,CUS-9381,POL-412042,76807.35,"{'type': 'auto', 'brand': 'SafeGuard'}",2756.31
2877,CUS-1962,POL-113162,40789.78,"{'type': 'health', 'brand': 'ProtectPlus'}",4118.32
2878,CUS-3080,POL-018183,68442.42,"{'type': 'health', 'brand': 'ProtectPlus'}",515.61
2879,CUS-7992,POL-560152,16539.94,"{'type': 'life', 'brand': 'InsureCorp'}",1088.99
2880,CUS-4802,POL-707767,60784.71,"{'type': 'life', 'brand': 'LifeSecure'}",2599.13
2881,CUS-3924,POL-639351,87959.81,"{'type': 'life', 'brand': 'ProtectPlus'}",819.8
2882,CUS-8577,POL-917835,83011.74,"{'type': 'life', 'brand': 'LifeSecure'}",1750.23
2883,CUS-1131,POL-249650,58584.58,"{'type': 'life', 'brand': 'LifeSecure'}",4323.91
2884,CUS-8163,POL-816068,18634.6,"{'type': 'auto', 'brand': 'SafeGuard'}",966.13
2885,CUS-6809,POL-521138,33624.9,"{'type': 'health', 'brand': 'ProtectPlus'}",2453.28
2886,CUS-9024,POL-759241,19020.0,"{'type': 'life', 'brand': 'LifeSecure'}",5624.69
2887,CUS-3763,POL-999772,19748.64,"{'type': 'health', 'brand': 'ProtectPlus'}",5039.52
2888,CUS-6514,POL-039639,68642.32,"{'type': 'auto ', 'brand': 'SafeGuard'}",1516.34
2889,CUS-4533,POL-282070,97530.45,"{'type': 'life', 'brand': 'InsureCorp'}",1891.92
2890,CUS-9623,POL-011496,39556.53,"{'type': None, 'brand': 'InsureCorp'}",2982.1
2891,CUS-2728,POL-478181,38034.03,"{'type': 'auto ', 'brand': 'SafeGuard'}",4576.55
2892,CUS-6224,POL-823386,50917.66,"{'type': None, 'brand': 'ProtectPlus'}",4610.03
2893,CUS-4807,POL-978295,37960.24,"{'type': 'home', 'brand': 'SafeGuard'}",6225.0
2894,CUS-1292,522504,95189.31,"{'type': 'life', 'brand': 'InsureCorp'}",7125.76
2895,CUS-6451,POL-568642,57177.44,"{'type': 'home', 'brand': 'InsureCorp'}",
2896,CUS-8837,POL-357818,15324.13,"{'type': 'life', 'brand': 'LifeSecure'}",904.73
2897,CUS-1899,POL-319193,25298.64,"{'type': 'auto ', 'brand': 'SafeGuard'}",3171.66
2898,CUS-2341,POL-058860,42552.42,"{'type': 'life', 'brand': 'InsureCorp'}",5481.47
2899,CUS-4772,POL-400455,88907.32,"{'type': 'auto', 'brand': 'SafeGuard'}",5870.58
2900,CUS-1399,POL-772671,40291.07,"{'type': 'health', 'brand': 'ProtectPlus'}",530.44
2901,CUS-8483,POL-621206,85513.43,"{'type': 'life', 'brand': 'ProtectPlus'}",3122.3
2902,CUS-9382,POL-498461,70956.63,"{'type': 'auto', 'brand': 'SafeGuard'}",2571.45
2903,CUS-3137,POL-718013,32861.12,"{'type': 'health', 'brand': 'ProtectPlus'}",2196.73
2904,CUS-3779,POL-342382,68610.05,"{'type': None, 'brand': 'LifeSecure'}",3378.31
2905,CUS-7126,POL-184723,43599.15,"{'type': 'auto', 'brand': 'SafeGuard'}",4027.22
2906,CUS-4200,POL-768748,25658.46,"{'type': 'life', 'brand': 'ProtectPlus'}",6131.06
2907,CUS-9948,POL-674039,77832.24,"{'type': 'auto', 'brand': 'SafeGuard'}",4626.9
2908,CUS-6204,POL-544376,84526.14,"{'type': 'home', 'brand': 'SafeGuard'}",3250.33
2909,CUS-2822,POL-840180,46657.8,"{'type': 'home', 'brand': 'InsureCorp'}",
2910,CUS-5106,POL-819598,57780.59,"{'type': 'auto', 'brand': 'SafeGuard'}",2842.8
2911,CUS-8714,POL-843010,99512.55,"{'type': 'auto ', 'brand': 'SafeGuard'}",6330.51
2912,CUS-2304,POL-783308,35891.32,"{'type': 'life', 'brand': 'ProtectPlus'}",4255.44
2913,CUS-9083,POL-983782,16148.91,"{'type': 'auto', 'brand': 'SafeGuard'}",6473.11
2914,CUS-8969,POL-974014,76098.84,"{'type': 'home', 'brand': 'InsureCorp'}",1738.51
2915,CUS-7779,POL-454109,69848.85,"{'type': 'life', 'brand': 'ProtectPlus'}",2425.78
2916,CUS-3655,POL-810665,90554.93,"{'type': 'health', 'brand': 'ProtectPlus'}",6476.91
2917,CUS-8362,124159,80072.23,"{'type': 'auto', 'brand': 'InsureCorp'}",222.21
2918,CUS-8205,POL-481463,30671.17,"{'type': 'health', 'brand': 'ProtectPlus'}",3831.19
2919,CUS-8594,POL-540835,83003.28,"{'type': 'life', 'brand': 'LifeSecure'}",5829.92
2920,CUS-3370,POL-474900,48606.85,"{'type': 'life', 'brand': 'LifeSecure'}",1148.78
2921,CUS-9590,POL-021112,41475.48,"{'type': 'life', 'brand': 'ProtectPlus'}",3958.88
2922,CUS-8623,POL-209128,81722.98,"{'type': 'auto ', 'brand': 'SafeGuard'}",4666.93
2923,CUS-8844,POL-487266,74121.16,"{'type': 'life', 'brand': 'ProtectPlus'}",4158.61
2924,CUS-2961,POL-571310,38932.23,"{'type': 'life', 'brand': 'InsureCorp'}",1300.05
2925,CUS-1022,POL-190355,61708.77,"{'type': 'home', 'brand': 'SafeGuard'}",5384.42
2926,CUS-1616,POL-710933,18938.03,"{'type': 'life', 'brand': 'ProtectPlus'}",725.57
2927,CUS-1170,POL-278856,14678.59,"{'type': 'auto ', 'brand': 'SafeGuard'}",4146.02
2928,CUS-9630,POL-756812,40572.04,"{'type': 'life', 'brand': 'LifeSecure'}",5211.14
2929,CUS-1125,POL-218638,73553.33,"{'type': 'health', 'brand': 'InsureCorp'}",3501.8
2930,CUS-3786,POL-302549,35021.94,"{'type': None, 'brand': 'LifeSecure'}",5844.89
2931,CUS-3062,POL-761074,32121.45,"{'type': 'health', 'brand': 'ProtectPlus'}",230.15
2932,CUS-4070,POL-870054,10508.1,"{'type': 'life', 'brand': 'ProtectPlus'}",4035.11
2933,CUS-5387,POL-392305,34610.08,"{'type': 'home', 'brand': 'SafeGuard'}",5217.78
2934,CUS-1802,POL-151573,81456.74,"{'type': 'home', 'brand': 'InsureCorp'}",4994.44
2935,CUS-6565,POL-214729,57819.13,"{'type': 'life', 'brand': 'ProtectPlus'}",3965.47
2936,CUS-2393,POL-057374,61060.57,"{'type': 'life', 'brand': 'LifeSecure'}",7318.44
2937,CUS-7723,POL-640887,28792.49,"{'type': 'auto', 'brand': 'SafeGuard'}",7234.51
2938,CUS-9031,POL-778469,51017.01,"{'type': 'home', 'brand': 'SafeGuard'}",50000
2939,CUS-6111,POL-692879,55829.34,"{'type': 'health', 'brand': 'InsureCorp'}",4199.92
2940,CUS-8786,POL-441424,72121.22,"{'type': 'life', 'brand': 'LifeSecure'}",7374.94
2941,CUS-5220,POL-811483,53804.18,"{'type': 'life', 'brand': 'LifeSecure'}",4854.42
2942,CUS-6592,POL-468295,50196.3,"{'type': 'life', 'brand': 'LifeSecure'}",6119.63
2943,CUS-2954,POL-367439,-2147483649.0,"{'type': 'life', 'brand': 'LifeSecure'}",4895.69
2944,CUS-3590,POL-445769,92573.57,"{'type': 'health', 'brand': 'ProtectPlus'}",1521.9
2945,CUS-7048,POL-878212,41466.69,"{'type': 'auto ', 'brand': 'SafeGuard'}",3079.68
2946,CUS-6585,POL-424608,93641.82,"{'type': 'life', 'brand': 'LifeSecure'}",5059.05
2947,CUS-1532,POL-680241,16254.52,"{'type': 'life', 'brand': 'LifeSecure'}",2400.31
2948,CUS-6013,POL-716194,36761.17,"{'type': 'life', 'brand': 'ProtectPlus'}",589.63
2949,CUS-7758,POL-460428,42724.52,"{'type': 'auto', 'brand': 'InsureCorp'}",6216.27
2950,CUS-6738,POL-688550,64218.35,"{'type': 'life', 'brand': 'ProtectPlus'}",2092.98
2951,CUS-5657,POL-778083,17563.23,"{'type': 'auto', 'brand': 'SafeGuard'}",7014.74
2952,CUS-1884,POL-434289,38002.65,"{'type': 'health', 'brand': 'ProtectPlus'}",5792.99
2953,CUS-9541,POL-225778,19838.98,"{'type': 'life', 'brand': 'LifeSecure'}",6153.31
2954,CUS-7622,POL-446931,16429.69,"{'type': 'life', 'brand': 'LifeSecure'}",4487.04
2955,CUS-2827,POL-284934,74551.38,"{'type': 'home', 'brand': 'SafeGuard'}",1444.89
2956,CUS-4189,POL-754863,85475.61,"{'type': 'auto', 'brand': 'InsureCorp'}",2555.76
2957,CUS-2653,POL-268063,40208.18,"{'type': 'life', 'brand': 'InsureCorp'}",2803.4
2958,CUS-6323,POL-705897,52281.52,"{'type': 'auto ', 'brand': 'SafeGuard'}",7456.43
2959,CUS-6857,809521,59333.15,"{'type': 'life', 'brand': 'LifeSecure'}",6955.9
2960,CUS-9546,POL-346119,63998.27,"{'type': 'health', 'brand': 'InsureCorp'}",3941.62
2961,CUS-2779,POL-353480,66182.36,"{'type': 'life', 'brand': 'ProtectPlus'}",2790.81
2962,CUS-5176,POL-907708,75995.08,"{'type': None, 'brand': 'LifeSecure'}",6714.81
2963,CUS-6302,POL-367827,20458.95,"{'type': 'life', 'brand': 'LifeSecure'}",2020.05
2964,CUS-5297,POL-994499,80140.18,"{'type': 'life', 'brand': 'InsureCorp'}",926.69
2965,CUS-3991,POL-177058,74111.97,"{'type': 'health', 'brand': 'ProtectPlus'}",2199.4
2966,CUS-4476,POL-706896,39845.34,"{'type': 'life', 'brand': 'ProtectPlus'}",5419.89
2967,CUS-9178,POL-158170,78877.62,"{'type': 'life', 'brand': 'LifeSecure'}",3627.55
2968,CUS-2763,POL-233236,19406.27,"{'type': 'life', 'brand': 'LifeSecure'}",4558.66
2969,CUS-3972,POL-563286,51060.02,"{'type': 'health', 'brand': 'ProtectPlus'}",5493.02
2970,CUS-1508,POL-318476,43049.97,"{'type': 'life', 'brand': 'ProtectPlus'}",1545.99
2971,CUS-6410,POL-306149,46123.42,"{'type': 'life', 'brand': 'ProtectPlus'}",4849.08
2972,CUS-1732,POL-290796,77135.85,"{'type': 'health', 'brand': 'InsureCorp'}",1712.98
2973,CUS-4808,POL-395485,81547.37,"{'type': 'home', 'brand': 'SafeGuard'}",6983.0
2974,CUS-9575,POL-475136,43835.32,"{'type': 'life', 'brand': 'InsureCorp'}",718.09
2975,CUS-4914,POL-627770,24658.26,"{'type': None, 'brand': 'InsureCorp'}",2121.81
2976,CUS-3049,POL-646096,92554.34,"{'type': 'auto', 'brand': 'SafeGuard'}",743.3
2977,CUS-6164,POL-901113,85156.87,"{'type': 'home', 'brand': 'InsureCorp'}",4052.15
2978,CUS-9301,POL-188566,44978.93,"{'type': 'life', 'brand': 'LifeSecure'}",6608.81
2979,CUS-3340,POL-938549,60386.76,"{'type': 'home', 'brand': 'InsureCorp'}",3627.61
2980,CUS-5795,POL-514138,39757.11,"{'type': 'auto', 'brand': 'SafeGuard'}",5682.4
2981,CUS-1493,POL-925469,57823.61,"{'type': None, 'brand': 'LifeSecure'}",6633.22
2982,CUS-7374,POL-170796,68239.56,"{'type': 'health', 'brand': 'ProtectPlus'}",4056.91
2983,CUS-6241,POL-971958,96589.61,"{'type': None, 'brand': 'ProtectPlus'}",846.08
2984,CUS-9964,POL-416084,85567.6,"{'type': 'auto', 'brand': 'InsureCorp'}",4993.51
2985,CUS-4688,POL-475792,81337.16,"{'type': 'life', 'brand': 'LifeSecure'}",5872.39
2986,CUS-3543,POL-389922,63431.19,"{'type': 'health', 'brand': 'InsureCorp'}",5016.34
2987,CUS-1988,POL-928740,56348.5,"{'type': 'auto', 'brand': 'SafeGuard'}",412.68
2988,CUS-9540,POL-587074,52930.08,"{'type': 'home', 'brand': 'SafeGuard'}",
2989,CUS-4504,POL-926128,74222.46,"{'type': 'life', 'brand': 'LifeSecure'}",261.07
2990,CUS-3674,POL-086962,43314.18,"{'type': 'auto', 'brand': 'SafeGuard'}",3407.02
2991,CUS-8775,POL-844036,87009.81,"{'type': 'auto', 'brand': 'SafeGuard'}",2721.65
2992,CUS-9784,POL-055109,17843.93,"{'type': 'auto', 'brand': 'InsureCorp'}",
2993,CUS-5744,POL-509345,17227.28,"{'type': 'life', 'brand': 'LifeSecure'}",222.73
2994,CUS-8513,POL-846813,16203.9,"{'type': 'health', 'brand': 'ProtectPlus'}",4002.35
2995,CUS-9762,POL-662337,83338.45,"{'type': 'life', 'brand': 'LifeSecure'}",730.62
2996,CUS-6061,POL-843132,78766.31,"{'type': 'life', 'brand': 'LifeSecure'}",1835.65
2997,CUS-2711,POL-925641,20514.24,"{'type': 'life', 'brand': 'InsureCorp'}",707.62
2998,CUS-4270,POL-481395,50090.75,"{'type': 'life', 'brand': 'LifeSecure'}",7328.23
2999,CUS-9488,POL-259548,12741.01,"{'type': 'life', 'brand': 'LifeSecure'}",4158.25
3000,CUS-5687,POL-375916,89692.99,"{'type': 'home', 'brand': 'SafeGuard'}",2687.78
3001,CUS-7481,POL-552821,17780.07,"{'type': 'health', 'brand': 'ProtectPlus'}",1959.97
3002,CUS-2465,POL-402374,90872.37,"{'type': 'life', 'brand': 'ProtectPlus'}",6972.64
3003,CUS-3032,POL-374594,10993.61,"{'type': 'auto', 'brand': 'InsureCorp'}",3158.76
3004,CUS-1126,POL-916707,25315.97,"{'type': 'health', 'brand': 'ProtectPlus'}",5737.2
3005,CUS-8267,POL-175923,90090.68,"{'type': None, 'brand': 'ProtectPlus'}",3788.42
3006,CUS-3154,POL-546791,41295.32,"{'type': 'life', 'brand': 'LifeSecure'}",2380.94
3007,CUS-4162,POL-909798,14530.59,"{'type': 'life', 'brand': 'ProtectPlus'}",1013.43
3008,CUS-8562,POL-841087,70197.08,"{'type': 'auto', 'brand': 'SafeGuard'}",7126.24
3009,CUS-6790,POL-903777,25139.36,"{'type': 'health', 'brand': 'InsureCorp'}",1630.39
3010,CUS-3137,POL-820454,82704.94,"{'type': 'life', 'brand': 'ProtectPlus'}",6347.25
3011,CUS-4618,POL-293035,68907.33,"{'type': 'auto', 'brand': 'SafeGuard'}",7185.81
3012,CUS-2157,POL-907317,47210.75,"{'type': 'home', 'brand': 'SafeGuard'}",5525.85
3013,CUS-2347,POL-490132,93518.3,"{'type': 'health', 'brand': 'ProtectPlus'}",7220.73
3014,CUS-7758,POL-703210,93469.35,"{'type': 'health', 'brand': 'InsureCorp'}",6117.66
3015,CUS-6592,POL-890639,35773.88,"{'type': 'life', 'brand': 'ProtectPlus'}",613.35
3016,CUS-4088,POL-650726,80922.97,"{'type': 'health', 'brand': 'InsureCorp'}",1647.46
3017,CUS-4396,POL-397797,56382.62,"{'type': 'auto', 'brand': 'SafeGuard'}",1274.9
3018,CUS-1976,POL-237054,37695.62,"{'type': 'health', 'brand': 'ProtectPlus'}",2423.9
3019,CUS-9023,POL-660418,24973.53,"{'type': 'life', 'brand': 'LifeSecure'}",7021.76
3020,CUS-9024,POL-175168,16483.81,"{'type': 'auto ', 'brand': 'SafeGuard'}",1562.34
3021,CUS-5009,POL-809674,72831.15,"{'type': 'home', 'brand': 'SafeGuard'}",3420.83
3022,CUS-1493,POL-192821,98472.29,"{'type': 'life', 'brand': 'InsureCorp'}",3939.08
3023,CUS-6218,POL-475319,28784.99,"{'type': 'health', 'brand': 'InsureCorp'}",7255.83
3024,CUS-4880,POL-157665,43234.81,"{'type': None, 'brand': 'ProtectPlus'}",2295.13
3025,CUS-4017,POL-059838,21362.19,"{'type': 'life', 'brand': 'LifeSecure'}",2723.95
3026,CUS-9035,POL-793570,62863.87,"{'type': 'life', 'brand': 'ProtectPlus'}",4131.79
3027,CUS-1984,POL-912615,78440.12,"{'type': 'life', 'brand': 'InsureCorp'}",405.25
3028,CUS-5377,POL-190738,12211.52,"{'type': 'home', 'brand': 'SafeGuard'}",5613.74
3029,CUS-7265,POL-499524,63364.35,"{'type': 'auto ', 'brand': 'SafeGuard'}",7309.09
3030,CUS-6577,644828,11666.46,"{'type': 'home', 'brand': 'SafeGuard'}",226.15
3031,CUS-2820,POL-674112,53556.23,"{'type': 'health', 'brand': 'InsureCorp'}",
3032,CUS-7082,POL-345616,65152.69,"{'type': 'life', 'brand': 'LifeSecure'}",1253.48
3033,CUS-7105,POL-623785,48564.37,"{'type': 'health', 'brand': 'ProtectPlus'}",1679.98
3034,CUS-3694,POL-658474,87928.34,"{'type': 'life', 'brand': 'ProtectPlus'}",2019.81
3035,CUS-6457,POL-932194,80320.46,"{'type': 'life', 'brand': 'LifeSecure'}",2420.14
3036,CUS-9303,POL-713437,94237.33,"{'type': 'life', 'brand': 'LifeSecure'}",6189.12
3037,CUS-6722,POL-753068,64047.69,"{'type': 'health', 'brand': 'ProtectPlus'}",2646.87
3038,CUS-6029,POL-492338,32786.83,"{'type': 'life', 'brand': 'LifeSecure'}",2212.57
3039,CUS-6901,POL-874112,73813.4,"{'type': 'health', 'brand': 'InsureCorp'}",2195.64
3040,CUS-1022,POL-363052,10714.35,"{'type': 'life', 'brand': 'LifeSecure'}",1824.67
3041,CUS-6134,POL-232647,27331.15,"{'type': 'life', 'brand': 'LifeSecure'}",7038.32
3042,CUS-2407,POL-939212,62557.89,"{'type': 'auto ', 'brand': 'SafeGuard'}",1677.83
3043,CUS-5315,POL-534411,98784.62,"{'type': 'auto', 'brand': 'InsureCorp'}",
3044,CUS-2822,POL-014843,82136.72,"{'type': 'home', 'brand': 'SafeGuard'}",4075.95
3045,CUS-5236,POL-525160,52108.82,"{'type': 'auto', 'brand': 'InsureCorp'}",3543.17
3046,CUS-1565,POL-023736,38574.86,"{'type': 'life', 'brand': 'LifeSecure'}",
3047,CUS-8119,POL-406876,51487.43,"{'type': 'auto', 'brand': 'SafeGuard'}",1930.31
3048,CUS-1799,POL-877812,67652.07,"{'type': 'life', 'brand': 'LifeSecure'}",5618.57
3049,CUS-8658,POL-776375,62072.99,"{'type': 'life', 'brand': 'LifeSecure'}",1876.56
3050,CUS-6213,POL-289461,54516.61,"{'type': 'health', 'brand': 'InsureCorp'}",451.78
3051,CUS-6872,POL-905406,67943.89,"{'type': 'life', 'brand': 'LifeSecure'}",6420.37
3052,CUS-2780,POL-760236,13298.83,"{'type': 'life', 'brand': 'ProtectPlus'}",3238.93
3053,CUS-9501,POL-907944,88051.23,"{'type': 'health', 'brand': 'ProtectPlus'}",905.07
3054,CUS-7063,POL-943350,38829.81,"{'type': 'home', 'brand': 'SafeGuard'}",3886.43
3055,CUS-2201,POL-575822,82950.15,"{'type': 'life', 'brand': 'LifeSecure'}",3359.27
3056,CUS-4118,POL-114262,48050.92,"{'type': 'auto', 'brand': 'InsureCorp'}",958.37
3057,CUS-5479,POL-919160,63065.99,"{'type': 'life', 'brand': 'LifeSecure'}",2548.21
3058,CUS-4420,POL-918008,27067.37,"{'type': 'auto', 'brand': 'SafeGuard'}",3161.85
3059,CUS-2406,POL-490086,55248.35,"{'type': 'life', 'brand': 'LifeSecure'}",6015.7
3060,CUS-6226,POL-210121,79777.22,"{'type': 'life', 'brand': 'LifeSecure'}",7153.46
3061,CUS-4739,POL-130736,97274.73,"{'type': 'life', 'brand': 'InsureCorp'}",6956.47
3062,CUS-4207,POL-965684,42906.06,"{'type': None, 'brand': 'ProtectPlus'}",2196.3
3063,CUS-4723,307469,42786.93,"{'type': 'home', 'brand': 'SafeGuard'}",2897.99
3064,CUS-1016,POL-909262,42726.8,"{'type': 'health', 'brand': 'ProtectPlus'}",2046.33
3065,CUS-5221,POL-912345,91743.32,"{'type': 'life', 'brand': 'LifeSecure'}",5727.76
3066,CUS-2863,POL-730428,16951.99,"{'type': 'life', 'brand': 'LifeSecure'}",3886.07
3067,CUS-7692,POL-827693,84178.07,"{'type': None, 'brand': 'ProtectPlus'}",803.13
3068,CUS-1946,POL-274652,23660.6,"{'type': 'life', 'brand': 'LifeSecure'}",4489.78
3069,CUS-1306,POL-053195,99574.12,"{'type': 'home', 'brand': 'InsureCorp'}",7426.34
3070,CUS-3668,POL-511829,38416.09,"{'type': 'health', 'brand': 'ProtectPlus'}",1745.63
3071,CUS-2679,POL-835091,10043.55,"{'type': None, 'brand': 'LifeSecure'}",6289.96
3072,CUS-2175,POL-713021,79132.46,"{'type': 'life', 'brand': 'LifeSecure'}",6020.64
3073,CUS-5486,POL-246944,16484.89,"{'type': 'home', 'brand': 'SafeGuard'}",4065.91
3074,CUS-3004,POL-525904,25312.85,"{'type': 'auto', 'brand': 'SafeGuard'}",5283.23
3075,CUS-6376,POL-200072,54902.15,"{'type': 'life', 'brand': 'LifeSecure'}",3302.9
3076,CUS-4634,POL-885418,99740.32,"{'type': None, 'brand': 'LifeSecure'}",543.93
3077,CUS-4878,POL-542601,97423.87,"{'type': 'life', 'brand': 'LifeSecure'}",5306.69
3078,CUS-9948,POL-115357,62318.48,"{'type': 'life', 'brand': 'LifeSecure'}",3233.39
3079,CUS-9966,POL-666949,16189.85,"{'type': 'life', 'brand': 'InsureCorp'}",4952.47
3080,CUS-3736,POL-331110,17150.0,"{'type': 'auto', 'brand': 'InsureCorp'}",1270.78
3081,CUS-6510,POL-077638,58046.55,"{'type': 'health', 'brand': 'ProtectPlus'}",1829.16
3082,CUS-2623,POL-994990,71961.92,"{'type': 'auto ', 'brand': 'SafeGuard'}",3626.0
3083,CUS-2719,POL-503402,23179.19,"{'type': 'home', 'brand': 'InsureCorp'}",4091.14
3084,CUS-3029,POL-392503,71467.38,"{'type': 'life', 'brand': 'LifeSecure'}",6999.09
3085,CUS-5756,POL-938416,93841.71,"{'type': 'home', 'brand': 'SafeGuard'}",2353.36
3086,CUS-6117,POL-944979,54068.35,"{'type': 'life', 'brand': 'LifeSecure'}",2209.55
3087,CUS-5854,POL-289064,64665.88,"{'type': 'health', 'brand': 'ProtectPlus'}",2191.27
3088,CUS-9879,POL-505411,63050.33,"{'type': 'life', 'brand': 'LifeSecure'}",4763.44
3089,CUS-4004,POL-568860,96751.01,"{'type': 'health', 'brand': 'ProtectPlus'}",5055.97
3090,CUS-2409,POL-088827,75960.7,"{'type': 'health', 'brand': 'ProtectPlus'}",5754.64
3091,CUS-5973,POL-021467,97605.46,"{'type': 'auto ', 'brand': 'SafeGuard'}",3210.58
3092,CUS-2957,POL-270219,91815.43,"{'type': 'auto', 'brand': 'SafeGuard'}",5429.97
3093,CUS-2388,POL-151155,12563.55,"{'type': 'home', 'brand': 'SafeGuard'}",2031.69
3094,CUS-4639,POL-629405,19750.05,"{'type': 'home', 'brand': 'SafeGuard'}",6862.72
3095,CUS-8447,POL-094212,46710.31,"{'type': None, 'brand': 'InsureCorp'}",3120.06
3096,CUS-1115,POL-146544,58822.5,"{'type': 'auto', 'brand': 'SafeGuard'}",4686.45
3097,CUS-9715,POL-837208,70108.0,"{'type': 'life', 'brand': 'ProtectPlus'}",6416.62
3098,CUS-8353,POL-633111,91053.67,"{'type': 'life', 'brand': 'LifeSecure'}",6764.31
3099,CUS-1867,POL-125766,34203.07,"{'type': 'auto', 'brand': 'SafeGuard'}",4048.69
3100,CUS-5236,POL-683502,57737.02,"{'type': 'life', 'brand': 'InsureCorp'}",7132.32
3101,CUS-4728,POL-017863,50970.84,"{'type': 'auto', 'brand': 'SafeGuard'}",4029.51
3102,CUS-8286,POL-246681,55027.82,"{'type': 'life', 'brand': 'InsureCorp'}",2194.36
3103,CUS-8359,POL-055458,75935.5,"{'type': 'life', 'brand': 'ProtectPlus'}",829.21
3104,CUS-8193,POL-315655,30121.96,"{'type': 'auto', 'brand': 'SafeGuard'}",5392.64
3105,CUS-5122,POL-452347,79475.36,"{'type': 'life', 'brand': 'LifeSecure'}",3488.13
3106,CUS-1317,POL-502989,80415.33,"{'type': 'auto', 'brand': 'InsureCorp'}",6505.88
3107,CUS-9747,POL-784050,37400.81,"{'type': 'auto', 'brand': 'SafeGuard'}",3042.59
3108,CUS-9603,POL-019967,43762.71,"{'type': 'life', 'brand': 'LifeSecure'}",3256.02
3109,CUS-2275,POL-295014,84742.69,"{'type': 'auto ', 'brand': 'SafeGuard'}",7217.56
3110,CUS-7736,POL-532348,93012.12,"{'type': None, 'brand': 'LifeSecure'}",4897.45
3111,CUS-7289,POL-736584,37038.89,"{'type': 'life', 'brand': 'ProtectPlus'}",7206.19
3112,CUS-3608,POL-003424,26940.18,"{'type': 'auto ', 'brand': 'SafeGuard'}",1207.7
3113,CUS-2653,POL-753352,36130.96,"{'type': 'life', 'brand': 'LifeSecure'}",7064.27
3114,CUS-8019,POL-480720,-2147483649.0,"{'type': 'auto', 'brand': 'InsureCorp'}",6892.29
3115,CUS-5136,POL-832763,99576.95,"{'type': 'life', 'brand': 'LifeSecure'}",6036.39
3116,CUS-8341,POL-188991,14219.54,"{'type': 'auto', 'brand': 'SafeGuard'}",3787.29
3117,CUS-1316,POL-030457,24531.14,"{'type': 'auto', 'brand': 'SafeGuard'}",4407.66
3118,CUS-2446,POL-861817,90319.06,"{'type': 'life', 'brand': 'ProtectPlus'}",6098.94
3119,CUS-7653,POL-322546,63745.78,"{'type': 'life', 'brand': 'LifeSecure'}",966.48
3120,CUS-5879,POL-332112,46176.5,"{'type': 'auto', 'brand': 'InsureCorp'}",2281.32
3121,CUS-7689,POL-249227,50787.83,"{'type': 'health', 'brand': 'ProtectPlus'}",6268.92
3122,CUS-9560,POL-593513,69098.47,"{'type': 'life', 'brand': 'ProtectPlus'}",6258.15
3123,CUS-2348,POL-269887,75700.27,"{'type': 'life', 'brand': 'LifeSecure'}",6035.12
3124,CUS-1361,POL-753298,69216.69,"{'type': 'health', 'brand': 'InsureCorp'}",6103.55
3125,CUS-6887,POL-958727,46089.51,"{'type': 'health', 'brand': 'ProtectPlus'}",6382.76
3126,CUS-1631,POL-208119,41742.55,"{'type': 'health', 'brand': 'InsureCorp'}",6168.57
3127,CUS-4614,POL-923353,59790.13,"{'type': 'life', 'brand': 'LifeSecure'}",5892.3
3128,CUS-2122,POL-766590,22592.33,"{'type': 'home', 'brand': 'InsureCorp'}",3319.44
3129,CUS-7486,POL-301910,30213.69,"{'type': 'health', 'brand': 'InsureCorp'}",6899.73
3130,CUS-2244,POL-081989,31358.56,"{'type': 'home', 'brand': 'InsureCorp'}",5201.35
3131,CUS-4606,POL-956302,14931.57,"{'type': 'health', 'brand': 'ProtectPlus'}",6267.61
3132,CUS-1026,POL-984650,91414.04,"{'type': 'home', 'brand': 'SafeGuard'}",2738.64
3133,CUS-6231,POL-512144,14061.23,"{'type': 'health', 'brand': 'InsureCorp'}",3764.12
3134,CUS-1135,POL-981361,10863.64,"{'type': 'life', 'brand': 'LifeSecure'}",4426.46
3135,CUS-8806,POL-321287,31942.41,"{'type': 'health', 'brand': 'ProtectPlus'}",4541.61
3136,CUS-4405,POL-803962,70719.01,"{'type': 'life', 'brand': 'InsureCorp'}",224.19
3137,CUS-1473,POL-242321,38376.34,"{'type': 'auto', 'brand': 'InsureCorp'}",3290.34
3138,CUS-7774,POL-017253,35581.62,"{'type': 'life', 'brand': 'LifeSecure'}",6607.98
3139,CUS-8817,POL-205603,20938.58,"{'type': 'life', 'brand': 'ProtectPlus'}",5839.57
3140,CUS-2847,POL-636775,52425.41,"{'type': 'health', 'brand': 'InsureCorp'}",7196.56
3141,CUS-8526,POL-493923,28077.2,"{'type': 'life', 'brand': 'LifeSecure'}",1056.2
3142,CUS-2911,POL-806418,48636.16,"{'type': 'home', 'brand': 'InsureCorp'}",5837.91
3143,CUS-9718,POL-503953,49917.25,"{'type': 'life', 'brand': 'LifeSecure'}",2095.27
3144,CUS-2946,POL-168951,88038.08,"{'type': 'life', 'brand': 'ProtectPlus'}",4375.54
3145,CUS-2693,POL-846532,35184.12,"{'type': 'auto ', 'brand': 'SafeGuard'}",1385.24
3146,CUS-2858,POL-572281,47096.9,"{'type': 'health', 'brand': 'ProtectPlus'}",3167.47
3147,CUS-5566,POL-356759,77394.44,"{'type': 'auto', 'brand': 'SafeGuard'}",5974.93
3148,CUS-7658,POL-835551,20152.99,"{'type': 'home', 'brand': 'SafeGuard'}",6308.88
3149,CUS-3153,POL-598050,23918.72,"{'type': 'health', 'brand': 'ProtectPlus'}",5791.63
3150,CUS-6376,POL-833019,54603.47,"{'type': 'auto', 'brand': 'SafeGuard'}",3566.33
3151,CUS-3705,POL-862957,67126.45,"{'type': 'life', 'brand': 'LifeSecure'}",824.92
3152,CUS-1198,POL-446351,24801.09,"{'type': 'health', 'brand': 'ProtectPlus'}",7429.16
3153,CUS-8513,POL-203652,36274.83,"{'type': 'home', 'brand': 'SafeGuard'}",4473.91
3154,CUS-3075,POL-050807,93341.78,"{'type': 'home', 'brand': 'SafeGuard'}",7469.84
3155,CUS-2424,POL-656270,29554.5,"{'type': 'auto', 'brand': 'SafeGuard'}",5133.32
3156,CUS-9975,POL-171210,91763.08,"{'type': 'auto ', 'brand': 'SafeGuard'}",2693.38
3157,CUS-1002,POL-031937,20448.05,"{'type': 'home', 'brand': 'InsureCorp'}",4327.65
3158,CUS-8683,POL-738879,78813.47,"{'type': None, 'brand': 'InsureCorp'}",1060.19
3159,CUS-1008,POL-087362,90305.23,"{'type': 'life', 'brand': 'LifeSecure'}",4813.87
3160,CUS-8524,POL-960372,47652.48,"{'type': 'health', 'brand': 'ProtectPlus'}",4468.33
3161,CUS-9550,POL-612829,10886.68,"{'type': 'life', 'brand': 'InsureCorp'}",897.77
3162,CUS-3656,POL-224468,17192.15,"{'type': 'life', 'brand': 'LifeSecure'}",7153.23
3163,CUS-7255,POL-004893,88730.72,"{'type': 'life', 'brand': 'LifeSecure'}",5544.18
3164,CUS-8257,POL-804290,80928.28,"{'type': 'life', 'brand': 'LifeSecure'}",5277.8
3165,CUS-4469,POL-981674,59650.36,"{'type': 'life', 'brand': 'LifeSecure'}",5445.3
3166,CUS-9265,POL-992541,18944.96,"{'type': 'health', 'brand': 'ProtectPlus'}",748.64
3167,CUS-5982,POL-738414,15648.7,"{'type': None, 'brand': 'SafeGuard'}",5838.38
3168,CUS-6008,POL-828545,45426.28,"{'type': None, 'brand': 'SafeGuard'}",6098.01
3169,CUS-4428,POL-501770,75807.61,"{'type': 'life', 'brand': 'ProtectPlus'}",2564.4
3170,CUS-5176,POL-152869,36713.78,"{'type': 'life', 'brand': 'LifeSecure'}",504.52
3171,CUS-5947,POL-055059,31575.56,"{'type': 'life', 'brand': 'ProtectPlus'}",1134.48
3172,CUS-5005,POL-103995,30719.04,"{'type': 'auto', 'brand': 'SafeGuard'}",5406.46
3173,CUS-9892,POL-564374,94342.87,"{'type': 'health', 'brand': 'ProtectPlus'}",6671.99
3174,CUS-2691,POL-058570,68847.39,"{'type': 'home', 'brand': 'InsureCorp'}",6154.11
3175,CUS-8135,POL-018511,61611.75,"{'type': 'life', 'brand': 'ProtectPlus'}",701.04
3176,CUS-6158,POL-246416,10455.42,"{'type': 'life', 'brand': 'ProtectPlus'}",5194.06
3177,CUS-3414,POL-093112,78072.01,"{'type': 'home', 'brand': 'InsureCorp'}",2077.39
3178,CUS-2459,POL-712344,67442.29,"{'type': 'life', 'brand': 'LifeSecure'}",3716.44
3179,CUS-9198,POL-374073,71422.36,"{'type': None, 'brand': 'ProtectPlus'}",50000
3180,CUS-7372,POL-835230,51882.65,"{'type': 'life', 'brand': 'LifeSecure'}",1383.53
3181,CUS-8592,POL-757131,97353.34,"{'type': 'home', 'brand': 'SafeGuard'}",3334.39
3182,CUS-1128,POL-889144,23837.72,"{'type': 'health', 'brand': 'ProtectPlus'}",
3183,CUS-2508,POL-100109,85642.75,"{'type': 'health', 'brand': 'ProtectPlus'}",7264.59
3184,CUS-9158,POL-501884,87013.47,"{'type': 'life', 'brand': 'ProtectPlus'}",2940.71
3185,CUS-4646,POL-705538,70283.95,"{'type': 'auto', 'brand': 'InsureCorp'}",3031.42
3186,CUS-1713,POL-070370,70487.07,"{'type': 'health', 'brand': 'InsureCorp'}",4801.31
3187,CUS-1937,141709,18741.08,"{'type': 'life', 'brand': 'ProtectPlus'}",2166.86
3188,CUS-3397,POL-306012,15319.06,"{'type': None, 'brand': 'SafeGuard'}",5090.67
3189,CUS-7357,POL-377445,13333.63,"{'type': 'auto', 'brand': 'SafeGuard'}",1064.29
3190,CUS-3438,POL-769198,84734.53,"{'type': 'health', 'brand': 'ProtectPlus'}",2596.78
3191,CUS-2020,POL-313015,69741.65,"{'type': 'auto ', 'brand': 'SafeGuard'}",2240.33
3192,CUS-2567,POL-520920,35590.5,"{'type': 'health', 'brand': 'InsureCorp'}",1748.29
3193,CUS-9838,POL-870189,75381.87,"{'type': None, 'brand': 'ProtectPlus'}",3041.61
3194,CUS-8493,POL-555626,62280.57,"{'type': 'home', 'brand': 'SafeGuard'}",4340.77
3195,CUS-3838,POL-540722,60482.31,"{'type': 'life', 'brand': 'LifeSecure'}",4842.39
3196,CUS-2157,POL-173486,82959.99,"{'type': 'auto ', 'brand': 'SafeGuard'}",2712.53
3197,CUS-9535,POL-178833,91512.65,"{'type': 'health', 'brand': 'InsureCorp'}",288.05
3198,CUS-3655,POL-115947,34114.56,"{'type': 'life', 'brand': 'InsureCorp'}",3483.34
3199,CUS-4964,POL-514376,71185.68,"{'type': 'life', 'brand': 'LifeSecure'}",2141.8
3200,CUS-9482,POL-572458,63803.57,"{'type': 'life', 'brand': 'LifeSecure'}",1638.36
3201,CUS-6857,POL-605284,-2147483649.0,"{'type': 'health', 'brand': 'InsureCorp'}",4926.67
3202,CUS-3739,POL-867407,69228.28,"{'type': 'auto', 'brand': 'SafeGuard'}",3925.15
3203,CUS-4354,POL-010411,99081.2,"{'type': 'auto', 'brand': 'SafeGuard'}",5392.91
3204,CUS-1984,POL-220402,30244.25,"{'type': 'auto', 'brand': 'SafeGuard'}",2218.11
3205,CUS-1925,POL-773601,75724.17,"{'type': 'home', 'brand': 'SafeGuard'}",5803.82
3206,CUS-3795,POL-071205,88379.06,"{'type': 'auto', 'brand': 'SafeGuard'}",374.82
3207,CUS-4147,POL-794773,38432.3,"{'type': 'life', 'brand': 'LifeSecure'}",2187.14
3208,CUS-1656,POL-750855,85213.98,"{'type': 'auto', 'brand': 'InsureCorp'}",1524.29
3209,CUS-1423,POL-954494,16527.12,"{'type': 'life', 'brand': 'LifeSecure'}",5522.61
3210,CUS-2345,POL-950162,35000.84,"{'type': 'auto ', 'brand': 'SafeGuard'}",3496.91
3211,CUS-7300,POL-554129,68445.78,"{'type': 'auto', 'brand': 'InsureCorp'}",4547.89
3212,CUS-4947,POL-132945,87119.11,"{'type': 'life', 'brand': 'LifeSecure'}",6223.2
3213,CUS-3026,POL-109588,97988.8,"{'type': 'auto', 'brand': 'SafeGuard'}",6035.75
3214,CUS-8766,POL-028992,18103.07,"{'type': 'auto ', 'brand': 'SafeGuard'}",1142.16
3215,CUS-9716,POL-427166,75831.55,"{'type': 'life', 'brand': 'LifeSecure'}",5788.63
3216,CUS-6704,POL-927977,53706.51,"{'type': None, 'brand': 'InsureCorp'}",334.57
3217,CUS-7591,POL-157573,26234.84,"{'type': 'life', 'brand': 'LifeSecure'}",358.84
3218,CUS-2989,POL-251585,36345.13,"{'type': 'auto ', 'brand': 'SafeGuard'}",1300.6
3219,CUS-6301,POL-839507,88833.24,"{'type': 'life', 'brand': 'LifeSecure'}",6964.25
3220,CUS-1330,POL-360853,95942.16,"{'type': 'life', 'brand': 'ProtectPlus'}",4114.77
3221,CUS-3068,POL-690614,32605.46,"{'type': 'home', 'brand': 'SafeGuard'}",7466.6
3222,CUS-7580,POL-383054,48030.77,"{'type': 'health', 'brand': 'ProtectPlus'}",4995.64
3223,CUS-2564,POL-839167,67943.99,"{'type': 'life', 'brand': 'LifeSecure'}",2378.05
3224,CUS-7636,POL-588229,95364.92,"{'type': 'health', 'brand': 'InsureCorp'}",1876.15
3225,CUS-9525,POL-768143,37693.74,"{'type': 'health', 'brand': 'ProtectPlus'}",262.74
3226,CUS-3667,POL-286967,29594.57,"{'type': 'health', 'brand': 'InsureCorp'}",3230.98
3227,CUS-6621,POL-776989,29862.06,"{'type': 'health', 'brand': 'ProtectPlus'}",6257.94
3228,CUS-4278,POL-682613,41987.32,"{'type': 'auto', 'brand': 'SafeGuard'}",6127.26
3229,CUS-5584,POL-813256,99345.9,"{'type': 'health', 'brand': 'ProtectPlus'}",
3230,CUS-5772,POL-544806,69236.05,"{'type': 'life', 'brand': 'ProtectPlus'}",4047.22
3231,CUS-3078,POL-187346,32316.22,"{'type': 'auto', 'brand': 'SafeGuard'}",2227.83
3232,CUS-8925,POL-545426,61335.03,"{'type': 'life', 'brand': 'LifeSecure'}",4218.98
3233,CUS-2623,POL-916032,39924.45,"{'type': 'auto ', 'brand': 'SafeGuard'}",7120.28
3234,CUS-4670,POL-793547,51496.26,"{'type': 'auto', 'brand': 'InsureCorp'}",1102.83
3235,CUS-1487,POL-478066,74444.22,"{'type': None, 'brand': 'ProtectPlus'}",3524.04
3236,CUS-9031,POL-721230,81258.44,"{'type': 'life', 'brand': 'ProtectPlus'}",6845.6
3237,CUS-8397,POL-965283,10426.81,"{'type': 'health', 'brand': 'ProtectPlus'}",2514.2
3238,CUS-8969,POL-932355,79892.88,"{'type': 'life', 'brand': 'InsureCorp'}",185.14
3239,CUS-4633,POL-095647,48254.29,"{'type': 'health', 'brand': 'ProtectPlus'}",6972.75
3240,CUS-5604,POL-137415,52493.96,"{'type': 'auto ', 'brand': 'SafeGuard'}",608.39
3241,CUS-1175,POL-267931,83089.33,"{'type': 'life', 'brand': 'LifeSecure'}",6904.77
3242,CUS-5573,POL-620475,76638.47,"{'type': 'health', 'brand': 'InsureCorp'}",779.97
3243,CUS-1993,POL-303617,87328.97,"{'type': 'auto', 'brand': 'SafeGuard'}",463.32
3244,CUS-5729,POL-082860,84170.83,"{'type': 'home', 'brand': 'SafeGuard'}",6229.06
3245,CUS-9793,POL-224007,11759.83,"{'type': 'life', 'brand': 'LifeSecure'}",50000
3246,CUS-9984,POL-150387,49660.09,"{'type': 'life', 'brand': 'InsureCorp'}",4982.5
3247,CUS-4349,POL-380702,84460.81,"{'type': 'life', 'brand': 'InsureCorp'}",6585.02
3248,CUS-9061,POL-321198,50550.77,"{'type': 'auto', 'brand': 'InsureCorp'}",887.51
3249,CUS-8155,POL-293253,97493.78,"{'type': 'health', 'brand': 'InsureCorp'}",3814.57
3250,CUS-9885,POL-802261,55994.46,"{'type': 'auto ', 'brand': 'SafeGuard'}",6539.39
3251,CUS-8364,276101,71362.19,"{'type': 'auto', 'brand': 'SafeGuard'}",7154.08
3252,CUS-8894,POL-581418,34293.64,"{'type': 'life', 'brand': 'ProtectPlus'}",4869.79
3253,CUS-8488,POL-726226,92746.52,"{'type': 'auto ', 'brand': 'SafeGuard'}",3897.57
3254,CUS-2412,POL-535628,88207.44,"{'type': 'auto', 'brand': 'InsureCorp'}",5565.88
3255,CUS-4140,POL-125936,51957.6,"{'type': 'life', 'brand': 'LifeSecure'}",6495.94
3256,CUS-8994,POL-181044,61742.76,"{'type': 'life', 'brand': 'LifeSecure'}",6360.36
3257,CUS-8074,POL-684874,36231.19,"{'type': 'life', 'brand': 'ProtectPlus'}",1414.14
3258,CUS-7238,POL-631150,35223.99,"{'type': 'home', 'brand': 'InsureCorp'}",1899.1
3259,CUS-6081,POL-955474,19536.57,"{'type': None, 'brand': 'InsureCorp'}",3481.7
3260,CUS-1353,POL-275152,25455.28,"{'type': 'auto ', 'brand': 'SafeGuard'}",7136.78
3261,CUS-5133,POL-983944,72463.39,"{'type': 'life', 'brand': 'InsureCorp'}",153.28
3262,CUS-5545,POL-748748,92953.36,"{'type': None, 'brand': 'InsureCorp'}",3845.39
3263,CUS-9589,POL-955060,89565.57,"{'type': None, 'brand': 'InsureCorp'}",1888.87
3264,CUS-8041,POL-976840,64966.54,"{'type': 'auto ', 'brand': 'SafeGuard'}",384.52
3265,CUS-7591,POL-873994,29795.43,"{'type': 'life', 'brand': 'LifeSecure'}",207.71
3266,CUS-4904,POL-814158,45740.16,"{'type': 'life', 'brand': 'LifeSecure'}",7478.05
3267,CUS-5713,POL-338490,11074.48,"{'type': 'health', 'brand': 'ProtectPlus'}",1489.06
3268,CUS-6699,POL-802612,42378.14,"{'type': None, 'brand': 'ProtectPlus'}",4618.76
3269,CUS-7499,POL-832312,71504.91,"{'type': 'life', 'brand': 'LifeSecure'}",1096.87
3270,CUS-2608,POL-330128,60659.3,"{'type': 'auto ', 'brand': 'SafeGuard'}",3554.44
3271,CUS-6281,POL-662378,11439.99,"{'type': 'life', 'brand': 'InsureCorp'}",
3272,CUS-3767,POL-402971,53684.17,"{'type': 'life', 'brand': 'ProtectPlus'}",5375.62
3273,CUS-8492,POL-864465,91094.16,"{'type': 'life', 'brand': 'LifeSecure'}",1269.99
3274,CUS-7529,POL-742364,57700.21,"{'type': 'life', 'brand': 'LifeSecure'}",1222.99
3275,CUS-2805,POL-772608,20451.09,"{'type': 'health', 'brand': 'ProtectPlus'}",4624.1
3276,CUS-8499,POL-895621,27073.57,"{'type': 'home', 'brand': 'InsureCorp'}",6152.9
3277,CUS-7238,POL-694208,94110.81,"{'type': 'life', 'brand': 'LifeSecure'}",7042.74
3278,CUS-3931,POL-825349,10144.43,"{'type': None, 'brand': 'LifeSecure'}",
3279,CUS-3505,POL-192602,90066.53,"{'type': 'life', 'brand': 'LifeSecure'}",6312.1
3280,CUS-9892,POL-954178,36153.89,"{'type': 'health', 'brand': 'InsureCorp'}",5544.84
3281,CUS-9375,POL-879018,62090.56,"{'type': 'auto ', 'brand': 'SafeGuard'}",4729.75
3282,CUS-3059,POL-398808,92933.6,"{'type': 'life', 'brand': 'ProtectPlus'}",6631.99
3283,CUS-4414,POL-162501,13748.2,"{'type': 'life', 'brand': 'InsureCorp'}",2502.02
3284,CUS-4925,POL-425300,15070.86,"{'type': 'auto ', 'brand': 'SafeGuard'}",1909.2
3285,CUS-4617,POL-115092,64054.12,"{'type': 'life', 'brand': 'LifeSecure'}",5935.19
3286,CUS-2991,POL-914088,97122.68,"{'type': 'home', 'brand': 'SafeGuard'}",577.51
3287,CUS-1214,POL-892851,65320.32,"{'type': 'health', 'brand': 'ProtectPlus'}",6986.0
3288,CUS-2165,POL-580740,17811.78,"{'type': 'health', 'brand': 'InsureCorp'}",
3289,CUS-1087,POL-527899,99202.84,"{'type': 'auto', 'brand': 'SafeGuard'}",1744.25
3290,CUS-2961,POL-797604,94951.06,"{'type': 'life', 'brand': 'LifeSecure'}",3024.16
3291,CUS-2858,POL-159143,43677.75,"{'type': 'life', 'brand': 'LifeSecure'}",1559.89
3292,CUS-3568,POL-953819,77691.0,"{'type': 'life', 'brand': 'LifeSecure'}",4123.71
3293,CUS-7662,POL-144841,72718.93,"{'type': 'home', 'brand': 'SafeGuard'}",2735.48
3294,CUS-3577,POL-737674,27460.66,"{'type': 'auto', 'brand': 'InsureCorp'}",6676.92
3295,CUS-9034,POL-116872,22628.68,"{'type': 'health', 'brand': 'ProtectPlus'}",4272.52
3296,CUS-1344,POL-946163,27644.52,"{'type': 'health', 'brand': 'ProtectPlus'}",3253.15
3297,CUS-5026,POL-744075,35708.99,"{'type': 'life', 'brand': 'ProtectPlus'}",6610.82
3298,CUS-2311,POL-852850,60263.73,"{'type': 'auto ', 'brand': 'SafeGuard'}",2048.56
3299,CUS-7849,POL-498016,24715.64,"{'type': 'life', 'brand': 'ProtectPlus'}",3265.3
3300,CUS-7921,POL-268423,29238.92,"{'type': 'health', 'brand': 'InsureCorp'}",6494.18
3301,CUS-9299,POL-818245,46971.12,"{'type': 'health', 'brand': 'ProtectPlus'}",3021.67
3302,CUS-4708,POL-297239,84037.9,"{'type': 'auto', 'brand': 'SafeGuard'}",1861.53
3303,CUS-1954,POL-469941,80048.78,"{'type': 'life', 'brand': 'LifeSecure'}",838.6
3304,CUS-9544,POL-776698,24847.85,"{'type': 'auto', 'brand': 'SafeGuard'}",5808.3
3305,CUS-6901,POL-518148,56716.65,"{'type': 'health', 'brand': 'ProtectPlus'}",2699.21
3306,CUS-5708,POL-363953,10978.28,"{'type': 'auto', 'brand': 'InsureCorp'}",1281.28
3307,CUS-7799,POL-636656,59616.76,"{'type': 'life', 'brand': 'InsureCorp'}",4393.37
3308,CUS-2048,POL-079345,36490.31,"{'type': 'life', 'brand': 'LifeSecure'}",1428.21
3309,CUS-4860,POL-661951,32822.64,"{'type': 'life', 'brand': 'LifeSecure'}",6378.35
3310,CUS-6119,POL-528285,32575.34,"{'type': 'auto', 'brand': 'SafeGuard'}",2163.22
3311,CUS-1774,POL-265793,47472.78,"{'type': 'auto', 'brand': 'SafeGuard'}",3384.59
3312,CUS-4228,POL-581393,98950.85,"{'type': 'life', 'brand': 'InsureCorp'}",1725.32
3313,CUS-5582,POL-115932,71163.16,"{'type': 'home', 'brand': 'InsureCorp'}",5359.01
3314,CUS-2468,POL-911785,81412.52,"{'type': 'home', 'brand': 'SafeGuard'}",650.05
3315,CUS-6468,POL-081717,37156.81,"{'type': 'health', 'brand': 'ProtectPlus'}",4563.8
3316,CUS-9330,182490,84736.23,"{'type': 'life', 'brand': 'InsureCorp'}",6726.7
3317,CUS-1965,POL-736117,35501.63,"{'type': 'life', 'brand': 'LifeSecure'}",
3318,CUS-5365,POL-263402,20293.39,"{'type': 'life', 'brand': 'LifeSecure'}",7143.18
3319,CUS-2846,POL-878422,83176.17,"{'type': 'auto', 'brand': 'SafeGuard'}",885.45
3320,CUS-5607,POL-031650,39489.19,"{'type': 'home', 'brand': 'SafeGuard'}",5560.2
3321,CUS-8220,POL-015463,27722.46,"{'type': 'life', 'brand': 'LifeSecure'}",4550.88
3322,CUS-7159,POL-410107,78416.83,"{'type': 'auto', 'brand': 'InsureCorp'}",3384.03
3323,CUS-2219,POL-019872,35328.66,"{'type': 'health', 'brand': 'InsureCorp'}",3489.13
3324,CUS-5032,POL-152847,76885.78,"{'type': 'health', 'brand': 'InsureCorp'}",953.78
3325,CUS-9326,POL-545594,29582.11,"{'type': 'life', 'brand': 'LifeSecure'}",4810.42
3326,CUS-7683,POL-482139,69397.36,"{'type': 'health', 'brand': 'ProtectPlus'}",1857.91
3327,CUS-1655,POL-186072,39121.27,"{'type': 'health', 'brand': 'InsureCorp'}",4654.58
3328,CUS-7405,POL-600852,29681.31,"{'type': 'health', 'brand': 'ProtectPlus'}",4010.28
3329,CUS-1925,POL-978757,16333.68,"{'type': 'home', 'brand': 'SafeGuard'}",1690.62
3330,CUS-9916,POL-365882,92703.08,"{'type': 'health', 'brand': 'ProtectPlus'}",1903.97
3331,CUS-1309,POL-868056,31466.22,"{'type': 'life', 'brand': 'ProtectPlus'}",7464.71
3332,CUS-3034,POL-549561,87420.24,"{'type': 'life', 'brand': 'InsureCorp'}",4609.87
3333,CUS-5350,POL-809154,20122.64,"{'type': 'home', 'brand': 'SafeGuard'}",1939.67
3334,CUS-8725,POL-340758,69112.14,"{'type': 'health', 'brand': 'ProtectPlus'}",1505.76
3335,CUS-6338,POL-177465,48241.78,"{'type': 'auto', 'brand': 'SafeGuard'}",5082.48
3336,CUS-5074,POL-460967,75440.27,"{'type': 'auto', 'brand': 'SafeGuard'}",2439.41
3337,CUS-7063,POL-839514,-2147483649.0,"{'type': 'life', 'brand': 'LifeSecure'}",5838.45
3338,CUS-6056,POL-726550,72920.75,"{'type': 'auto', 'brand': 'SafeGuard'}",6508.28
3339,CUS-3357,POL-133127,53260.04,"{'type': None, 'brand': 'LifeSecure'}",3976.22
3340,CUS-4071,POL-318119,99324.49,"{'type': 'life', 'brand': 'LifeSecure'}",6268.35
3341,CUS-2132,POL-052308,34274.15,"{'type': 'life', 'brand': 'InsureCorp'}",3409.21
3342,CUS-1835,POL-693571,41495.31,"{'type': 'health', 'brand': 'InsureCorp'}",1926.27
3343,CUS-7655,POL-498512,14382.34,"{'type': 'life', 'brand': 'LifeSecure'}",3685.14
3344,CUS-4462,POL-724641,41110.08,"{'type': 'health', 'brand': 'InsureCorp'}",7061.57
3345,CUS-3462,POL-867618,23656.31,"{'type': 'life', 'brand': 'InsureCorp'}",5470.63
3346,CUS-6636,POL-949047,22737.02,"{'type': 'health', 'brand': 'ProtectPlus'}",50000
3347,CUS-9284,POL-208779,66327.98,"{'type': 'home', 'brand': 'SafeGuard'}",5632.03
3348,CUS-6418,POL-999624,35487.9,"{'type': 'auto', 'brand': 'InsureCorp'}",7219.16
3349,CUS-1793,POL-261551,30826.86,"{'type': 'life', 'brand': 'LifeSecure'}",4404.98
3350,CUS-4062,POL-506109,80070.44,"{'type': 'home', 'brand': 'SafeGuard'}",3548.32
3351,CUS-8176,POL-366203,72764.84,"{'type': 'health', 'brand': 'InsureCorp'}",6983.82
3352,CUS-9858,POL-558415,43314.85,"{'type': 'life', 'brand': 'LifeSecure'}",3856.48
3353,CUS-6973,POL-501608,67222.0,"{'type': 'auto', 'brand': 'SafeGuard'}",6510.81
3354,CUS-6240,POL-277896,99464.04,"{'type': 'health', 'brand': 'InsureCorp'}",5319.58
3355,CUS-5973,POL-042051,12632.96,"{'type': 'home', 'brand': 'SafeGuard'}",6280.67
3356,CUS-5617,POL-096356,91910.98,"{'type': 'health', 'brand': 'ProtectPlus'}",407.22
3357,CUS-2907,POL-060058,32311.47,"{'type': 'health', 'brand': 'InsureCorp'}",7339.05
3358,CUS-4221,POL-907480,93340.47,"{'type': 'home', 'brand': 'InsureCorp'}",2194.5
3359,CUS-2040,POL-695192,17189.6,"{'type': 'auto ', 'brand': 'SafeGuard'}",459.45
3360,CUS-5658,POL-826651,88574.31,"{'type': 'life', 'brand': 'LifeSecure'}",6485.33
3361,CUS-1438,POL-578504,84420.4,"{'type': None, 'brand': 'InsureCorp'}",6840.85
3362,CUS-2226,POL-042255,69465.14,"{'type': 'health', 'brand': 'InsureCorp'}",1202.76
3363,CUS-7105,POL-053406,26320.56,"{'type': 'auto ', 'brand': 'SafeGuard'}",1651.95
3364,CUS-1637,POL-019382,38249.53,"{'type': None, 'brand': 'ProtectPlus'}",4620.66
3365,CUS-8807,POL-077972,30297.04,"{'type': 'life', 'brand': 'LifeSecure'}",3043.54
3366,CUS-9904,POL-992354,31621.81,"{'type': 'health', 'brand': 'ProtectPlus'}",672.09
3367,CUS-1792,POL-637932,12834.69,"{'type': None, 'brand': 'InsureCorp'}",7363.97
3368,CUS-4646,POL-713629,23447.8,"{'type': 'life', 'brand': 'LifeSecure'}",319.56
3369,CUS-4420,POL-780465,50925.8,"{'type': 'auto', 'brand': 'InsureCorp'}",6999.48
3370,CUS-4142,POL-025674,15944.08,"{'type': 'life', 'brand': 'LifeSecure'}",5643.16
3371,CUS-3297,POL-320939,12127.62,"{'type': 'life', 'brand': 'ProtectPlus'}",5569.19
3372,CUS-8272,POL-715336,44916.5,"{'type': 'life', 'brand': 'InsureCorp'}",5343.0
3373,CUS-9877,POL-838611,47568.25,"{'type': 'life', 'brand': 'LifeSecure'}",1767.96
3374,CUS-6746,POL-798781,69396.64,"{'type': 'life', 'brand': 'InsureCorp'}",455.51
3375,CUS-5038,POL-230581,19460.62,"{'type': 'auto ', 'brand': 'SafeGuard'}",50000
3376,CUS-2699,POL-333464,66118.36,"{'type': 'life', 'brand': 'ProtectPlus'}",2920.45
3377,CUS-5389,POL-424426,77557.53,"{'type': 'life', 'brand': 'ProtectPlus'}",749.87
3378,CUS-6164,POL-775917,74808.07,"{'type': 'auto', 'brand': 'InsureCorp'}",3460.74
3379,CUS-5811,POL-416791,72734.56,"{'type': 'auto', 'brand': 'SafeGuard'}",4138.14
3380,CUS-6226,POL-609821,53633.0,"{'type': 'home', 'brand': 'InsureCorp'}",5249.65
3381,CUS-8108,POL-301939,74502.32,"{'type': 'life', 'brand': 'ProtectPlus'}",1210.47
3382,CUS-2846,POL-543756,22806.93,"{'type': 'life', 'brand': 'LifeSecure'}",3565.55
3383,CUS-1425,POL-202343,45490.0,"{'type': 'health', 'brand': 'InsureCorp'}",1123.14
3384,CUS-3205,POL-260051,39406.87,"{'type': 'life', 'brand': 'LifeSecure'}",1116.94
3385,CUS-5924,POL-383604,53613.8,"{'type': 'health', 'brand': 'InsureCorp'}",6455.2
3386,CUS-4536,POL-434529,51048.99,"{'type': 'home', 'brand': 'InsureCorp'}",6973.05
3387,CUS-5443,POL-988302,50893.31,"{'type': 'life', 'brand': 'InsureCorp'}",7194.06
3388,CUS-5463,POL-392951,47236.77,"{'type': 'health', 'brand': 'ProtectPlus'}",249.55
3389,CUS-4945,POL-800579,29209.96,"{'type': 'auto', 'brand': 'SafeGuard'}",2276.67
3390,CUS-1694,POL-456451,71013.65,"{'type': 'life', 'brand': 'LifeSecure'}",426.88
3391,CUS-6119,POL-840121,61561.22,"{'type': 'life', 'brand': 'ProtectPlus'}",4514.45
3392,CUS-9265,POL-489483,39342.45,"{'type': 'life', 'brand': 'LifeSecure'}",6634.31
3393,CUS-8594,POL-906889,72720.66,"{'type': 'auto', 'brand': 'SafeGuard'}",2727.68
3394,CUS-8784,POL-563922,16450.23,"{'type': 'life', 'brand': 'InsureCorp'}",1863.03
3395,CUS-2152,POL-608656,41769.6,"{'type': 'life', 'brand': 'InsureCorp'}",6630.4
3396,CUS-1722,POL-708992,60449.56,"{'type': 'auto', 'brand': 'InsureCorp'}",2915.44
3397,CUS-7774,POL-370685,49675.4,"{'type': 'auto', 'brand': 'SafeGuard'}",1081.91
3398,CUS-9921,POL-275701,43524.11,"{'type': 'life', 'brand': 'InsureCorp'}",2321.13
3399,CUS-3480,POL-650420,54422.88,"{'type': 'health', 'brand': 'InsureCorp'}",2848.34
3400,CUS-9382,POL-210008,32534.92,"{'type': 'life', 'brand': 'LifeSecure'}",681.21
3401,CUS-7778,POL-948019,48385.3,"{'type': 'health', 'brand': 'ProtectPlus'}",1551.99
3402,CUS-7618,POL-228795,90221.38,"{'type': 'auto', 'brand': 'SafeGuard'}",1204.63
3403,CUS-1330,POL-952366,98042.17,"{'type': 'auto', 'brand': 'InsureCorp'}",1849.05
3404,CUS-8325,POL-629690,32887.29,"{'type': 'health', 'brand': 'ProtectPlus'}",469.87
3405,CUS-3500,POL-010067,83129.17,"{'type': 'life', 'brand': 'LifeSecure'}",
3406,CUS-8154,POL-884294,63966.7,"{'type': 'life', 'brand': 'InsureCorp'}",245.91
3407,CUS-8798,POL-983534,74986.56,"{'type': 'life', 'brand': 'InsureCorp'}",4265.3
3408,CUS-5000,POL-865807,25913.57,"{'type': 'life', 'brand': 'LifeSecure'}",4284.0
3409,CUS-4860,POL-201835,39950.62,"{'type': 'home', 'brand': 'InsureCorp'}",1387.21
3410,CUS-1610,POL-279390,89842.37,"{'type': 'auto', 'brand': 'SafeGuard'}",7152.24
3411,CUS-2109,POL-248294,23019.05,"{'type': 'life', 'brand': 'ProtectPlus'}",2861.5
3412,CUS-1118,POL-341004,49228.17,"{'type': 'life', 'brand': 'LifeSecure'}",3672.9
3413,CUS-2948,POL-124972,44148.94,"{'type': 'life', 'brand': 'ProtectPlus'}",967.7
3414,CUS-1473,POL-319321,12406.44,"{'type': 'health', 'brand': 'ProtectPlus'}",1359.8
3415,CUS-6456,POL-531639,19320.56,"{'type': 'auto', 'brand': 'InsureCorp'}",4439.62
3416,CUS-5066,POL-734739,88031.11,"{'type': 'life', 'brand': 'ProtectPlus'}",829.89
3417,CUS-9421,POL-029893,33599.45,"{'type': 'life', 'brand': 'LifeSecure'}",775.62
3418,CUS-6711,POL-740096,81311.33,"{'type': 'auto ', 'brand': 'SafeGuard'}",4276.53
3419,CUS-4875,POL-312100,25810.75,"{'type': 'health', 'brand': 'ProtectPlus'}",7212.74
3420,CUS-4405,POL-537877,39148.15,"{'type': 'health', 'brand': 'ProtectPlus'}",577.31
3421,CUS-2400,POL-057893,95379.99,"{'type': 'health', 'brand': 'InsureCorp'}",2218.23
3422,CUS-6716,POL-897464,93614.75,"{'type': 'home', 'brand': 'InsureCorp'}",3920.55
3423,CUS-1116,POL-626753,20733.92,"{'type': 'life', 'brand': 'LifeSecure'}",4688.26
3424,CUS-6714,POL-959628,89502.41,"{'type': 'life', 'brand': 'InsureCorp'}",6707.91
3425,CUS-5222,POL-910784,66781.25,"{'type': 'life', 'brand': 'InsureCorp'}",6153.18
3426,CUS-9849,POL-819479,55446.09,"{'type': 'health', 'brand': 'ProtectPlus'}",6665.93
3427,CUS-6709,POL-283196,33701.35,"{'type': 'life', 'brand': 'InsureCorp'}",5177.74
3428,CUS-6071,POL-672452,73780.81,"{'type': 'health', 'brand': 'ProtectPlus'}",5202.75
3429,CUS-6217,POL-877023,87671.25,"{'type': 'life', 'brand': 'ProtectPlus'}",4725.29
3430,CUS-4836,POL-903421,26556.71,"{'type': 'life', 'brand': 'LifeSecure'}",1648.1
3431,CUS-1122,POL-917228,12777.02,"{'type': 'life', 'brand': 'LifeSecure'}",1933.13
3432,CUS-8351,POL-415718,93130.95,"{'type': 'life', 'brand': 'LifeSecure'}",5231.28
3433,CUS-7448,POL-927947,79115.17,"{'type': 'life', 'brand': 'LifeSecure'}",2763.65
3434,CUS-2777,POL-924674,66677.94,"{'type': 'life', 'brand': 'LifeSecure'}",530.15
3435,CUS-5026,POL-364150,30975.02,"{'type': 'life', 'brand': 'LifeSecure'}",1315.76
3436,CUS-5463,POL-249649,47323.77,"{'type': 'health', 'brand': 'ProtectPlus'}",2968.59
3437,CUS-9332,POL-369738,87508.24,"{'type': 'life', 'brand': 'LifeSecure'}",7435.93
3438,CUS-9235,POL-753728,26240.03,"{'type': 'health', 'brand': 'ProtectPlus'}",2910.72
3439,CUS-8351,POL-747652,74653.41,"{'type': 'life', 'brand': 'ProtectPlus'}",
3440,CUS-3155,POL-938604,85090.39,"{'type': 'life', 'brand': 'LifeSecure'}",6027.83
3441,CUS-4533,POL-175014,76861.25,"{'type': 'life', 'brand': 'InsureCorp'}",7491.18
3442,CUS-9548,POL-372002,50924.9,"{'type': 'life', 'brand': 'InsureCorp'}",
3443,CUS-7786,POL-748291,66417.1,"{'type': 'life', 'brand': 'InsureCorp'}",7102.84
3444,CUS-3788,POL-139662,28703.39,"{'type': 'auto', 'brand': 'SafeGuard'}",4789.48
3445,CUS-1849,POL-347857,41950.75,"{'type': 'life', 'brand': 'LifeSecure'}",352.24
3446,CUS-3968,POL-388906,16448.38,"{'type': 'health', 'brand': 'ProtectPlus'}",1424.42
3447,CUS-8178,POL-623589,96576.66,"{'type': 'home', 'brand': 'SafeGuard'}",6560.89
3448,CUS-7736,POL-635788,79644.8,"{'type': 'auto ', 'brand': 'SafeGuard'}",7330.49
3449,CUS-5988,POL-231509,48749.77,"{'type': 'auto', 'brand': 'SafeGuard'}",2252.32
3450,CUS-3038,POL-200004,30353.92,"{'type': 'home', 'brand': 'InsureCorp'}",6404.88
3451,CUS-3796,POL-152843,91341.69,"{'type': 'health', 'brand': 'InsureCorp'}",352.72
3452,CUS-6809,POL-024668,49155.92,"{'type': 'health', 'brand': 'ProtectPlus'}",610.43
3453,CUS-9478,POL-638371,64469.31,"{'type': 'home', 'brand': 'InsureCorp'}",4455.02
3454,CUS-6418,POL-276093,75614.75,"{'type': 'life', 'brand': 'ProtectPlus'}",2805.64
3455,CUS-9374,POL-463030,63240.07,"{'type': 'home', 'brand': 'SafeGuard'}",5606.21
3456,CUS-4049,POL-017155,63747.6,"{'type': 'auto ', 'brand': 'SafeGuard'}",612.91
3457,CUS-9187,203058,94389.58,"{'type': 'life', 'brand': 'LifeSecure'}",6702.56
3458,CUS-3462,POL-206039,91845.06,"{'type': 'health', 'brand': 'ProtectPlus'}",669.58
3459,CUS-5572,POL-165995,47387.62,"{'type': 'life', 'brand': 'InsureCorp'}",4874.46
3460,CUS-8056,POL-814821,36118.95,"{'type': 'home', 'brand': 'InsureCorp'}",7411.66
3461,CUS-3180,POL-808271,23020.68,"{'type': 'auto ', 'brand': 'SafeGuard'}",3942.54
3462,CUS-9609,POL-552760,91292.31,"{'type': 'life', 'brand': 'ProtectPlus'}",1562.15
3463,CUS-8163,POL-038401,65678.43,"{'type': 'health', 'brand': 'ProtectPlus'}",4923.68
3464,CUS-7065,POL-043094,37469.79,"{'type': 'life', 'brand': 'LifeSecure'}",5852.55
3465,CUS-9337,POL-856620,37794.22,"{'type': 'auto', 'brand': 'SafeGuard'}",1437.3
3466,CUS-6901,POL-696420,95786.72,"{'type': 'life', 'brand': 'ProtectPlus'}",4158.2
3467,CUS-5497,POL-212930,92000.02,"{'type': 'health', 'brand': 'ProtectPlus'}",5955.19
3468,CUS-3160,POL-022480,49550.42,"{'type': 'health', 'brand': 'ProtectPlus'}",1464.89
3469,CUS-3060,POL-610245,90370.04,"{'type': 'life', 'brand': 'LifeSecure'}",7267.67
3470,CUS-3422,POL-920281,12231.38,"{'type': 'health', 'brand': 'InsureCorp'}",2214.65
3471,CUS-3717,POL-648921,65818.02,"{'type': 'health', 'brand': 'ProtectPlus'}",1198.03
3472,CUS-5303,POL-531416,18984.56,"{'type': 'life', 'brand': 'LifeSecure'}",6642.93
3473,CUS-5058,POL-809562,38654.44,"{'type': 'life', 'brand': 'InsureCorp'}",614.14
3474,CUS-6938,POL-254368,17231.01,"{'type': 'auto', 'brand': 'SafeGuard'}",5279.61
3475,CUS-9954,POL-339511,34123.31,"{'type': 'health', 'brand': 'ProtectPlus'}",3132.38
3476,CUS-9657,POL-870700,24584.99,"{'type': 'health', 'brand': 'InsureCorp'}",4469.29
3477,CUS-4304,POL-424767,30453.4,"{'type': 'health', 'brand': 'ProtectPlus'}",4131.88
3478,CUS-6738,POL-654177,64712.56,"{'type': 'auto ', 'brand': 'SafeGuard'}",5046.3
3479,CUS-8340,POL-232968,53893.29,"{'type': 'life', 'brand': 'ProtectPlus'}",4495.76
3480,CUS-1447,POL-308182,42552.42,"{'type': 'health', 'brand': 'ProtectPlus'}",1254.9
3481,CUS-1557,POL-108178,30174.19,"{'type': 'life', 'brand': 'LifeSecure'}",3127.21
3482,CUS-1992,250471,64269.13,"{'type': 'health', 'brand': 'ProtectPlus'}",2537.52
3483,CUS-6589,POL-829544,40746.01,"{'type': 'life', 'brand': 'InsureCorp'}",1287.42
3484,CUS-2832,POL-172700,77778.58,"{'type': 'life', 'brand': 'LifeSecure'}",7275.3
3485,CUS-2055,POL-271317,21876.31,"{'type': 'life', 'brand': 'ProtectPlus'}",2233.06
3486,CUS-3587,POL-818651,57582.24,"{'type': 'home', 'brand': 'SafeGuard'}",3026.11
3487,CUS-3462,POL-729222,51807.31,"{'type': 'health', 'brand': 'ProtectPlus'}",3183.19
3488,CUS-2393,POL-087846,67552.31,"{'type': 'home', 'brand': 'InsureCorp'}",2841.22
3489,CUS-2725,POL-094646,86752.37,"{'type': 'home', 'brand': 'SafeGuard'}",6394.63
3490,CUS-2036,POL-590516,78307.72,"{'type': 'home', 'brand': 'SafeGuard'}",2835.77
3491,CUS-8186,POL-034002,62761.45,"{'type': 'home', 'brand': 'SafeGuard'}",2033.32
3492,CUS-3864,POL-373290,74173.49,"{'type': 'life', 'brand': 'LifeSecure'}",3292.99
3493,CUS-4687,POL-259656,21498.14,"{'type': 'health', 'brand': 'InsureCorp'}",2011.1
3494,CUS-3758,POL-059628,35121.4,"{'type': 'life', 'brand': 'LifeSecure'}",5752.75
3495,CUS-4907,POL-989048,70530.91,"{'type': 'auto ', 'brand': 'SafeGuard'}",2789.39
3496,CUS-4968,POL-084491,88929.61,"{'type': 'auto ', 'brand': 'SafeGuard'}",6496.92
3497,CUS-7188,POL-004878,39057.43,"{'type': 'life', 'brand': 'LifeSecure'}",3816.18
3498,CUS-8326,POL-583047,92152.25,"{'type': 'auto', 'brand': 'InsureCorp'}",2191.29
3499,CUS-7574,POL-431285,96848.87,"{'type': 'auto', 'brand': 'SafeGuard'}",50000
3500,CUS-8020,POL-089838,88239.74,"{'type': 'health', 'brand': 'ProtectPlus'}",4673.92
3501,CUS-9924,POL-573652,20168.94,"{'type': 'life', 'brand': 'InsureCorp'}",6620.79
3502,CUS-4540,POL-256910,12425.47,"{'type': 'auto ', 'brand': 'SafeGuard'}",7438.65
3503,CUS-7074,POL-743261,34964.04,"{'type': 'auto', 'brand': 'SafeGuard'}",7277.12
3504,CUS-9680,POL-560608,59688.24,"{'type': 'auto', 'brand': 'SafeGuard'}",3884.73
3505,CUS-4113,POL-592508,52276.94,"{'type': 'auto ', 'brand': 'SafeGuard'}",
3506,CUS-9021,POL-160671,93831.7,"{'type': 'health', 'brand': 'InsureCorp'}",5269.27
3507,CUS-2679,POL-953523,82725.1,"{'type': 'life', 'brand': 'LifeSecure'}",2528.65
3508,CUS-7195,POL-587698,33258.24,"{'type': 'health', 'brand': 'ProtectPlus'}",5219.64
3509,CUS-3569,POL-026714,45639.6,"{'type': 'auto', 'brand': 'InsureCorp'}",5559.19
3510,CUS-9005,POL-561103,60552.85,"{'type': None, 'brand': 'LifeSecure'}",7188.91
3511,CUS-4492,POL-870626,49379.53,"{'type': 'health', 'brand': 'ProtectPlus'}",5391.5
3512,CUS-8853,POL-923777,89091.62,"{'type': 'life', 'brand': 'LifeSecure'}",1151.57
3513,CUS-9421,POL-573226,28477.86,"{'type': 'auto ', 'brand': 'SafeGuard'}",4794.03
3514,CUS-9327,POL-426811,25166.45,"{'type': 'auto', 'brand': 'SafeGuard'}",2064.59
3515,CUS-6255,POL-115529,41633.68,"{'type': 'auto ', 'brand': 'SafeGuard'}",3345.75
3516,CUS-1214,POL-129627,45895.43,"{'type': 'health', 'brand': 'ProtectPlus'}",1925.61
3517,CUS-2488,POL-497887,29152.55,"{'type': 'life', 'brand': 'ProtectPlus'}",7313.05
3518,CUS-9201,POL-618212,60781.38,"{'type': 'auto', 'brand': 'SafeGuard'}",6737.33
3519,CUS-9624,POL-911569,20496.35,"{'type': 'life', 'brand': 'LifeSecure'}",4317.44
3520,CUS-6030,POL-206726,35330.18,"{'type': 'auto', 'brand': 'InsureCorp'}",1328.59
3521,CUS-5026,POL-555878,67692.98,"{'type': 'health', 'brand': 'ProtectPlus'}",1190.53
3522,CUS-4625,POL-388044,10415.13,"{'type': 'life', 'brand': 'ProtectPlus'}",923.66
3523,CUS-7398,POL-218760,49204.31,"{'type': 'health', 'brand': 'ProtectPlus'}",3598.66
3524,CUS-2587,POL-761268,69758.41,"{'type': 'health', 'brand': 'InsureCorp'}",2350.96
3525,CUS-2895,POL-237973,88546.97,"{'type': 'home', 'brand': 'SafeGuard'}",6295.12
3526,CUS-4473,POL-846876,61243.55,"{'type': 'health', 'brand': 'InsureCorp'}",6191.15
3527,CUS-5220,POL-624359,44572.55,"{'type': 'life', 'brand': 'LifeSecure'}",5557.18
3528,CUS-8690,POL-774173,94505.7,"{'type': 'health', 'brand': 'InsureCorp'}",4760.88
3529,CUS-3948,POL-894220,77786.78,"{'type': 'health', 'brand': 'ProtectPlus'}",4343.77
3530,CUS-1596,POL-928246,55818.51,"{'type': 'auto', 'brand': 'SafeGuard'}",1149.67
3531,CUS-4113,POL-026530,68911.71,"{'type': 'home', 'brand': 'InsureCorp'}",2451.89
3532,CUS-3462,POL-557675,60211.32,"{'type': 'health', 'brand': 'ProtectPlus'}",1194.55
3533,CUS-9636,POL-205622,85802.77,"{'type': 'life', 'brand': 'LifeSecure'}",5015.56
3534,CUS-8182,POL-981223,45557.04,"{'type': 'life', 'brand': 'ProtectPlus'}",50000
3535,CUS-6768,POL-342162,15950.98,"{'type': 'auto', 'brand': 'SafeGuard'}",6908.15
3536,CUS-7510,POL-737600,36407.96,"{'type': 'home', 'brand': 'InsureCorp'}",201.24
3537,CUS-8522,POL-309443,34034.96,"{'type': 'life', 'brand': 'InsureCorp'}",4635.53
3538,CUS-3715,POL-604269,12692.34,"{'type': 'auto', 'brand': 'SafeGuard'}",1648.03
3539,CUS-1618,POL-749955,35805.02,"{'type': None, 'brand': 'SafeGuard'}",5635.02
3540,CUS-8940,POL-293564,72942.98,"{'type': 'home', 'brand': 'SafeGuard'}",2025.28
3541,CUS-2602,301310,43898.91,"{'type': 'life', 'brand': 'ProtectPlus'}",5875.4
3542,CUS-1535,POL-650442,19937.62,"{'type': 'life', 'brand': 'LifeSecure'}",349.02
3543,CUS-6251,POL-684234,42427.23,"{'type': 'life', 'brand': 'ProtectPlus'}",6027.19
3544,CUS-9180,POL-003576,85733.91,"{'type': 'health', 'brand': 'ProtectPlus'}",4957.64
3545,CUS-7790,POL-553463,58584.61,"{'type': 'health', 'brand': 'ProtectPlus'}",4959.27
3546,CUS-2917,POL-967451,54564.21,"{'type': 'life', 'brand': 'LifeSecure'}",195.91
3547,CUS-5956,POL-063178,72250.6,"{'type': 'life', 'brand': 'LifeSecure'}",7219.49
3548,CUS-5905,POL-084773,32015.78,"{'type': 'life', 'brand': 'ProtectPlus'}",2673.82
3549,CUS-2756,POL-077318,67474.92,"{'type': 'life', 'brand': 'LifeSecure'}",4716.34
3550,CUS-7943,POL-672395,55618.6,"{'type': 'home', 'brand': 'SafeGuard'}",7384.0
3551,CUS-2219,POL-045240,38990.62,"{'type': 'life', 'brand': 'InsureCorp'}",2095.65
3552,CUS-5733,POL-769023,45218.93,"{'type': 'life', 'brand': 'LifeSecure'}",5998.11
3553,CUS-5275,POL-470878,10101.46,"{'type': 'home', 'brand': 'InsureCorp'}",6456.03
3554,CUS-1044,POL-539383,60473.78,"{'type': 'life', 'brand': 'LifeSecure'}",
3555,CUS-5225,POL-953135,17982.12,"{'type': 'auto', 'brand': 'SafeGuard'}",5367.28
3556,CUS-2857,POL-995949,34332.93,"{'type': 'health', 'brand': 'InsureCorp'}",2896.32
3557,CUS-8523,POL-885976,25498.4,"{'type': 'life', 'brand': 'LifeSecure'}",6176.15
3558,CUS-5424,POL-485636,86814.0,"{'type': 'health', 'brand': 'InsureCorp'}",2964.99
3559,CUS-5639,POL-420774,21530.79,"{'type': 'life', 'brand': 'LifeSecure'}",7007.47
3560,CUS-7418,POL-484764,-2147483649.0,"{'type': 'life', 'brand': 'LifeSecure'}",5076.54
3561,CUS-8414,POL-968371,85615.52,"{'type': 'auto ', 'brand': 'SafeGuard'}",5465.86
3562,CUS-6373,POL-613558,78424.19,"{'type': 'home', 'brand': 'InsureCorp'}",5710.05
3563,CUS-5419,POL-338867,24953.3,"{'type': 'home', 'brand': 'InsureCorp'}",2264.95
3564,CUS-7800,POL-978020,49096.57,"{'type': 'auto', 'brand': 'SafeGuard'}",4209.96
3565,CUS-8196,POL-027576,95714.38,"{'type': None, 'brand': 'ProtectPlus'}",697.14
3566,CUS-9964,POL-082952,60390.13,"{'type': 'life', 'brand': 'InsureCorp'}",4639.97
3567,CUS-5663,POL-312074,30009.66,"{'type': 'auto', 'brand': 'InsureCorp'}",4952.54
3568,CUS-8655,POL-354991,-2147483649.0,"{'type': 'life', 'brand': 'InsureCorp'}",3439.02
3569,CUS-8784,POL-403284,38386.08,"{'type': 'health', 'brand': 'ProtectPlus'}",4404.68
3570,CUS-8438,POL-793913,84624.91,"{'type': 'life', 'brand': 'InsureCorp'}",50000
3571,CUS-2796,POL-172903,49832.72,"{'type': 'life', 'brand': 'LifeSecure'}",4103.0
3572,CUS-5221,POL-145642,74843.43,"{'type': 'auto ', 'brand': 'SafeGuard'}",171.59
3573,CUS-5598,POL-863055,31598.79,"{'type': 'life', 'brand': 'LifeSecure'}",2788.63
3574,CUS-6268,POL-963014,95740.92,"{'type': 'life', 'brand': 'LifeSecure'}",3774.44
3575,CUS-4639,POL-595633,62533.51,"{'type': None, 'brand': 'SafeGuard'}",2665.24
3576,CUS-5403,POL-163707,68585.79,"{'type': 'health', 'brand': 'ProtectPlus'}",6015.08
3577,CUS-9987,POL-145694,76623.61,"{'type': 'auto', 'brand': 'InsureCorp'}",2484.58
3578,CUS-3590,POL-698658,10102.52,"{'type': None, 'brand': 'LifeSecure'}",2998.41
3579,CUS-3806,POL-461856,90944.54,"{'type': 'health', 'brand': 'ProtectPlus'}",7124.69
3580,CUS-2587,POL-030485,96090.4,"{'type': 'life', 'brand': 'InsureCorp'}",5034.29
3581,CUS-9952,POL-146557,64320.7,"{'type': 'home', 'brand': 'SafeGuard'}",3467.45
3582,CUS-8011,POL-108724,34732.09,"{'type': 'home', 'brand': 'SafeGuard'}",6276.22
3583,CUS-8577,POL-499933,83991.56,"{'type': 'health', 'brand': 'InsureCorp'}",3129.21
3584,CUS-4275,POL-045999,59740.38,"{'type': None, 'brand': 'LifeSecure'}",6451.52
3585,CUS-8078,POL-492405,61381.25,"{'type': 'auto', 'brand': 'SafeGuard'}",1678.17
3586,CUS-4644,POL-063252,83339.33,"{'type': 'auto', 'brand': 'SafeGuard'}",2395.6
3587,CUS-7157,POL-729713,98665.09,"{'type': 'auto', 'brand': 'InsureCorp'}",621.98
3588,CUS-5795,POL-511547,27029.21,"{'type': 'auto ', 'brand': 'SafeGuard'}",877.85
3589,CUS-4755,POL-923896,74926.84,"{'type': 'life', 'brand': 'LifeSecure'}",6628.34
3590,CUS-2756,543987,48227.22,"{'type': 'auto', 'brand': 'InsureCorp'}",7346.44
3591,CUS-5010,POL-642492,88593.33,"{'type': 'auto', 'brand': 'InsureCorp'}",407.64
3592,CUS-6153,POL-034703,23617.36,"{'type': 'life', 'brand': 'LifeSecure'}",1673.58
3593,CUS-5220,POL-639750,85049.43,"{'type': 'life', 'brand': 'ProtectPlus'}",476.28
3594,CUS-5242,POL-283832,92751.27,"{'type': 'auto', 'brand': 'InsureCorp'}",4424.56
3595,CUS-8292,POL-923630,71658.0,"{'type': 'home', 'brand': 'InsureCorp'}",1117.32
3596,CUS-3134,POL-230507,27282.16,"{'type': 'life', 'brand': 'ProtectPlus'}",3894.96
3597,CUS-4443,POL-442512,75533.78,"{'type': 'health', 'brand': 'ProtectPlus'}",3047.36
3598,CUS-4800,POL-364477,70542.59,"{'type': 'life', 'brand': 'LifeSecure'}",484.47
3599,CUS-3778,097988,54899.53,"{'type': 'life', 'brand': 'LifeSecure'}",3169.17
3600,CUS-9260,POL-558647,74536.03,"{'type': 'health', 'brand': 'ProtectPlus'}",560.22
3601,CUS-8989,POL-030062,40004.53,"{'type': 'home', 'brand': 'SafeGuard'}",7306.27
3602,CUS-3296,POL-154725,66025.4,"{'type': 'life', 'brand': 'LifeSecure'}",1256.59
3603,CUS-7643,POL-987708,88092.05,"{'type': 'home', 'brand': 'SafeGuard'}",2670.0
3604,CUS-6923,POL-539741,77360.55,"{'type': 'home', 'brand': 'InsureCorp'}",556.84
3605,CUS-7556,POL-795172,95942.49,"{'type': 'auto', 'brand': 'SafeGuard'}",1508.29
3606,CUS-5377,POL-945116,95440.08,"{'type': 'life', 'brand': 'ProtectPlus'}",1186.71
3607,CUS-2694,POL-960573,14644.23,"{'type': 'life', 'brand': 'LifeSecure'}",5207.42
3608,CUS-7612,POL-971644,43225.28,"{'type': 'life', 'brand': 'ProtectPlus'}",235.63
3609,CUS-4283,POL-672798,29015.83,"{'type': 'home', 'brand': 'SafeGuard'}",4524.37
3610,CUS-7188,POL-113097,80987.24,"{'type': 'life', 'brand': 'ProtectPlus'}",2350.91
3611,CUS-1954,POL-009339,19935.22,"{'type': 'home', 'brand': 'SafeGuard'}",7454.08
3612,CUS-4263,POL-843119,67201.95,"{'type': 'home', 'brand': 'SafeGuard'}",1459.13
3613,CUS-1707,POL-540160,96256.83,"{'type': 'auto ', 'brand': 'SafeGuard'}",2674.04
3614,CUS-7221,POL-233934,51882.03,"{'type': 'health', 'brand': 'InsureCorp'}",6039.54
3615,CUS-2818,POL-364214,68667.15,"{'type': 'home', 'brand': 'InsureCorp'}",1915.65
3616,CUS-1382,POL-618523,93084.09,"{'type': 'life', 'brand': 'InsureCorp'}",4900.86
3617,CUS-4247,POL-055528,43977.52,"{'type': None, 'brand': 'ProtectPlus'}",3501.41
3618,CUS-7864,POL-676305,14263.61,"{'type': None, 'brand': 'InsureCorp'}",5571.79
3619,CUS-5753,POL-364603,76705.36,"{'type': 'health', 'brand': 'ProtectPlus'}",6408.38
3620,CUS-6255,POL-059309,12785.81,"{'type': 'life', 'brand': 'InsureCorp'}",2790.78
3621,CUS-9111,POL-002758,26995.54,"{'type': 'health', 'brand': 'ProtectPlus'}",5714.34
3622,CUS-5360,POL-285676,36727.25,"{'type': 'life', 'brand': 'LifeSecure'}",4987.99
3623,CUS-8928,POL-359721,11192.31,"{'type': 'life', 'brand': 'ProtectPlus'}",4553.41
3624,CUS-4454,POL-369371,12103.76,"{'type': 'home', 'brand': 'InsureCorp'}",6272.07
3625,CUS-1885,POL-305596,59974.69,"{'type': 'life', 'brand': 'InsureCorp'}",2364.4
3626,CUS-1892,POL-713618,22762.32,"{'type': 'health', 'brand': 'ProtectPlus'}",4808.52
3627,CUS-6165,POL-688966,-2147483649.0,"{'type': 'life', 'brand': 'LifeSecure'}",4189.3
3628,CUS-7071,POL-897354,41965.88,"{'type': 'life', 'brand': 'LifeSecure'}",5253.21
3629,CUS-5815,POL-651552,57166.55,"{'type': 'home', 'brand': 'SafeGuard'}",6548.29
3630,CUS-1811,POL-857193,11397.88,"{'type': 'home', 'brand': 'SafeGuard'}",4269.34
3631,CUS-1011,POL-295957,36599.73,"{'type': 'life', 'brand': 'InsureCorp'}",3339.94
3632,CUS-1996,POL-961791,81719.84,"{'type': 'health', 'brand': 'ProtectPlus'}",7020.81
3633,CUS-7327,POL-745471,96425.03,"{'type': 'life', 'brand': 'InsureCorp'}",3236.53
3634,CUS-1039,POL-569777,78698.89,"{'type': 'health', 'brand': 'InsureCorp'}",329.16
3635,CUS-6456,POL-931646,46307.47,"{'type': 'life', 'brand': 'InsureCorp'}",3990.62
3636,CUS-9805,POL-228449,77399.2,"{'type': 'life', 'brand': 'ProtectPlus'}",2879.74
3637,CUS-3089,730859,43194.26,"{'type': 'life', 'brand': 'ProtectPlus'}",4016.12
3638,CUS-1605,POL-590930,67740.77,"{'type': 'auto ', 'brand': 'SafeGuard'}",5585.48
3639,CUS-9183,POL-112737,23859.91,"{'type': 'home', 'brand': 'SafeGuard'}",4026.69
3640,CUS-3949,POL-125521,94337.13,"{'type': 'auto', 'brand': 'SafeGuard'}",4989.39
3641,CUS-3279,POL-877068,88739.86,"{'type': 'health', 'brand': 'ProtectPlus'}",5696.37
3642,CUS-3970,POL-507837,72885.94,"{'type': 'life', 'brand': 'LifeSecure'}",4988.19
3643,CUS-8477,POL-590582,64460.05,"{'type': 'life', 'brand': 'LifeSecure'}",614.53
3644,CUS-2855,POL-724944,28681.11,"{'type': 'auto', 'brand': 'InsureCorp'}",7404.46
3645,CUS-4389,POL-855998,99548.18,"{'type': None, 'brand': 'LifeSecure'}",2900.14
3646,CUS-2093,POL-310038,42998.53,"{'type': 'home', 'brand': 'SafeGuard'}",5484.67
3647,CUS-4745,POL-614273,41134.07,"{'type': 'auto', 'brand': 'SafeGuard'}",3698.24
3648,CUS-4000,POL-760018,42189.8,"{'type': 'life', 'brand': 'ProtectPlus'}",5546.28
3649,CUS-4806,POL-177443,58749.53,"{'type': 'health', 'brand': 'ProtectPlus'}",5290.47
3650,CUS-4995,POL-497326,51545.28,"{'type': 'auto ', 'brand': 'SafeGuard'}",2343.28
3651,CUS-6225,POL-972072,92691.96,"{'type': None, 'brand': 'SafeGuard'}",6751.74
3652,CUS-1076,POL-398302,18961.21,"{'type': 'auto', 'brand': 'SafeGuard'}",832.97
3653,CUS-1306,POL-928513,52207.01,"{'type': 'life', 'brand': 'LifeSecure'}",1006.16
3654,CUS-6695,POL-750188,63055.46,"{'type': 'health', 'brand': 'ProtectPlus'}",50000
3655,CUS-9150,POL-188578,29329.18,"{'type': 'health', 'brand': 'InsureCorp'}",50000
3656,CUS-3603,POL-415187,51402.33,"{'type': 'health', 'brand': 'ProtectPlus'}",6881.88
3657,CUS-3544,POL-148502,36993.15,"{'type': 'life', 'brand': 'ProtectPlus'}",823.48
3658,CUS-8058,POL-501232,63318.7,"{'type': 'home', 'brand': 'SafeGuard'}",4338.3
3659,CUS-3415,POL-348558,25219.75,"{'type': 'life', 'brand': 'ProtectPlus'}",1122.72
3660,CUS-1893,POL-504348,57144.33,"{'type': 'life', 'brand': 'ProtectPlus'}",6401.7
3661,CUS-1585,POL-871892,31939.87,"{'type': None, 'brand': 'InsureCorp'}",1887.86
3662,CUS-7241,POL-113784,40165.24,"{'type': 'auto', 'brand': 'InsureCorp'}",6735.66
3663,CUS-9224,POL-430665,89226.3,"{'type': 'auto', 'brand': 'SafeGuard'}",609.65
3664,CUS-1890,POL-597843,79944.79,"{'type': 'life', 'brand': 'LifeSecure'}",2871.7
3665,CUS-6977,POL-964388,72509.46,"{'type': 'life', 'brand': 'InsureCorp'}",6922.34
3666,CUS-3689,POL-551480,56383.66,"{'type': 'health', 'brand': 'ProtectPlus'}",1853.3
3667,CUS-3218,POL-661575,18068.47,"{'type': 'life', 'brand': 'ProtectPlus'}",6053.3
3668,CUS-1018,POL-831546,82477.48,"{'type': 'life', 'brand': 'LifeSecure'}",3254.51
3669,CUS-3068,POL-197658,-2147483649.0,"{'type': None, 'brand': 'InsureCorp'}",395.97
3670,CUS-4578,POL-979853,86007.54,"{'type': None, 'brand': 'ProtectPlus'}",1044.92
3671,CUS-2976,POL-593494,99228.77,"{'type': 'health', 'brand': 'ProtectPlus'}",396.44
3672,CUS-6673,POL-782256,80623.32,"{'type': None, 'brand': 'InsureCorp'}",6143.77
3673,CUS-5443,POL-973692,58947.71,"{'type': 'auto', 'brand': 'SafeGuard'}",3204.3
3674,CUS-4766,POL-980000,30136.11,"{'type': 'health', 'brand': 'ProtectPlus'}",1964.08
3675,CUS-9261,POL-183149,75015.17,"{'type': None, 'brand': 'ProtectPlus'}",5382.26
3676,CUS-6072,POL-571337,88148.78,"{'type': 'life', 'brand': 'InsureCorp'}",4905.22
3677,CUS-3984,POL-525962,84708.31,"{'type': 'life', 'brand': 'InsureCorp'}",2124.94
3678,CUS-7697,POL-422259,44698.5,"{'type': 'life', 'brand': 'LifeSecure'}",5656.54
3679,CUS-2840,POL-344097,39647.25,"{'type': 'auto', 'brand': 'SafeGuard'}",5593.47
3680,CUS-2802,POL-062277,68659.04,"{'type': 'auto', 'brand': 'SafeGuard'}",5465.33
3681,CUS-5905,POL-968509,53709.21,"{'type': 'home', 'brand': 'SafeGuard'}",579.85
3682,CUS-4395,POL-109659,82671.08,"{'type': 'health', 'brand': 'InsureCorp'}",3092.22
3683,CUS-5891,POL-537915,26537.31,"{'type': 'home', 'brand': 'SafeGuard'}",5944.53
3684,CUS-2791,POL-238661,63569.24,"{'type': 'life', 'brand': 'LifeSecure'}",5366.81
3685,CUS-3989,POL-716843,15917.58,"{'type': 'auto', 'brand': 'SafeGuard'}",4584.01
3686,CUS-1545,POL-129307,67112.63,"{'type': None, 'brand': 'InsureCorp'}",
3687,CUS-4817,POL-828446,29289.0,"{'type': 'auto', 'brand': 'SafeGuard'}",543.81
3688,CUS-2883,POL-298373,43545.6,"{'type': 'auto ', 'brand': 'SafeGuard'}",2218.11
3689,CUS-9172,POL-027098,36658.59,"{'type': 'health', 'brand': 'ProtectPlus'}",1169.92
3690,CUS-3942,POL-736130,61659.09,"{'type': 'life', 'brand': 'LifeSecure'}",1715.61
3691,CUS-9425,POL-332779,86275.76,"{'type': 'life', 'brand': 'ProtectPlus'}",432.67
3692,CUS-8291,POL-572463,34283.3,"{'type': None, 'brand': 'SafeGuard'}",4330.29
3693,CUS-2657,POL-802660,29352.08,"{'type': 'auto ', 'brand': 'SafeGuard'}",5460.92
3694,CUS-8020,POL-850419,15994.77,"{'type': 'home', 'brand': 'SafeGuard'}",7061.83
3695,CUS-5201,POL-932487,11618.53,"{'type': None, 'brand': 'SafeGuard'}",6978.74
3696,CUS-7253,POL-716004,34695.12,"{'type': 'home', 'brand': 'SafeGuard'}",5539.96
3697,CUS-9984,POL-614633,66469.4,"{'type': 'auto', 'brand': 'SafeGuard'}",6979.23
3698,CUS-1894,POL-142458,47659.6,"{'type': 'life', 'brand': 'InsureCorp'}",4087.16
3699,CUS-2139,POL-056124,56457.41,"{'type': 'auto ', 'brand': 'SafeGuard'}",2352.52
3700,CUS-6343,POL-200959,34058.4,"{'type': 'auto', 'brand': 'SafeGuard'}",3421.1
3701,CUS-1128,POL-479116,52856.53,"{'type': 'life', 'brand': 'LifeSecure'}",4862.79
3702,CUS-9547,POL-118884,32463.87,"{'type': 'health', 'brand': 'InsureCorp'}",3956.7
3703,CUS-5033,POL-724173,26085.54,"{'type': 'life', 'brand': 'LifeSecure'}",7137.49
3704,CUS-1857,POL-983980,97220.5,"{'type': 'home', 'brand': 'SafeGuard'}",5826.17
3705,CUS-3588,POL-481968,92363.82,"{'type': 'life', 'brand': 'LifeSecure'}",2831.21
3706,CUS-7242,POL-753481,96497.03,"{'type': None, 'brand': 'ProtectPlus'}",4189.95
3707,CUS-5657,POL-003178,59565.46,"{'type': 'health', 'brand': 'InsureCorp'}",1807.44
3708,CUS-3049,POL-725183,-2147483649.0,"{'type': 'home', 'brand': 'SafeGuard'}",5247.1
3709,CUS-5544,POL-694392,91169.75,"{'type': 'life', 'brand': 'LifeSecure'}",4681.68
3710,CUS-7251,POL-829208,57532.46,"{'type': 'auto ', 'brand': 'SafeGuard'}",4693.09
3711,CUS-9356,POL-452545,15332.27,"{'type': 'life', 'brand': 'LifeSecure'}",3547.59
3712,CUS-6000,POL-038317,23515.37,"{'type': 'auto ', 'brand': 'SafeGuard'}",5230.26
3713,CUS-2753,POL-241488,98109.18,"{'type': 'auto ', 'brand': 'SafeGuard'}",317.32
3714,CUS-2653,POL-567048,32611.01,"{'type': 'health', 'brand': 'InsureCorp'}",4847.0
3715,CUS-4709,POL-202272,36639.68,"{'type': 'auto', 'brand': 'InsureCorp'}",5197.31
3716,CUS-3857,POL-402116,77198.06,"{'type': 'life', 'brand': 'LifeSecure'}",1772.51
3717,CUS-3605,POL-739691,11896.01,"{'type': 'health', 'brand': 'InsureCorp'}",416.91
3718,CUS-1917,POL-294256,65625.32,"{'type': 'auto', 'brand': 'SafeGuard'}",671.78
3719,CUS-2716,POL-873999,77227.24,"{'type': None, 'brand': 'ProtectPlus'}",5242.89
3720,CUS-4422,POL-376364,61921.74,"{'type': 'home', 'brand': 'SafeGuard'}",
3721,CUS-9823,POL-581986,12217.71,"{'type': 'health', 'brand': 'InsureCorp'}",5694.19
3722,CUS-5618,POL-249936,75559.33,"{'type': 'life', 'brand': 'ProtectPlus'}",2151.85
3723,CUS-4575,POL-964575,66339.93,"{'type': 'home', 'brand': 'InsureCorp'}",4323.0
3724,CUS-2036,POL-085471,18643.76,"{'type': 'auto ', 'brand': 'SafeGuard'}",2801.66
3725,CUS-3838,POL-610406,28088.84,"{'type': 'life', 'brand': 'LifeSecure'}",1116.18
3726,CUS-6947,POL-531966,14845.47,"{'type': 'life', 'brand': 'LifeSecure'}",7090.43
3727,CUS-9190,POL-966040,26467.34,"{'type': 'health', 'brand': 'ProtectPlus'}",5818.49
3728,CUS-9163,POL-683615,35871.39,"{'type': 'home', 'brand': 'InsureCorp'}",721.57
3729,CUS-4495,POL-782453,52583.7,"{'type': None, 'brand': 'ProtectPlus'}",4403.91
3730,CUS-2802,POL-330708,83726.07,"{'type': 'life', 'brand': 'InsureCorp'}",3717.28
3731,CUS-6553,POL-858629,47884.45,"{'type': 'life', 'brand': 'LifeSecure'}",6358.53
3732,CUS-9669,POL-460460,48748.97,"{'type': 'auto', 'brand': 'InsureCorp'}",5722.62
3733,CUS-1656,POL-907959,60840.49,"{'type': 'auto', 'brand': 'SafeGuard'}",250.93
3734,CUS-5390,POL-432301,43090.66,"{'type': 'home', 'brand': 'InsureCorp'}",2512.91
3735,CUS-3865,POL-935899,95703.86,"{'type': 'home', 'brand': 'InsureCorp'}",1271.72
3736,CUS-8664,POL-394383,13891.88,"{'type': 'life', 'brand': 'LifeSecure'}",310.92
3737,CUS-3717,POL-685760,92220.28,"{'type': 'life', 'brand': 'ProtectPlus'}",
3738,CUS-1899,POL-094218,54361.4,"{'type': 'auto ', 'brand': 'SafeGuard'}",3733.32
3739,CUS-4125,POL-972770,41277.62,"{'type': 'auto', 'brand': 'SafeGuard'}",4341.49
3740,CUS-6476,POL-675804,75626.07,"{'type': 'life', 'brand': 'LifeSecure'}",741.23
3741,CUS-2585,POL-040725,14968.26,"{'type': 'home', 'brand': 'InsureCorp'}",1327.79
3742,CUS-5999,POL-795643,44329.95,"{'type': 'auto ', 'brand': 'SafeGuard'}",2043.42
3743,CUS-3061,POL-313312,94270.19,"{'type': 'life', 'brand': 'ProtectPlus'}",2032.28
3744,CUS-8789,POL-268018,93710.45,"{'type': 'life', 'brand': 'LifeSecure'}",3071.53
3745,CUS-8780,POL-490880,18255.86,"{'type': 'home', 'brand': 'SafeGuard'}",6804.35
3746,CUS-4571,POL-609871,91974.0,"{'type': 'health', 'brand': 'ProtectPlus'}",648.52
3747,CUS-5148,POL-885137,38532.23,"{'type': 'life', 'brand': 'LifeSecure'}",3370.9
3748,CUS-2098,POL-178160,35798.66,"{'type': 'auto', 'brand': 'InsureCorp'}",2564.77
3749,CUS-7037,POL-197653,96826.84,"{'type': 'auto', 'brand': 'InsureCorp'}",5319.39
3750,CUS-5286,POL-869027,95356.81,"{'type': 'home', 'brand': 'SafeGuard'}",6189.34
3751,CUS-1288,POL-232652,62547.92,"{'type': 'health', 'brand': 'ProtectPlus'}",4593.82
3752,CUS-4456,POL-038402,95389.94,"{'type': 'home', 'brand': 'InsureCorp'}",4119.55
3753,CUS-6013,POL-707138,22804.53,"{'type': 'auto ', 'brand': 'SafeGuard'}",6619.1
3754,CUS-2698,POL-293940,49604.84,"{'type': 'health', 'brand': 'ProtectPlus'}",2824.95
3755,CUS-7737,POL-216834,92477.48,"{'type': 'auto', 'brand': 'SafeGuard'}",3781.17
3756,CUS-2746,POL-369282,33660.95,"{'type': 'life', 'brand': 'LifeSecure'}",3960.12
3757,CUS-3876,POL-679337,67838.76,"{'type': 'health', 'brand': 'ProtectPlus'}",4056.93
3758,CUS-1989,POL-527235,68978.21,"{'type': 'auto', 'brand': 'SafeGuard'}",5577.38
3759,CUS-9235,POL-953956,94177.92,"{'type': 'home', 'brand': 'InsureCorp'}",2021.34
3760,CUS-2695,POL-318411,20798.58,"{'type': 'life', 'brand': 'ProtectPlus'}",1505.03
3761,CUS-9771,POL-007982,34141.95,"{'type': 'life', 'brand': 'LifeSecure'}",4685.54
3762,CUS-6227,POL-311545,45633.94,"{'type': 'auto ', 'brand': 'SafeGuard'}",498.18
3763,CUS-2615,POL-259238,70921.94,"{'type': 'health', 'brand': 'ProtectPlus'}",3228.39
3764,CUS-4959,POL-778626,42670.14,"{'type': 'life', 'brand': 'LifeSecure'}",2246.83
3765,CUS-9658,POL-999527,19982.32,"{'type': 'home', 'brand': 'InsureCorp'}",249.92
3766,CUS-7778,POL-512860,18130.31,"{'type': 'health', 'brand': 'ProtectPlus'}",1520.53
3767,CUS-5572,POL-595529,41999.88,"{'type': 'home', 'brand': 'InsureCorp'}",2173.37
3768,CUS-1830,POL-742047,88589.77,"{'type': 'auto', 'brand': 'SafeGuard'}",3155.59
3769,CUS-6872,POL-549762,75672.0,"{'type': 'life', 'brand': 'ProtectPlus'}",5380.91
3770,CUS-4473,POL-986487,94738.11,"{'type': 'auto ', 'brand': 'SafeGuard'}",7149.61
3771,CUS-7401,POL-552732,38519.08,"{'type': 'home', 'brand': 'InsureCorp'}",3714.44
3772,CUS-7706,POL-517604,70066.87,"{'type': None, 'brand': 'LifeSecure'}",2229.69
3773,CUS-1397,POL-771229,61109.13,"{'type': 'life', 'brand': 'LifeSecure'}",5039.73
3774,CUS-2752,POL-985930,28509.69,"{'type': 'life', 'brand': 'LifeSecure'}",3622.99
3775,CUS-5737,POL-171692,93106.28,"{'type': 'health', 'brand': 'InsureCorp'}",2495.73
3776,CUS-3294,POL-897724,89736.91,"{'type': 'life', 'brand': 'LifeSecure'}",7240.67
3777,CUS-8297,POL-265076,70304.11,"{'type': 'home', 'brand': 'InsureCorp'}",7274.66
3778,CUS-6078,POL-914674,61080.17,"{'type': 'auto ', 'brand': 'SafeGuard'}",6464.3
3779,CUS-5007,POL-389754,29013.73,"{'type': 'home', 'brand': 'SafeGuard'}",4585.89
3780,CUS-1905,POL-857321,95484.08,"{'type': 'life', 'brand': 'ProtectPlus'}",2287.84
3781,CUS-9993,POL-697504,23477.25,"{'type': 'health', 'brand': 'InsureCorp'}",5234.36
3782,CUS-8584,POL-958197,96084.33,"{'type': 'life', 'brand': 'LifeSecure'}",1644.51
3783,CUS-6075,POL-941594,51469.87,"{'type': 'auto', 'brand': 'InsureCorp'}",2091.9
3784,CUS-1542,POL-966822,35505.39,"{'type': 'auto ', 'brand': 'SafeGuard'}",6796.26
3785,CUS-5573,POL-151292,90919.97,"{'type': 'life', 'brand': 'InsureCorp'}",1589.5
3786,CUS-6939,POL-865310,35139.06,"{'type': 'auto', 'brand': 'SafeGuard'}",7360.65
3787,CUS-8888,POL-932836,99691.69,"{'type': 'life', 'brand': 'InsureCorp'}",1742.95
3788,CUS-4462,POL-973068,26492.94,"{'type': 'life', 'brand': 'ProtectPlus'}",6740.54
3789,CUS-9965,POL-583154,52315.23,"{'type': 'auto', 'brand': 'SafeGuard'}",1047.32
3790,CUS-7921,POL-529834,55230.52,"{'type': None, 'brand': 'ProtectPlus'}",3879.54
3791,CUS-7769,POL-029497,54601.28,"{'type': 'life', 'brand': 'LifeSecure'}",6567.3
3792,CUS-4964,POL-396524,75871.6,"{'type': 'life', 'brand': 'LifeSecure'}",1858.45
3793,CUS-2547,POL-299810,40181.82,"{'type': 'life', 'brand': 'ProtectPlus'}",3187.05
3794,CUS-6435,POL-943962,76608.07,"{'type': 'health', 'brand': 'InsureCorp'}",2258.78
3795,CUS-7662,POL-283947,14315.76,"{'type': 'auto ', 'brand': 'SafeGuard'}",2891.26
3796,CUS-7903,POL-645059,17728.79,"{'type': None, 'brand': 'LifeSecure'}",4470.45
3797,CUS-7336,POL-215561,37871.94,"{'type': 'life', 'brand': 'ProtectPlus'}",4697.82
3798,CUS-2602,POL-394639,76437.42,"{'type': 'life', 'brand': 'LifeSecure'}",4783.21
3799,CUS-6168,POL-308996,-2147483649.0,"{'type': 'health', 'brand': 'ProtectPlus'}",6000.4
3800,CUS-2007,POL-957168,89910.19,"{'type': 'home', 'brand': 'InsureCorp'}",50000
3801,CUS-3667,POL-483811,24873.02,"{'type': 'health', 'brand': 'InsureCorp'}",3779.76
3802,CUS-2863,POL-246730,75592.96,"{'type': 'life', 'brand': 'ProtectPlus'}",7094.68
3803,CUS-5639,POL-913864,45559.44,"{'type': 'auto', 'brand': 'SafeGuard'}",4941.24
3804,CUS-1208,POL-272692,21135.74,"{'type': 'life', 'brand': 'LifeSecure'}",3472.46
3805,CUS-1175,POL-918744,62934.47,"{'type': 'auto', 'brand': 'SafeGuard'}",6322.23
3806,CUS-6752,POL-704257,51435.96,"{'type': 'life', 'brand': 'LifeSecure'}",6201.06
3807,CUS-4556,POL-752520,33847.04,"{'type': None, 'brand': 'ProtectPlus'}",7150.46
3808,CUS-5171,POL-146943,50834.34,"{'type': 'auto ', 'brand': 'SafeGuard'}",3967.24
3809,CUS-9550,POL-864036,80710.23,"{'type': None, 'brand': 'LifeSecure'}",2747.76
3810,CUS-5043,POL-704420,42396.7,"{'type': 'health', 'brand': 'ProtectPlus'}",4608.66
3811,CUS-6217,POL-416601,51445.06,"{'type': None, 'brand': 'LifeSecure'}",6556.88
3812,CUS-6872,POL-776508,10270.69,"{'type': 'home', 'brand': 'InsureCorp'}",2720.7
3813,CUS-1946,POL-740862,70346.07,"{'type': 'health', 'brand': 'ProtectPlus'}",7330.03
3814,CUS-1011,POL-903176,15595.64,"{'type': 'health', 'brand': 'ProtectPlus'}",4006.94
3815,CUS-1941,POL-938845,36532.87,"{'type': 'home', 'brand': 'SafeGuard'}",1778.65
3816,CUS-1614,POL-450414,22716.97,"{'type': 'home', 'brand': 'SafeGuard'}",1153.78
3817,CUS-7285,POL-659809,76190.66,"{'type': 'life', 'brand': 'LifeSecure'}",7038.03
3818,CUS-5772,POL-326976,14671.58,"{'type': 'health', 'brand': 'ProtectPlus'}",2053.71
3819,CUS-9947,POL-518773,53913.51,"{'type': 'auto ', 'brand': 'SafeGuard'}",1923.29
3820,CUS-9855,POL-217322,13761.36,"{'type': 'auto ', 'brand': 'SafeGuard'}",3655.95
3821,CUS-2855,POL-429189,74589.47,"{'type': None, 'brand': 'LifeSecure'}",6903.06
3822,CUS-6377,POL-685132,55554.62,"{'type': 'life', 'brand': 'ProtectPlus'}",6442.26
3823,CUS-1590,POL-323138,87397.82,"{'type': 'auto ', 'brand': 'SafeGuard'}",481.18
3824,CUS-1630,POL-487836,81686.87,"{'type': 'auto ', 'brand': 'SafeGuard'}",3590.07
3825,CUS-1837,POL-442386,69456.52,"{'type': 'life', 'brand': 'ProtectPlus'}",376.6
3826,CUS-5168,POL-535788,31034.39,"{'type': 'life', 'brand': 'ProtectPlus'}",4695.08
3827,CUS-7697,POL-648443,81208.22,"{'type': 'home', 'brand': 'InsureCorp'}",1169.54
3828,CUS-6798,POL-129925,49425.15,"{'type': 'auto', 'brand': 'SafeGuard'}",5149.64
3829,CUS-7015,POL-351183,82789.39,"{'type': 'health', 'brand': 'ProtectPlus'}",818.41
3830,CUS-5909,POL-357830,38223.78,"{'type': 'life', 'brand': 'ProtectPlus'}",3112.52
3831,CUS-4816,POL-821501,97119.63,"{'type': None, 'brand': 'LifeSecure'}",7154.07
3832,CUS-6565,POL-240820,11969.41,"{'type': 'health', 'brand': 'InsureCorp'}",6174.18
3833,CUS-6056,POL-722428,92944.92,"{'type': 'life', 'brand': 'ProtectPlus'}",5825.31
3834,CUS-8786,POL-295312,26842.02,"{'type': 'life', 'brand': 'LifeSecure'}",4431.71
3835,CUS-7307,POL-449822,34457.76,"{'type': 'life', 'brand': 'ProtectPlus'}",6805.24
3836,CUS-5573,POL-010131,88691.56,"{'type': None, 'brand': 'SafeGuard'}",627.98
3837,CUS-1149,POL-560130,79173.73,"{'type': 'life', 'brand': 'ProtectPlus'}",5344.98
3838,CUS-1528,184337,71801.69,"{'type': 'life', 'brand': 'LifeSecure'}",3401.67
3839,CUS-3935,POL-879094,38106.33,"{'type': 'health', 'brand': 'InsureCorp'}",5639.28
3840,CUS-9172,POL-506981,48531.95,"{'type': 'home', 'brand': 'SafeGuard'}",6823.22
3841,CUS-1127,POL-331736,70518.82,"{'type': 'life', 'brand': 'ProtectPlus'}",211.49
3842,CUS-3126,POL-123632,50734.02,"{'type': 'home', 'brand': 'SafeGuard'}",1859.14
3843,CUS-2975,POL-026493,85314.98,"{'type': None, 'brand': 'SafeGuard'}",3086.03
3844,CUS-4751,POL-710793,26413.89,"{'type': 'life', 'brand': 'LifeSecure'}",185.95
3845,CUS-7092,POL-118100,31011.15,"{'type': 'home', 'brand': 'InsureCorp'}",6890.56
3846,CUS-6790,POL-540396,28410.24,"{'type': 'life', 'brand': 'ProtectPlus'}",
3847,CUS-4252,POL-271520,28208.21,"{'type': 'life', 'brand': 'LifeSecure'}",4744.45
3848,CUS-7343,071388,14965.4,"{'type': 'life', 'brand': 'LifeSecure'}",6141.77
3849,CUS-1650,POL-408957,99356.37,"{'type': 'auto ', 'brand': 'SafeGuard'}",2401.59
3850,CUS-6061,POL-533607,49695.64,"{'type': 'life', 'brand': 'ProtectPlus'}",5803.85
3851,CUS-3603,POL-293524,42219.94,"{'type': 'life', 'brand': 'LifeSecure'}",1001.47
3852,CUS-9586,POL-877963,64286.91,"{'type': 'home', 'brand': 'SafeGuard'}",1507.92
3853,CUS-9414,POL-407442,79400.82,"{'type': 'health', 'brand': 'ProtectPlus'}",6408.07
3854,CUS-7326,POL-628954,87922.0,"{'type': 'life', 'brand': 'LifeSecure'}",1821.89
3855,CUS-8940,POL-165399,49400.29,"{'type': 'life', 'brand': 'LifeSecure'}",2287.32
3856,CUS-5549,POL-646368,60123.74,"{'type': 'health', 'brand': 'ProtectPlus'}",3454.06
3857,CUS-1418,POL-387140,92318.17,"{'type': 'home', 'brand': 'SafeGuard'}",7189.58
3858,CUS-3112,POL-333981,93776.67,"{'type': 'health', 'brand': 'ProtectPlus'}",3625.47
3859,CUS-3569,POL-751489,90183.75,"{'type': 'auto ', 'brand': 'SafeGuard'}",5642.94
3860,CUS-2796,POL-840427,88534.42,"{'type': 'health', 'brand': 'InsureCorp'}",4635.28
3861,CUS-4597,POL-254862,25410.38,"{'type': 'health', 'brand': 'ProtectPlus'}",2306.76
3862,CUS-9851,POL-623882,40850.47,"{'type': 'health', 'brand': 'InsureCorp'}",3439.58
3863,CUS-7015,439274,65254.39,"{'type': 'life', 'brand': 'LifeSecure'}",4709.65
3864,CUS-4268,POL-631384,90527.96,"{'type': 'life', 'brand': 'InsureCorp'}",6418.87
3865,CUS-1844,POL-121498,86978.34,"{'type': None, 'brand': 'ProtectPlus'}",1318.62
3866,CUS-2837,POL-466701,25140.07,"{'type': 'life', 'brand': 'LifeSecure'}",1400.34
3867,CUS-4252,POL-279202,48531.37,"{'type': 'life', 'brand': 'ProtectPlus'}",4193.62
3868,CUS-9907,POL-281944,86255.6,"{'type': 'auto ', 'brand': 'SafeGuard'}",5944.67
3869,CUS-5874,POL-606702,42984.92,"{'type': 'auto ', 'brand': 'SafeGuard'}",3691.47
3870,CUS-9858,POL-913639,57747.65,"{'type': 'home', 'brand': 'SafeGuard'}",3106.92
3871,CUS-7268,POL-866382,45693.67,"{'type': 'auto', 'brand': 'SafeGuard'}",6915.27
3872,CUS-1163,POL-285140,61252.12,"{'type': 'home', 'brand': 'SafeGuard'}",412.0
3873,CUS-5873,POL-275139,66721.25,"{'type': 'life', 'brand': 'InsureCorp'}",5554.6
3874,CUS-3764,POL-190431,30099.32,"{'type': 'home', 'brand': 'SafeGuard'}",2716.51
3875,CUS-8319,POL-143378,28358.1,"{'type': 'auto', 'brand': 'SafeGuard'}",2734.23
3876,CUS-5523,POL-384791,74898.5,"{'type': 'life', 'brand': 'LifeSecure'}",2489.76
3877,CUS-8904,POL-327770,59195.69,"{'type': 'life', 'brand': 'LifeSecure'}",4419.66
3878,CUS-3655,POL-412766,57840.87,"{'type': 'auto', 'brand': 'SafeGuard'}",3929.07
3879,CUS-4237,POL-179967,86480.04,"{'type': 'life', 'brand': 'LifeSecure'}",5630.62
3880,CUS-3584,POL-292234,17142.13,"{'type': None, 'brand': 'SafeGuard'}",4979.12
3881,CUS-6399,POL-753065,14698.88,"{'type': 'life', 'brand': 'LifeSecure'}",2356.09
3882,CUS-4014,POL-547969,40135.59,"{'type': 'life', 'brand': 'LifeSecure'}",2625.21
3883,CUS-4745,329351,65389.6,"{'type': 'auto', 'brand': 'InsureCorp'}",5931.56
3884,CUS-4534,POL-199202,54929.5,"{'type': 'life', 'brand': 'LifeSecure'}",7322.69
3885,CUS-8100,POL-726525,72118.66,"{'type': 'life', 'brand': 'LifeSecure'}",6317.36
3886,CUS-7046,POL-049044,75238.54,"{'type': 'health', 'brand': 'InsureCorp'}",4511.05
3887,CUS-4495,POL-293099,53490.95,"{'type': 'life', 'brand': 'LifeSecure'}",4008.26
3888,CUS-1872,POL-647615,85428.13,"{'type': 'auto', 'brand': 'InsureCorp'}",3109.82
3889,CUS-3791,POL-765114,14193.3,"{'type': 'home', 'brand': 'InsureCorp'}",5683.42
3890,CUS-3931,POL-140527,34984.29,"{'type': 'auto ', 'brand': 'SafeGuard'}",5002.0
3891,CUS-9261,POL-522090,97324.11,"{'type': 'life', 'brand': 'LifeSecure'}",4435.66
3892,CUS-1559,POL-188521,95629.22,"{'type': 'life', 'brand': 'ProtectPlus'}",3734.0
3893,CUS-9029,POL-766405,46906.19,"{'type': 'life', 'brand': 'ProtectPlus'}",3289.15
3894,CUS-1128,POL-139630,13634.51,"{'type': 'auto ', 'brand': 'SafeGuard'}",1487.38
3895,CUS-7869,POL-087402,74365.63,"{'type': 'health', 'brand': 'ProtectPlus'}",3335.46
3896,CUS-5074,POL-065959,20649.24,"{'type': 'auto', 'brand': 'SafeGuard'}",3965.88
3897,CUS-1152,POL-975322,80869.0,"{'type': 'life', 'brand': 'ProtectPlus'}",2650.75
3898,CUS-7774,POL-570114,43366.56,"{'type': 'life', 'brand': 'ProtectPlus'}",3419.43
3899,CUS-8229,050509,25501.28,"{'type': 'health', 'brand': 'ProtectPlus'}",4705.11
3900,CUS-8941,POL-150006,60671.75,"{'type': 'life', 'brand': 'LifeSecure'}",5970.21
3901,CUS-9592,POL-694126,43804.93,"{'type': 'auto', 'brand': 'SafeGuard'}",3356.1
3902,CUS-3541,POL-435788,40870.67,"{'type': 'health', 'brand': 'ProtectPlus'}",1285.67
3903,CUS-3306,POL-362870,42217.47,"{'type': 'auto ', 'brand': 'SafeGuard'}",6318.36
3904,CUS-1560,POL-489370,19406.27,"{'type': 'health', 'brand': 'ProtectPlus'}",6242.0
3905,CUS-2894,POL-518580,61253.59,"{'type': 'life', 'brand': 'ProtectPlus'}",1065.72
3906,CUS-5639,POL-304954,93931.99,"{'type': 'auto', 'brand': 'InsureCorp'}",1486.72
3907,CUS-4015,POL-256658,12296.22,"{'type': 'auto ', 'brand': 'SafeGuard'}",963.5
3908,CUS-9103,POL-479254,74013.14,"{'type': 'life', 'brand': 'InsureCorp'}",2097.83
3909,CUS-2755,POL-100084,77609.26,"{'type': 'health', 'brand': 'InsureCorp'}",3574.04
3910,CUS-7398,983145,26318.29,"{'type': 'life', 'brand': 'ProtectPlus'}",3270.49
3911,CUS-6334,POL-952528,27877.2,"{'type': 'auto', 'brand': 'SafeGuard'}",1425.68
3912,CUS-3312,POL-053856,25225.37,"{'type': 'life', 'brand': 'ProtectPlus'}",7262.0
3913,CUS-3159,POL-889251,56681.26,"{'type': 'health', 'brand': 'ProtectPlus'}",6168.13
3914,CUS-2093,POL-539794,61660.41,"{'type': 'life', 'brand': 'LifeSecure'}",7478.1
3915,CUS-5100,POL-177946,78155.06,"{'type': 'health', 'brand': 'InsureCorp'}",470.26
3916,CUS-3036,POL-250178,42807.16,"{'type': 'life', 'brand': 'InsureCorp'}",4670.71
3917,CUS-2244,POL-945971,36156.65,"{'type': 'health', 'brand': 'InsureCorp'}",5389.47
3918,CUS-3259,POL-020422,44805.51,"{'type': 'home', 'brand': 'SafeGuard'}",4848.48
3919,CUS-1682,POL-470605,47220.89,"{'type': 'life', 'brand': 'ProtectPlus'}",4833.04
3920,CUS-1238,POL-290869,40235.11,"{'type': None, 'brand': 'InsureCorp'}",5072.73
3921,CUS-8257,POL-917526,79240.41,"{'type': 'home', 'brand': 'SafeGuard'}",5017.24
3922,CUS-4662,POL-072539,33249.33,"{'type': 'life', 'brand': 'LifeSecure'}",2134.31
3923,CUS-1572,POL-493707,87163.2,"{'type': 'home', 'brand': 'SafeGuard'}",1090.82
3924,CUS-8158,POL-852737,48199.21,"{'type': 'life', 'brand': 'LifeSecure'}",2619.52
3925,CUS-7578,POL-755715,87244.19,"{'type': 'life', 'brand': 'ProtectPlus'}",4944.1
3926,CUS-8333,POL-485841,96825.58,"{'type': 'auto', 'brand': 'SafeGuard'}",2860.59
3927,CUS-4979,POL-232685,41593.75,"{'type': 'home', 'brand': 'SafeGuard'}",6736.18
3928,CUS-2202,POL-968610,17329.89,"{'type': 'life', 'brand': 'LifeSecure'}",2328.24
3929,CUS-2905,POL-719253,32577.61,"{'type': 'health', 'brand': 'InsureCorp'}",858.8
3930,CUS-1899,POL-161051,34162.49,"{'type': 'health', 'brand': 'ProtectPlus'}",4480.7
3931,CUS-2585,POL-913034,92251.66,"{'type': 'life', 'brand': 'LifeSecure'}",6017.17
3932,CUS-6922,POL-188933,69666.05,"{'type': 'life', 'brand': 'ProtectPlus'}",7122.45
3933,CUS-4198,POL-885252,32359.69,"{'type': 'life', 'brand': 'LifeSecure'}",
3934,CUS-6254,POL-710095,55263.68,"{'type': 'auto', 'brand': 'InsureCorp'}",
3935,CUS-5203,POL-449373,25441.42,"{'type': 'life', 'brand': 'ProtectPlus'}",551.49
3936,CUS-8741,POL-376928,18695.92,"{'type': 'life', 'brand': 'LifeSecure'}",396.88
3937,CUS-3726,POL-148386,34973.72,"{'type': 'auto', 'brand': 'SafeGuard'}",7129.18
3938,CUS-8465,POL-338562,50428.47,"{'type': 'health', 'brand': 'InsureCorp'}",841.77
3939,CUS-3863,POL-345383,22164.25,"{'type': 'life', 'brand': 'InsureCorp'}",4438.41
3940,CUS-3541,POL-051277,37008.72,"{'type': 'home', 'brand': 'SafeGuard'}",731.25
3941,CUS-6850,POL-351852,86147.73,"{'type': 'life', 'brand': 'LifeSecure'}",320.27
3942,CUS-4656,POL-935744,88720.04,"{'type': 'life', 'brand': 'LifeSecure'}",7205.48
3943,CUS-6815,POL-690981,40715.57,"{'type': 'health', 'brand': 'InsureCorp'}",1040.98
3944,CUS-4705,POL-335607,57925.01,"{'type': 'home', 'brand': 'SafeGuard'}",1382.37
3945,CUS-7069,POL-912008,43022.2,"{'type': 'auto', 'brand': 'InsureCorp'}",2699.09
3946,CUS-4462,POL-898120,52756.75,"{'type': 'auto', 'brand': 'InsureCorp'}",2211.18
3947,CUS-5573,POL-988664,77803.41,"{'type': 'life', 'brand': 'LifeSecure'}",909.43
3948,CUS-5005,POL-547014,19699.35,"{'type': 'health', 'brand': 'InsureCorp'}",5668.69
3949,CUS-1267,POL-328621,47940.72,"{'type': 'life', 'brand': 'LifeSecure'}",3896.34
3950,CUS-8983,POL-817962,86360.76,"{'type': 'life', 'brand': 'LifeSecure'}",1540.31
3951,CUS-2037,POL-708045,-2147483649.0,"{'type': 'auto ', 'brand': 'SafeGuard'}",6258.11
3952,CUS-1528,POL-427750,28058.48,"{'type': 'home', 'brand': 'SafeGuard'}",6306.1
3953,CUS-8825,POL-977069,78410.47,"{'type': 'health', 'brand': 'ProtectPlus'}",779.04
3954,CUS-4673,POL-653672,10049.38,"{'type': 'life', 'brand': 'InsureCorp'}",2517.05
3955,CUS-8853,909701,64026.65,"{'type': 'life', 'brand': 'LifeSecure'}",3366.75
3956,CUS-6836,POL-078328,87835.66,"{'type': None, 'brand': 'InsureCorp'}",1748.99
3957,CUS-1989,POL-138216,33607.52,"{'type': 'life', 'brand': 'LifeSecure'}",2031.29
3958,CUS-3543,POL-770429,36970.07,"{'type': 'auto ', 'brand': 'SafeGuard'}",1515.18
3959,CUS-3234,POL-958960,77482.54,"{'type': None, 'brand': 'SafeGuard'}",4955.52
3960,CUS-4598,POL-452552,-2147483649.0,"{'type': 'auto', 'brand': 'SafeGuard'}",208.95
3961,CUS-2321,POL-061987,90107.62,"{'type': 'life', 'brand': 'ProtectPlus'}",
3962,CUS-3960,POL-697427,31657.12,"{'type': 'life', 'brand': 'LifeSecure'}",3246.16
3963,CUS-3685,POL-859945,88788.81,"{'type': 'home', 'brand': 'InsureCorp'}",1952.56
3964,CUS-2140,POL-711030,84765.9,"{'type': 'life', 'brand': 'LifeSecure'}",6979.08
3965,CUS-2679,POL-550006,52179.18,"{'type': 'health', 'brand': 'ProtectPlus'}",6649.62
3966,CUS-7269,POL-882167,39678.15,"{'type': 'auto ', 'brand': 'SafeGuard'}",4467.58
3967,CUS-6957,POL-413170,65099.12,"{'type': 'health', 'brand': 'ProtectPlus'}",3752.9
3968,CUS-1764,POL-276126,91957.85,"{'type': 'auto', 'brand': 'SafeGuard'}",4559.07
3969,CUS-6240,POL-319896,73003.92,"{'type': 'auto', 'brand': 'InsureCorp'}",4293.72
3970,CUS-9733,POL-439019,45108.71,"{'type': 'life', 'brand': 'LifeSecure'}",1655.68
3971,CUS-1618,POL-955932,77543.8,"{'type': 'life', 'brand': 'LifeSecure'}",4860.71
3972,CUS-7325,POL-493249,94728.3,"{'type': 'life', 'brand': 'LifeSecure'}",2836.78
3973,CUS-5379,POL-789457,87721.63,"{'type': 'auto ', 'brand': 'SafeGuard'}",3936.74
3974,CUS-9844,POL-396194,18020.77,"{'type': None, 'brand': 'LifeSecure'}",6313.88
3975,CUS-7934,POL-759625,57339.43,"{'type': 'auto', 'brand': 'SafeGuard'}",6960.91
3976,CUS-2232,POL-992778,12830.4,"{'type': 'home', 'brand': 'InsureCorp'}",6356.76
3977,CUS-2447,POL-685902,11488.14,"{'type': 'life', 'brand': 'LifeSecure'}",3902.28
3978,CUS-3977,POL-112857,22290.19,"{'type': 'life', 'brand': 'LifeSecure'}",1380.89
3979,CUS-5557,POL-244071,69535.01,"{'type': 'life', 'brand': 'ProtectPlus'}",1080.02
3980,CUS-8336,POL-342341,34837.0,"{'type': 'life', 'brand': 'LifeSecure'}",2836.05
3981,CUS-3137,POL-757570,24864.52,"{'type': 'health', 'brand': 'ProtectPlus'}",3044.47
3982,CUS-9299,POL-721661,54166.41,"{'type': 'life', 'brand': 'LifeSecure'}",5610.86
3983,CUS-2194,POL-708337,45013.11,"{'type': 'life', 'brand': 'LifeSecure'}",4401.02
3984,CUS-9440,POL-809255,66358.23,"{'type': 'auto', 'brand': 'SafeGuard'}",5747.95
3985,CUS-2363,POL-888370,43766.29,"{'type': 'life', 'brand': 'ProtectPlus'}",6331.37
3986,CUS-1578,POL-668455,63464.63,"{'type': 'life', 'brand': 'LifeSecure'}",1104.26
3987,CUS-6753,POL-423328,41472.77,"{'type': 'life', 'brand': 'LifeSecure'}",840.99
3988,CUS-8941,POL-022529,60221.55,"{'type': 'health', 'brand': 'InsureCorp'}",758.23
3989,CUS-9624,POL-037036,13140.33,"{'type': 'health', 'brand': 'ProtectPlus'}",1203.33
3990,CUS-3134,POL-145560,93111.68,"{'type': 'life', 'brand': 'ProtectPlus'}",3000.31
3991,CUS-5116,POL-134664,91700.89,"{'type': 'life', 'brand': 'LifeSecure'}",631.89
3992,CUS-4625,POL-413043,73692.7,"{'type': 'home', 'brand': 'SafeGuard'}",6237.63
3993,CUS-5464,POL-965286,33641.92,"{'type': 'life', 'brand': 'InsureCorp'}",377.51
3994,CUS-8603,POL-454282,93971.22,"{'type': 'auto ', 'brand': 'SafeGuard'}",819.77
3995,CUS-4489,POL-935883,44413.45,"{'type': 'life', 'brand': 'LifeSecure'}",6071.03
3996,CUS-7587,POL-226732,48432.85,"{'type': 'life', 'brand': 'LifeSecure'}",7251.37
3997,CUS-4519,POL-574305,29801.4,"{'type': 'health', 'brand': 'ProtectPlus'}",7185.04
3998,CUS-2281,POL-893071,-2147483649.0,"{'type': 'health', 'brand': 'ProtectPlus'}",6565.03
3999,CUS-7334,POL-125176,69258.67,"{'type': 'home', 'brand': 'InsureCorp'}",6345.57
4000,CUS-6997,POL-444341,71955.62,"{'type': None, 'brand': 'InsureCorp'}",2716.55
4001,CUS-8061,POL-821426,85683.82,"{'type': None, 'brand': 'SafeGuard'}",1545.88
4002,CUS-3795,POL-931773,35198.89,"{'type': 'health', 'brand': 'ProtectPlus'}",50000
4003,CUS-8708,POL-518805,59962.67,"{'type': 'life', 'brand': 'LifeSecure'}",3509.65
4004,CUS-9502,POL-303610,51615.48,"{'type': 'life', 'brand': 'InsureCorp'}",4064.66
4005,CUS-2338,POL-866706,21840.96,"{'type': None, 'brand': 'InsureCorp'}",4787.11
4006,CUS-9801,POL-863118,-2147483649.0,"{'type': 'auto', 'brand': 'InsureCorp'}",2597.12
4007,CUS-2407,POL-937985,33184.49,"{'type': 'home', 'brand': 'SafeGuard'}",4735.17
4008,CUS-3064,098632,70771.17,"{'type': 'home', 'brand': 'SafeGuard'}",6734.84
4009,CUS-9528,POL-859154,30312.03,"{'type': 'life', 'brand': 'LifeSecure'}",798.7
4010,CUS-8523,POL-547618,23473.49,"{'type': 'auto', 'brand': 'InsureCorp'}",713.44
4011,CUS-8438,POL-270907,44607.99,"{'type': 'life', 'brand': 'LifeSecure'}",4490.42
4012,CUS-9382,POL-556620,34439.14,"{'type': 'auto', 'brand': 'InsureCorp'}",483.18
4013,CUS-2097,POL-862145,25071.96,"{'type': 'life', 'brand': 'LifeSecure'}",3171.23
4014,CUS-8844,POL-052846,69301.55,"{'type': 'auto ', 'brand': 'SafeGuard'}",5049.94
4015,CUS-3291,POL-298763,40318.93,"{'type': 'home', 'brand': 'InsureCorp'}",1535.75
4016,CUS-7661,POL-652512,85900.7,"{'type': 'health', 'brand': 'ProtectPlus'}",717.22
4017,CUS-3049,POL-054443,14984.56,"{'type': 'life', 'brand': 'LifeSecure'}",4519.91
4018,CUS-1845,POL-829713,61124.16,"{'type': 'auto', 'brand': 'InsureCorp'}",627.91
4019,CUS-8473,POL-526679,74203.18,"{'type': 'life', 'brand': 'ProtectPlus'}",4157.94
4020,CUS-1026,POL-431849,17568.94,"{'type': 'health', 'brand': 'InsureCorp'}",50000
4021,CUS-1410,POL-243929,55420.54,"{'type': 'life', 'brand': 'LifeSecure'}",6219.03
4022,CUS-1502,POL-665879,84185.55,"{'type': 'life', 'brand': 'ProtectPlus'}",6338.58
4023,CUS-4839,POL-304071,38448.58,"{'type': 'health', 'brand': 'ProtectPlus'}",1439.03
4024,CUS-3316,POL-112667,47423.44,"{'type': 'life', 'brand': 'LifeSecure'}",894.64
4025,CUS-7632,POL-350480,15250.49,"{'type': 'auto ', 'brand': 'SafeGuard'}",5469.7
4026,CUS-9738,POL-089399,40292.99,"{'type': 'auto', 'brand': 'SafeGuard'}",5819.77
4027,CUS-4442,POL-514445,20200.26,"{'type': 'life', 'brand': 'InsureCorp'}",452.09
4028,CUS-5609,POL-094253,17154.3,"{'type': 'auto ', 'brand': 'SafeGuard'}",4789.71
4029,CUS-9499,POL-695405,32036.08,"{'type': 'home', 'brand': 'SafeGuard'}",6080.41
4030,CUS-1484,POL-303967,68914.7,"{'type': None, 'brand': 'LifeSecure'}",2704.39
4031,CUS-9334,POL-967821,99774.64,"{'type': 'life', 'brand': 'LifeSecure'}",1978.31
4032,CUS-1079,766909,29526.72,"{'type': 'auto ', 'brand': 'SafeGuard'}",2368.88
4033,CUS-3588,POL-236496,57728.91,"{'type': 'life', 'brand': 'ProtectPlus'}",427.65
4034,CUS-2312,POL-007335,57905.78,"{'type': 'home', 'brand': 'InsureCorp'}",3954.53
4035,CUS-5941,POL-561045,14687.83,"{'type': 'life', 'brand': 'InsureCorp'}",3238.58
4036,CUS-2455,POL-857583,46164.4,"{'type': 'health', 'brand': 'InsureCorp'}",1474.6
4037,CUS-4370,POL-576346,75272.52,"{'type': 'life', 'brand': 'LifeSecure'}",1074.0
4038,CUS-6731,POL-964375,81680.09,"{'type': 'life', 'brand': 'ProtectPlus'}",
4039,CUS-3976,POL-071243,50224.11,"{'type': 'auto', 'brand': 'InsureCorp'}",1329.68
4040,CUS-6225,POL-374662,35543.42,"{'type': 'health', 'brand': 'InsureCorp'}",6349.5
4041,CUS-9656,POL-049008,91065.39,"{'type': 'life', 'brand': 'ProtectPlus'}",3010.32
4042,CUS-7575,POL-708764,46097.46,"{'type': 'home', 'brand': 'SafeGuard'}",4318.97
4043,CUS-6343,POL-881607,81235.76,"{'type': 'auto ', 'brand': 'SafeGuard'}",5284.58
4044,CUS-7205,POL-714754,62195.83,"{'type': 'health', 'brand': 'InsureCorp'}",6260.33
4045,CUS-3257,POL-028036,27106.29,"{'type': 'life', 'brand': 'InsureCorp'}",7239.56
4046,CUS-6464,POL-497739,71742.96,"{'type': 'life', 'brand': 'LifeSecure'}",3977.46
4047,CUS-1022,POL-321622,64670.82,"{'type': 'life', 'brand': 'LifeSecure'}",6629.84
4048,CUS-2487,POL-126142,90015.09,"{'type': 'home', 'brand': 'InsureCorp'}",2461.38
4049,CUS-4155,POL-923484,45783.46,"{'type': 'auto', 'brand': 'InsureCorp'}",2429.64
4050,CUS-1016,POL-532352,76210.88,"{'type': 'life', 'brand': 'ProtectPlus'}",3845.53
4051,CUS-4454,POL-371651,36535.67,"{'type': 'life', 'brand': 'ProtectPlus'}",1856.15
4052,CUS-1244,POL-792564,78269.12,"{'type': 'life', 'brand': 'LifeSecure'}",5571.26
4053,CUS-6350,POL-356307,73378.75,"{'type': 'home', 'brand': 'SafeGuard'}",7303.02
4054,CUS-8311,POL-222188,88481.18,"{'type': 'life', 'brand': 'InsureCorp'}",994.09
4055,CUS-7108,POL-542071,37416.38,"{'type': None, 'brand': 'LifeSecure'}",6504.05
4056,CUS-6671,POL-759963,39069.14,"{'type': 'life', 'brand': 'ProtectPlus'}",1627.09
4057,CUS-8253,POL-279072,16370.04,"{'type': 'health', 'brand': 'ProtectPlus'}",7409.94
4058,CUS-1856,POL-290084,22535.53,"{'type': 'life', 'brand': 'LifeSecure'}",5442.07
4059,CUS-3126,POL-694366,74178.77,"{'type': 'home', 'brand': 'SafeGuard'}",4916.14
4060,CUS-8357,POL-238849,94215.15,"{'type': 'auto', 'brand': 'InsureCorp'}",2578.99
4061,CUS-6560,POL-985472,85058.44,"{'type': 'health', 'brand': 'ProtectPlus'}",3999.9
4062,CUS-8151,POL-241590,53862.29,"{'type': 'auto', 'brand': 'InsureCorp'}",1885.0
4063,CUS-2465,POL-316374,82208.59,"{'type': 'home', 'brand': 'SafeGuard'}",1307.7
4064,CUS-1382,POL-888655,44267.88,"{'type': 'life', 'brand': 'InsureCorp'}",412.59
4065,CUS-6421,POL-203211,32312.07,"{'type': 'life', 'brand': 'InsureCorp'}",6800.08
4066,CUS-8983,POL-030829,92873.86,"{'type': 'life', 'brand': 'ProtectPlus'}",5656.42
4067,CUS-6850,POL-659935,32095.49,"{'type': 'life', 'brand': 'ProtectPlus'}",6141.91
4068,CUS-5798,POL-545349,60574.25,"{'type': 'health', 'brand': 'ProtectPlus'}",3709.85
4069,CUS-9576,POL-679165,60668.73,"{'type': 'life', 'brand': 'LifeSecure'}",4855.04
4070,CUS-6399,POL-239917,54870.13,"{'type': 'home', 'brand': 'SafeGuard'}",3081.7
4071,CUS-5068,POL-516028,43397.17,"{'type': None, 'brand': 'InsureCorp'}",1595.33
4072,CUS-6479,POL-713852,81502.9,"{'type': 'auto', 'brand': 'SafeGuard'}",997.18
4073,CUS-2958,POL-516073,58249.21,"{'type': 'home', 'brand': 'SafeGuard'}",4268.17
4074,CUS-4333,POL-950016,88084.34,"{'type': 'life', 'brand': 'LifeSecure'}",1896.76
4075,CUS-2855,POL-559486,62805.55,"{'type': 'auto ', 'brand': 'SafeGuard'}",6103.77
4076,CUS-4210,POL-678212,46701.94,"{'type': 'life', 'brand': 'LifeSecure'}",2281.74
4077,CUS-3093,POL-889088,87545.8,"{'type': 'home', 'brand': 'SafeGuard'}",275.34
4078,CUS-7092,POL-704860,59330.92,"{'type': None, 'brand': 'ProtectPlus'}",6010.02
4079,CUS-9966,POL-770912,46666.28,"{'type': 'auto ', 'brand': 'SafeGuard'}",440.65
4080,CUS-8010,POL-420810,73835.28,"{'type': 'life', 'brand': 'LifeSecure'}",1566.74
4081,CUS-1407,POL-278611,48530.0,"{'type': 'home', 'brand': 'SafeGuard'}",1125.24
4082,CUS-9255,POL-997388,90665.91,"{'type': 'life', 'brand': 'ProtectPlus'}",5520.09
4083,CUS-3394,POL-205689,48955.46,"{'type': 'home', 'brand': 'InsureCorp'}",5966.9
4084,CUS-8038,POL-026351,54833.34,"{'type': 'life', 'brand': 'ProtectPlus'}",4841.33
4085,CUS-9235,POL-025354,28133.26,"{'type': 'life', 'brand': 'LifeSecure'}",3912.41
4086,CUS-5855,POL-272781,83826.48,"{'type': 'auto ', 'brand': 'SafeGuard'}",1256.2
4087,CUS-3844,POL-901891,40309.25,"{'type': 'life', 'brand': 'ProtectPlus'}",2749.87
4088,CUS-3549,POL-064572,63974.84,"{'type': 'life', 'brand': 'ProtectPlus'}",3981.93
4089,CUS-5506,POL-416065,57428.9,"{'type': 'auto ', 'brand': 'SafeGuard'}",1539.79
4090,CUS-3964,POL-013726,63689.78,"{'type': 'life', 'brand': 'InsureCorp'}",7275.19
4091,CUS-8683,POL-986434,27007.39,"{'type': 'life', 'brand': 'InsureCorp'}",7234.92
4092,CUS-3208,POL-365155,82269.09,"{'type': 'life', 'brand': 'LifeSecure'}",3298.44
4093,CUS-9830,713422,62890.64,"{'type': 'life', 'brand': 'LifeSecure'}",5930.11
4094,CUS-9779,POL-516750,66380.68,"{'type': 'health', 'brand': 'InsureCorp'}",5851.35
4095,CUS-7614,POL-649650,38471.28,"{'type': 'life', 'brand': 'ProtectPlus'}",6965.45
4096,CUS-5898,POL-867152,99633.52,"{'type': 'auto ', 'brand': 'SafeGuard'}",6546.58
4097,CUS-7768,POL-333236,34713.69,"{'type': 'auto', 'brand': 'SafeGuard'}",849.0
4098,CUS-1168,POL-227708,80420.07,"{'type': 'life', 'brand': 'InsureCorp'}",3697.3
4099,CUS-3446,POL-049725,74944.41,"{'type': 'health', 'brand': 'InsureCorp'}",3413.81
4100,CUS-6242,POL-057863,74778.41,"{'type': 'home', 'brand': 'SafeGuard'}",5651.72
4101,CUS-1905,POL-690301,22810.61,"{'type': 'health', 'brand': 'ProtectPlus'}",5632.93
4102,CUS-7551,POL-600879,81015.23,"{'type': None, 'brand': 'LifeSecure'}",369.44
4103,CUS-1120,POL-599722,43214.91,"{'type': 'auto', 'brand': 'SafeGuard'}",557.75
4104,CUS-6228,POL-233380,65094.99,"{'type': 'life', 'brand': 'ProtectPlus'}",2079.58
4105,CUS-2354,POL-237155,71556.93,"{'type': 'life', 'brand': 'LifeSecure'}",1300.68
4106,CUS-2462,POL-012811,89979.41,"{'type': 'auto ', 'brand': 'SafeGuard'}",896.61
4107,CUS-4537,POL-620749,97929.75,"{'type': 'life', 'brand': 'ProtectPlus'}",2831.55
4108,CUS-9049,POL-526002,98264.68,"{'type': None, 'brand': 'ProtectPlus'}",3681.88
4109,CUS-6118,POL-203642,49798.69,"{'type': 'life', 'brand': 'ProtectPlus'}",5270.38
4110,CUS-6771,POL-451794,-2147483649.0,"{'type': 'home', 'brand': 'SafeGuard'}",1788.06
4111,CUS-8783,POL-500542,41082.91,"{'type': None, 'brand': 'ProtectPlus'}",2925.51
4112,CUS-4476,POL-864782,69929.02,"{'type': 'health', 'brand': 'InsureCorp'}",2165.87
4113,CUS-9367,POL-325038,37427.26,"{'type': 'auto ', 'brand': 'SafeGuard'}",4257.42
4114,CUS-2407,POL-119130,52793.44,"{'type': 'life', 'brand': 'LifeSecure'}",305.37
4115,CUS-9055,POL-405688,45707.51,"{'type': 'health', 'brand': 'ProtectPlus'}",3206.35
4116,CUS-8504,POL-289232,90492.14,"{'type': 'life', 'brand': 'LifeSecure'}",1226.12
4117,CUS-1358,POL-302152,40218.06,"{'type': 'health', 'brand': 'ProtectPlus'}",1418.54
4118,CUS-5433,328368,28279.06,"{'type': 'health', 'brand': 'InsureCorp'}",3204.66
4119,CUS-3644,POL-123348,77765.36,"{'type': 'auto', 'brand': 'SafeGuard'}",1927.74
4120,CUS-6544,POL-690208,36291.78,"{'type': 'health', 'brand': 'ProtectPlus'}",1894.48
4121,CUS-6334,POL-435370,71180.17,"{'type': 'life', 'brand': 'ProtectPlus'}",3149.3
4122,CUS-5134,POL-765344,73383.19,"{'type': 'life', 'brand': 'ProtectPlus'}",7415.8
4123,CUS-1502,POL-281319,37159.8,"{'type': 'life', 'brand': 'ProtectPlus'}",6515.83
4124,CUS-4705,POL-619256,34479.95,"{'type': 'life', 'brand': 'ProtectPlus'}",4806.9
4125,CUS-7622,POL-307854,92432.17,"{'type': 'health', 'brand': 'ProtectPlus'}",2170.89
4126,CUS-3415,POL-739091,88103.85,"{'type': 'home', 'brand': 'SafeGuard'}",5400.34
4127,CUS-5737,POL-573770,31716.75,"{'type': 'health', 'brand': 'ProtectPlus'}",3247.92
4128,CUS-6603,POL-198684,16918.82,"{'type': 'life', 'brand': 'ProtectPlus'}",2695.83
4129,CUS-4026,POL-096242,96403.76,"{'type': 'life', 'brand': 'LifeSecure'}",3451.37
4130,CUS-2653,POL-849191,14900.51,"{'type': None, 'brand': 'InsureCorp'}",4452.54
4131,CUS-8912,POL-428229,44492.44,"{'type': 'life', 'brand': 'InsureCorp'}",5473.4
4132,CUS-2975,POL-244895,88446.17,"{'type': 'auto', 'brand': 'InsureCorp'}",1232.19
4133,CUS-1712,POL-014124,29027.96,"{'type': 'life', 'brand': 'LifeSecure'}",3176.25
4134,CUS-2185,POL-567380,39650.73,"{'type': 'auto ', 'brand': 'SafeGuard'}",2560.18
4135,CUS-2361,POL-550784,96867.96,"{'type': 'life', 'brand': 'InsureCorp'}",1697.02
4136,CUS-4124,POL-417800,18300.57,"{'type': 'life', 'brand': 'ProtectPlus'}",
4137,CUS-1264,POL-464281,84235.1,"{'type': 'health', 'brand': 'ProtectPlus'}",6339.13
4138,CUS-2354,POL-342801,31693.28,"{'type': 'auto', 'brand': 'SafeGuard'}",3548.7
4139,CUS-1519,POL-642974,74498.0,"{'type': 'life', 'brand': 'ProtectPlus'}",7265.93
4140,CUS-6842,POL-317820,61956.49,"{'type': 'auto', 'brand': 'InsureCorp'}",4239.94
4141,CUS-7443,POL-452920,16066.51,"{'type': 'health', 'brand': 'ProtectPlus'}",5985.23
4142,CUS-7181,POL-224991,57314.14,"{'type': 'auto ', 'brand': 'SafeGuard'}",6579.05
4143,CUS-7065,POL-720341,18485.91,"{'type': 'auto', 'brand': 'SafeGuard'}",488.91
4144,CUS-4370,POL-593388,10374.86,"{'type': 'auto', 'brand': 'SafeGuard'}",2383.83
4145,CUS-3077,POL-696728,24610.13,"{'type': 'home', 'brand': 'SafeGuard'}",425.35
4146,CUS-1671,POL-325971,-2147483649.0,"{'type': 'health', 'brand': 'InsureCorp'}",5655.25
4147,CUS-3599,POL-805840,59851.5,"{'type': 'life', 'brand': 'ProtectPlus'}",2923.6
4148,CUS-7108,POL-744708,62874.79,"{'type': 'auto', 'brand': 'SafeGuard'}",4871.09
4149,CUS-3363,POL-279848,99249.2,"{'type': 'life', 'brand': 'LifeSecure'}",7015.51
4150,CUS-7454,POL-709708,99200.61,"{'type': None, 'brand': 'LifeSecure'}",6559.53
4151,CUS-3064,POL-286744,49693.43,"{'type': 'auto', 'brand': 'InsureCorp'}",5613.57
4152,CUS-8318,POL-342527,97471.04,"{'type': 'life', 'brand': 'LifeSecure'}",657.73
4153,CUS-5865,POL-888888,67312.63,"{'type': 'life', 'brand': 'LifeSecure'}",5963.72
4154,CUS-6223,POL-276685,82808.77,"{'type': 'auto', 'brand': 'InsureCorp'}",2654.0
4155,CUS-7691,POL-580902,71039.6,"{'type': 'life', 'brand': 'LifeSecure'}",5010.5
4156,CUS-3570,837276,18026.42,"{'type': 'health', 'brand': 'InsureCorp'}",7249.86
4157,CUS-3658,POL-595428,35622.84,"{'type': 'auto', 'brand': 'InsureCorp'}",2034.54
4158,CUS-3104,POL-178974,93185.38,"{'type': 'life', 'brand': 'InsureCorp'}",6165.54
4159,CUS-9083,POL-581097,20202.35,"{'type': 'auto', 'brand': 'SafeGuard'}",1358.31
4160,CUS-5547,POL-856632,35829.97,"{'type': 'life', 'brand': 'ProtectPlus'}",6337.46
4161,CUS-6650,POL-863932,66202.67,"{'type': 'auto', 'brand': 'InsureCorp'}",726.08
4162,CUS-2195,POL-379817,62715.76,"{'type': 'health', 'brand': 'InsureCorp'}",3051.29
4163,CUS-7106,POL-576149,53482.51,"{'type': 'auto', 'brand': 'SafeGuard'}",628.94
4164,CUS-2679,POL-939591,46115.16,"{'type': 'home', 'brand': 'SafeGuard'}",5401.15
4165,CUS-5507,POL-596648,35932.31,"{'type': 'life', 'brand': 'ProtectPlus'}",483.09
4166,CUS-2757,POL-876817,10378.92,"{'type': 'life', 'brand': 'LifeSecure'}",1157.89
4167,CUS-6134,POL-411326,29288.03,"{'type': 'home', 'brand': 'SafeGuard'}",4716.66
4168,CUS-1185,POL-815969,82044.45,"{'type': 'life', 'brand': 'LifeSecure'}",6380.47
4169,CUS-4694,POL-736387,14778.57,"{'type': 'life', 'brand': 'ProtectPlus'}",3718.0
4170,CUS-2241,POL-738187,69696.11,"{'type': 'life', 'brand': 'ProtectPlus'}",7190.57
4171,CUS-6330,POL-244130,27118.59,"{'type': 'life', 'brand': 'LifeSecure'}",1041.96
4172,CUS-3148,POL-091207,22624.03,"{'type': 'life', 'brand': 'LifeSecure'}",224.1
4173,CUS-5791,POL-882525,65829.07,"{'type': 'life', 'brand': 'LifeSecure'}",4769.54
4174,CUS-9333,POL-166597,17757.92,"{'type': None, 'brand': 'ProtectPlus'}",4357.52
4175,CUS-4055,POL-603464,30706.23,"{'type': 'health', 'brand': 'InsureCorp'}",6183.58
4176,CUS-3756,POL-471998,22580.41,"{'type': 'auto', 'brand': 'InsureCorp'}",1817.32
4177,CUS-5653,POL-309336,22163.92,"{'type': 'life', 'brand': 'ProtectPlus'}",5729.61
4178,CUS-7462,POL-551438,59512.61,"{'type': 'life', 'brand': 'LifeSecure'}",3750.37
4179,CUS-5499,POL-073759,26516.7,"{'type': 'home', 'brand': 'SafeGuard'}",4880.63
4180,CUS-2364,POL-198128,69776.5,"{'type': 'health', 'brand': 'InsureCorp'}",5936.05
4181,CUS-6522,POL-472221,95125.07,"{'type': 'life', 'brand': 'ProtectPlus'}",7192.28
4182,CUS-3320,POL-079726,69955.75,"{'type': 'auto ', 'brand': 'SafeGuard'}",2079.0
4183,CUS-5593,POL-888856,14436.86,"{'type': 'health', 'brand': 'ProtectPlus'}",739.46
4184,CUS-2003,POL-715081,98593.1,"{'type': 'home', 'brand': 'InsureCorp'}",3258.69
4185,CUS-8292,POL-602542,35917.98,"{'type': 'life', 'brand': 'LifeSecure'}",5599.98
4186,CUS-7097,POL-950582,48629.93,"{'type': 'life', 'brand': 'LifeSecure'}",2715.08
4187,CUS-9147,POL-964846,41995.24,"{'type': None, 'brand': 'SafeGuard'}",3363.43
4188,CUS-8267,POL-610901,94813.25,"{'type': 'life', 'brand': 'LifeSecure'}",6053.67
4189,CUS-4739,POL-413299,69644.2,"{'type': 'home', 'brand': 'InsureCorp'}",6456.85
4190,CUS-9747,POL-332139,37571.41,"{'type': 'life', 'brand': 'LifeSecure'}",1956.26
4191,CUS-9834,POL-334736,66049.91,"{'type': 'home', 'brand': 'SafeGuard'}",1723.95
4192,CUS-7381,POL-590274,73006.65,"{'type': 'life', 'brand': 'ProtectPlus'}",2030.01
4193,CUS-3568,POL-250853,94995.05,"{'type': 'life', 'brand': 'LifeSecure'}",6413.23
4194,CUS-3297,POL-924871,23787.32,"{'type': 'life', 'brand': 'LifeSecure'}",939.07
4195,CUS-2783,POL-300403,79036.19,"{'type': 'home', 'brand': 'SafeGuard'}",
4196,CUS-9855,POL-903224,76463.07,"{'type': 'life', 'brand': 'InsureCorp'}",1024.55
4197,CUS-6886,POL-171792,65131.73,"{'type': 'life', 'brand': 'InsureCorp'}",5870.01
4198,CUS-9777,POL-884798,62939.16,"{'type': 'health', 'brand': 'ProtectPlus'}",2340.74
4199,CUS-2873,POL-737297,95964.62,"{'type': 'health', 'brand': 'InsureCorp'}",5524.26
4200,CUS-9921,POL-851013,-2147483649.0,"{'type': None, 'brand': 'ProtectPlus'}",6796.85
4201,CUS-2324,POL-688504,36606.98,"{'type': 'home', 'brand': 'InsureCorp'}",5829.54
4202,CUS-4625,POL-369743,26765.23,"{'type': 'life', 'brand': 'LifeSecure'}",5925.29
4203,CUS-8512,POL-475964,27861.36,"{'type': 'health', 'brand': 'ProtectPlus'}",1805.91
4204,CUS-9303,POL-126865,65897.82,"{'type': 'life', 'brand': 'LifeSecure'}",5182.93
4205,CUS-8445,POL-597387,91328.17,"{'type': 'life', 'brand': 'LifeSecure'}",2189.73
4206,CUS-5124,POL-434408,29606.46,"{'type': 'life', 'brand': 'LifeSecure'}",7240.09
4207,CUS-9369,POL-069358,47229.49,"{'type': 'health', 'brand': 'ProtectPlus'}",
4208,CUS-5688,POL-136195,73974.5,"{'type': 'auto', 'brand': 'SafeGuard'}",7241.99
4209,CUS-5657,POL-225915,19004.74,"{'type': 'life', 'brand': 'ProtectPlus'}",1906.61
4210,CUS-3893,POL-158436,65811.51,"{'type': 'health', 'brand': 'ProtectPlus'}",7108.76
4211,CUS-3599,POL-010424,74654.41,"{'type': 'home', 'brand': 'InsureCorp'}",2714.09
4212,CUS-6798,POL-041894,70913.92,"{'type': 'health', 'brand': 'ProtectPlus'}",3664.24
4213,CUS-2631,POL-823416,69423.02,"{'type': 'auto', 'brand': 'InsureCorp'}",7069.61
4214,CUS-7507,POL-503827,28367.98,"{'type': 'life', 'brand': 'LifeSecure'}",4085.43
4215,CUS-1312,POL-492804,89260.62,"{'type': 'life', 'brand': 'ProtectPlus'}",3413.55
4216,CUS-7851,POL-160505,22345.45,"{'type': 'health', 'brand': 'ProtectPlus'}",2177.8
4217,CUS-7581,POL-998661,70055.72,"{'type': 'life', 'brand': 'InsureCorp'}",1650.59
4218,CUS-3128,POL-622837,72801.86,"{'type': 'health', 'brand': 'InsureCorp'}",2860.84
4219,CUS-8562,POL-220829,95550.81,"{'type': 'life', 'brand': 'ProtectPlus'}",5828.81
4220,CUS-2888,POL-841547,86592.31,"{'type': 'health', 'brand': 'ProtectPlus'}",2064.29
4221,CUS-3607,POL-394539,-2147483649.0,"{'type': 'life', 'brand': 'ProtectPlus'}",6498.79
4222,CUS-9270,POL-515780,41669.08,"{'type': 'life', 'brand': 'LifeSecure'}",627.69
4223,CUS-2351,POL-735524,76184.24,"{'type': 'home', 'brand': 'InsureCorp'}",2744.25
4224,CUS-5124,POL-549641,40808.95,"{'type': 'life', 'brand': 'LifeSecure'}",571.91
4225,CUS-6665,POL-744866,68267.83,"{'type': 'life', 'brand': 'LifeSecure'}",2741.67
4226,CUS-1016,POL-922246,42205.18,"{'type': 'home', 'brand': 'SafeGuard'}",6576.41
4227,CUS-4583,POL-331197,96038.35,"{'type': 'auto', 'brand': 'InsureCorp'}",768.83
4228,CUS-9613,POL-390528,36427.49,"{'type': None, 'brand': 'LifeSecure'}",1537.76
4229,CUS-3685,POL-431206,25871.1,"{'type': 'life', 'brand': 'LifeSecure'}",
4230,CUS-6877,POL-931114,22383.03,"{'type': 'life', 'brand': 'InsureCorp'}",620.19
4231,CUS-9235,496511,44226.61,"{'type': 'life', 'brand': 'LifeSecure'}",5879.28
4232,CUS-8166,POL-584372,46242.78,"{'type': None, 'brand': 'SafeGuard'}",208.33
4233,CUS-8580,POL-495587,49237.35,"{'type': 'auto', 'brand': 'InsureCorp'}",6847.99
4234,CUS-9137,POL-450688,61408.14,"{'type': 'life', 'brand': 'ProtectPlus'}",
4235,CUS-1795,POL-941035,86014.14,"{'type': 'life', 'brand': 'LifeSecure'}",
4236,CUS-1076,POL-105055,25986.71,"{'type': 'life', 'brand': 'ProtectPlus'}",2407.33
4237,CUS-5598,POL-586755,79439.68,"{'type': 'life', 'brand': 'InsureCorp'}",4990.14
4238,CUS-4700,POL-321706,35882.81,"{'type': 'life', 'brand': 'InsureCorp'}",1201.02
4239,CUS-5667,POL-399524,93160.17,"{'type': 'home', 'brand': 'InsureCorp'}",1641.55
4240,CUS-3080,POL-004547,71966.36,"{'type': 'home', 'brand': 'SafeGuard'}",895.44
4241,CUS-1382,POL-886626,86598.91,"{'type': 'auto ', 'brand': 'SafeGuard'}",5564.97
4242,CUS-1837,POL-702034,58363.39,"{'type': 'home', 'brand': 'InsureCorp'}",3920.25
4243,CUS-6617,POL-934153,66964.84,"{'type': 'life', 'brand': 'LifeSecure'}",3258.8
4244,CUS-9478,POL-982375,19655.1,"{'type': 'life', 'brand': 'LifeSecure'}",5237.51
4245,CUS-1590,POL-672047,26847.52,"{'type': 'auto', 'brand': 'SafeGuard'}",4388.05
4246,CUS-8177,POL-198309,87555.52,"{'type': 'life', 'brand': 'LifeSecure'}",5122.34
4247,CUS-1618,POL-840111,42687.07,"{'type': 'auto', 'brand': 'InsureCorp'}",3495.23
4248,CUS-9791,POL-899538,13441.67,"{'type': 'home', 'brand': 'SafeGuard'}",5420.08
4249,CUS-2369,POL-658011,75973.04,"{'type': 'auto ', 'brand': 'SafeGuard'}",4107.89
4250,CUS-3377,POL-160229,47121.44,"{'type': 'life', 'brand': 'InsureCorp'}",3507.23
4251,CUS-7368,POL-838819,86884.45,"{'type': 'life', 'brand': 'LifeSecure'}",2473.88
4252,CUS-7412,POL-523440,40128.21,"{'type': 'health', 'brand': 'ProtectPlus'}",3112.93
4253,CUS-1120,POL-080984,23333.1,"{'type': None, 'brand': 'ProtectPlus'}",4502.41
4254,CUS-7403,POL-138720,99851.65,"{'type': 'life', 'brand': 'LifeSecure'}",1759.87
4255,CUS-8742,POL-320075,39642.6,"{'type': 'life', 'brand': 'ProtectPlus'}",1857.61
4256,CUS-1185,POL-214612,88279.08,"{'type': 'life', 'brand': 'LifeSecure'}",3352.35
4257,CUS-7119,POL-572889,65593.36,"{'type': 'auto', 'brand': 'SafeGuard'}",555.71
4258,CUS-8286,POL-963993,66762.79,"{'type': 'auto ', 'brand': 'SafeGuard'}",3047.82
4259,CUS-7964,POL-493073,72971.61,"{'type': 'home', 'brand': 'InsureCorp'}",3899.18
4260,CUS-7107,POL-678712,32388.51,"{'type': 'auto', 'brand': 'SafeGuard'}",2999.86
4261,CUS-1292,POL-552578,20623.26,"{'type': 'life', 'brand': 'LifeSecure'}",7069.12
4262,CUS-7651,POL-701877,66825.4,"{'type': 'health', 'brand': 'InsureCorp'}",6420.93
4263,CUS-8541,POL-743531,27918.73,"{'type': 'life', 'brand': 'LifeSecure'}",1900.71
4264,CUS-1365,POL-366421,96744.42,"{'type': 'auto', 'brand': 'SafeGuard'}",
4265,CUS-6377,POL-150109,93746.57,"{'type': 'health', 'brand': 'ProtectPlus'}",
4266,CUS-9847,POL-241042,92272.74,"{'type': 'health', 'brand': 'ProtectPlus'}",5721.18
4267,CUS-8926,POL-733092,98897.73,"{'type': 'life', 'brand': 'LifeSecure'}",5992.17
4268,CUS-4257,POL-390847,85170.66,"{'type': 'home', 'brand': 'InsureCorp'}",6322.49
4269,CUS-4836,POL-766655,96042.55,"{'type': 'auto', 'brand': 'InsureCorp'}",1616.58
4270,CUS-7372,POL-601287,65509.64,"{'type': 'life', 'brand': 'LifeSecure'}",
4271,CUS-7683,POL-147197,33050.04,"{'type': 'life', 'brand': 'LifeSecure'}",4115.43
4272,CUS-2832,POL-466920,15163.77,"{'type': 'auto', 'brand': 'InsureCorp'}",2503.03
4273,CUS-9178,POL-369998,85911.5,"{'type': 'life', 'brand': 'ProtectPlus'}",7309.36
4274,CUS-3415,POL-977695,44221.88,"{'type': 'life', 'brand': 'LifeSecure'}",1932.11
4275,CUS-9984,POL-567828,64047.31,"{'type': 'auto', 'brand': 'SafeGuard'}",
4276,CUS-9799,POL-750558,19823.02,"{'type': 'life', 'brand': 'LifeSecure'}",1170.46
4277,CUS-3842,POL-024503,28754.38,"{'type': 'health', 'brand': 'InsureCorp'}",1942.67
4278,CUS-7449,POL-783378,85765.22,"{'type': 'health', 'brand': 'ProtectPlus'}",4542.44
4279,CUS-4569,POL-843745,26928.32,"{'type': 'life', 'brand': 'LifeSecure'}",450.05
4280,CUS-4742,POL-196344,40579.03,"{'type': 'health', 'brand': 'ProtectPlus'}",1925.16
4281,CUS-4523,POL-090098,19326.34,"{'type': 'life', 'brand': 'LifeSecure'}",6667.95
4282,CUS-1545,POL-313429,92740.24,"{'type': 'health', 'brand': 'InsureCorp'}",392.17
4283,CUS-1375,POL-719428,32642.2,"{'type': 'life', 'brand': 'LifeSecure'}",5652.01
4284,CUS-7846,POL-925665,13277.87,"{'type': 'life', 'brand': 'LifeSecure'}",6528.24
4285,CUS-8402,POL-400230,23306.98,"{'type': 'life', 'brand': 'LifeSecure'}",5706.18
4286,CUS-1572,POL-782101,53651.64,"{'type': 'health', 'brand': 'ProtectPlus'}",3147.03
4287,CUS-5017,POL-013910,84469.6,"{'type': 'home', 'brand': 'InsureCorp'}",6994.18
4288,CUS-5615,POL-350154,99617.22,"{'type': 'home', 'brand': 'SafeGuard'}",50000
4289,CUS-8678,POL-532135,13028.18,"{'type': 'life', 'brand': 'LifeSecure'}",4432.31
4290,CUS-4631,POL-198500,37325.4,"{'type': 'life', 'brand': 'ProtectPlus'}",7316.94
4291,CUS-2695,POL-423392,15767.75,"{'type': 'home', 'brand': 'SafeGuard'}",2274.21
4292,CUS-8567,POL-420122,77444.46,"{'type': 'auto ', 'brand': 'SafeGuard'}",50000
4293,CUS-9329,POL-113594,77797.24,"{'type': 'health', 'brand': 'InsureCorp'}",4455.73
4294,CUS-2172,POL-496873,94920.64,"{'type': 'health', 'brand': 'ProtectPlus'}",2446.71
4295,CUS-2345,POL-765043,99001.15,"{'type': 'auto', 'brand': 'SafeGuard'}",3260.75
4296,CUS-6674,POL-161684,71612.5,"{'type': 'health', 'brand': 'ProtectPlus'}",6087.24
4297,CUS-8817,POL-860888,76942.87,"{'type': 'health', 'brand': 'ProtectPlus'}",6066.69
4298,CUS-2989,POL-714810,14603.92,"{'type': 'auto', 'brand': 'SafeGuard'}",
4299,CUS-5994,POL-302233,25079.68,"{'type': 'life', 'brand': 'LifeSecure'}",4342.28
4300,CUS-8572,POL-030722,93656.47,"{'type': 'home', 'brand': 'InsureCorp'}",5904.42
4301,CUS-1341,POL-133109,39631.75,"{'type': 'life', 'brand': 'ProtectPlus'}",1086.93
4302,CUS-3283,POL-010838,53582.2,"{'type': 'life', 'brand': 'LifeSecure'}",1112.71
4303,CUS-1204,POL-372357,47516.24,"{'type': 'auto', 'brand': 'SafeGuard'}",695.37
4304,CUS-1066,POL-498999,70190.64,"{'type': 'health', 'brand': 'InsureCorp'}",7134.71
4305,CUS-2608,POL-363999,22609.83,"{'type': 'life', 'brand': 'InsureCorp'}",444.32
4306,CUS-1329,POL-386851,16619.26,"{'type': 'life', 'brand': 'LifeSecure'}",7101.69
4307,CUS-5454,POL-545421,99335.99,"{'type': 'auto', 'brand': 'SafeGuard'}",2569.13
4308,CUS-3362,POL-209487,89335.98,"{'type': 'health', 'brand': 'InsureCorp'}",4128.95
4309,CUS-2558,POL-202718,51138.49,"{'type': 'health', 'brand': 'InsureCorp'}",3250.73
4310,CUS-5492,POL-028781,96063.87,"{'type': 'life', 'brand': 'ProtectPlus'}",3374.9
4311,CUS-9786,POL-437876,45145.86,"{'type': 'auto', 'brand': 'SafeGuard'}",6553.45
4312,CUS-1392,POL-375023,77691.47,"{'type': 'auto ', 'brand': 'SafeGuard'}",5390.25
4313,CUS-6030,POL-292013,-2147483649.0,"{'type': 'home', 'brand': 'InsureCorp'}",3425.9
4314,CUS-9851,POL-783262,24019.5,"{'type': 'health', 'brand': 'InsureCorp'}",2325.75
4315,CUS-5624,POL-116730,76468.5,"{'type': 'life', 'brand': 'LifeSecure'}",3344.81
4316,CUS-9736,POL-151096,43538.3,"{'type': 'life', 'brand': 'ProtectPlus'}",5224.87
4317,CUS-5181,POL-099990,75710.21,"{'type': 'life', 'brand': 'ProtectPlus'}",6195.15
4318,CUS-2462,POL-604194,18324.46,"{'type': 'life', 'brand': 'LifeSecure'}",5767.25
4319,CUS-4225,POL-228370,86773.73,"{'type': 'auto ', 'brand': 'SafeGuard'}",2197.61
4320,CUS-5426,POL-970602,14686.87,"{'type': 'home', 'brand': 'SafeGuard'}",7283.98
4321,CUS-4009,POL-721477,56537.03,"{'type': 'home', 'brand': 'InsureCorp'}",664.16
4322,CUS-5171,POL-889200,17749.4,"{'type': 'auto', 'brand': 'SafeGuard'}",1319.43
4323,CUS-9769,POL-675431,73118.85,"{'type': 'auto ', 'brand': 'SafeGuard'}",4161.0
4324,CUS-8194,POL-331141,94211.53,"{'type': 'life', 'brand': 'LifeSecure'}",4851.85
4325,CUS-9805,POL-009997,47166.36,"{'type': 'auto', 'brand': 'SafeGuard'}",2360.99
4326,CUS-2644,POL-206924,27138.97,"{'type': None, 'brand': 'LifeSecure'}",1132.85
4327,CUS-6034,POL-514051,98189.8,"{'type': 'auto', 'brand': 'InsureCorp'}",
4328,CUS-2111,POL-840607,69736.64,"{'type': 'auto ', 'brand': 'SafeGuard'}",6988.83
4329,CUS-2623,POL-098775,61718.26,"{'type': 'life', 'brand': 'ProtectPlus'}",7197.07
4330,CUS-4095,POL-153206,30192.92,"{'type': 'life', 'brand': 'InsureCorp'}",2177.61
4331,CUS-3968,POL-364380,75989.51,"{'type': 'health', 'brand': 'ProtectPlus'}",6909.01
4332,CUS-8074,POL-951962,75868.46,"{'type': 'health', 'brand': 'ProtectPlus'}",3282.6
4333,CUS-8143,POL-837483,51090.16,"{'type': 'life', 'brand': 'LifeSecure'}",3524.54
4334,CUS-2309,POL-306788,93500.84,"{'type': 'life', 'brand': 'LifeSecure'}",6355.08
4335,CUS-9753,POL-922496,44936.83,"{'type': 'life', 'brand': 'LifeSecure'}",2169.6
4336,CUS-9693,POL-633385,93230.19,"{'type': 'auto ', 'brand': 'SafeGuard'}",2111.6
4337,CUS-9588,POL-325074,56424.8,"{'type': 'life', 'brand': 'LifeSecure'}",6092.39
4338,CUS-3554,POL-841249,45878.2,"{'type': 'home', 'brand': 'InsureCorp'}",7017.17
4339,CUS-3266,POL-971590,10901.24,"{'type': 'life', 'brand': 'LifeSecure'}",6754.18
4340,CUS-4774,POL-195592,67913.44,"{'type': 'life', 'brand': 'LifeSecure'}",7069.36
4341,CUS-8367,POL-499080,25742.56,"{'type': 'health', 'brand': 'ProtectPlus'}",6750.35
4342,CUS-4412,POL-457448,64782.99,"{'type': 'health', 'brand': 'ProtectPlus'}",4172.21
4343,CUS-7443,POL-482487,98948.49,"{'type': 'health', 'brand': 'ProtectPlus'}",3274.65
4344,CUS-4327,POL-509731,58136.34,"{'type': 'life', 'brand': 'ProtectPlus'}",6182.33
4345,CUS-2839,POL-843784,71188.03,"{'type': None, 'brand': 'ProtectPlus'}",931.68
4346,CUS-7305,POL-936348,51761.28,"{'type': 'auto', 'brand': 'InsureCorp'}",6800.64
4347,CUS-6608,POL-065526,58913.25,"{'type': 'auto', 'brand': 'InsureCorp'}",6603.04
4348,CUS-3032,POL-562444,80968.26,"{'type': 'life', 'brand': 'LifeSecure'}",4586.35
4349,CUS-2098,POL-107683,28607.92,"{'type': 'life', 'brand': 'LifeSecure'}",4887.4
4350,CUS-1135,POL-115995,78254.79,"{'type': 'auto ', 'brand': 'SafeGuard'}",5344.58
4351,CUS-9131,POL-258762,14260.25,"{'type': 'auto', 'brand': 'InsureCorp'}",
4352,CUS-4700,POL-529516,40396.3,"{'type': 'life', 'brand': 'ProtectPlus'}",6164.44
4353,CUS-2827,POL-482088,39139.42,"{'type': 'life', 'brand': 'LifeSecure'}",559.63
4354,CUS-2406,POL-050478,89438.31,"{'type': 'life', 'brand': 'ProtectPlus'}",1403.15
4355,CUS-5884,POL-098357,33328.2,"{'type': 'health', 'brand': 'ProtectPlus'}",5212.34
4356,CUS-6509,POL-765483,78949.91,"{'type': None, 'brand': 'ProtectPlus'}",7120.34
4357,CUS-1778,POL-665547,-2147483649.0,"{'type': 'life', 'brand': 'ProtectPlus'}",5689.03
4358,CUS-4454,POL-398894,74079.93,"{'type': 'life', 'brand': 'ProtectPlus'}",6700.92
4359,CUS-5203,POL-986348,95271.73,"{'type': 'health', 'brand': 'InsureCorp'}",1392.7
4360,CUS-7255,POL-356688,66044.82,"{'type': 'auto ', 'brand': 'SafeGuard'}",3683.95
4361,CUS-8727,POL-419664,49720.69,"{'type': 'health', 'brand': 'ProtectPlus'}",4501.72
4362,CUS-9641,POL-515070,83959.78,"{'type': 'home', 'brand': 'SafeGuard'}",6422.33
4363,CUS-2520,POL-698626,77568.63,"{'type': 'life', 'brand': 'LifeSecure'}",2693.38
4364,CUS-3245,POL-291981,90935.81,"{'type': 'life', 'brand': 'LifeSecure'}",1226.05
4365,CUS-6697,POL-534552,63206.08,"{'type': 'auto', 'brand': 'SafeGuard'}",6586.35
4366,CUS-5725,POL-484022,86016.18,"{'type': 'health', 'brand': 'ProtectPlus'}",2403.66
4367,CUS-9669,POL-733160,52943.37,"{'type': 'home', 'brand': 'InsureCorp'}",7105.92
4368,CUS-4559,POL-682895,12574.5,"{'type': 'life', 'brand': 'ProtectPlus'}",5644.79
4369,CUS-4010,POL-849990,45464.82,"{'type': 'life', 'brand': 'InsureCorp'}",3445.56
4370,CUS-7357,POL-884695,40466.59,"{'type': 'auto', 'brand': 'InsureCorp'}",1760.97
4371,CUS-7673,POL-355093,23217.59,"{'type': 'auto ', 'brand': 'SafeGuard'}",2769.55
4372,CUS-8627,POL-847611,65276.69,"{'type': 'auto ', 'brand': 'SafeGuard'}",1678.12
4373,CUS-8830,POL-800383,82440.13,"{'type': 'health', 'brand': 'ProtectPlus'}",961.84
4374,CUS-9577,POL-570326,75540.32,"{'type': 'life', 'brand': 'ProtectPlus'}",2128.86
4375,CUS-9559,POL-464389,50869.18,"{'type': 'health', 'brand': 'ProtectPlus'}",2941.72
4376,CUS-6431,POL-599081,94477.43,"{'type': 'life', 'brand': 'LifeSecure'}",2093.2
4377,CUS-3896,POL-377523,45961.2,"{'type': 'life', 'brand': 'ProtectPlus'}",3565.91
4378,CUS-3504,POL-249978,35197.88,"{'type': 'health', 'brand': 'ProtectPlus'}",4685.75
4379,CUS-7542,POL-945647,23428.04,"{'type': 'life', 'brand': 'ProtectPlus'}",783.84
4380,CUS-9856,711744,25392.6,"{'type': 'life', 'brand': 'LifeSecure'}",6988.94
4381,CUS-3184,POL-901224,86581.39,"{'type': 'life', 'brand': 'LifeSecure'}",
4382,CUS-7643,POL-694243,15135.66,"{'type': 'auto ', 'brand': 'SafeGuard'}",6972.25
4383,CUS-7379,POL-847195,67774.53,"{'type': 'health', 'brand': 'InsureCorp'}",1832.73
4384,CUS-6897,POL-112782,43165.8,"{'type': 'auto', 'brand': 'SafeGuard'}",4062.98
4385,CUS-7702,POL-183546,70051.48,"{'type': 'health', 'brand': 'ProtectPlus'}",3493.72
4386,CUS-9768,POL-053580,73161.06,"{'type': 'home', 'brand': 'SafeGuard'}",4584.28
4387,CUS-2487,POL-874730,44614.29,"{'type': 'auto', 'brand': 'SafeGuard'}",3114.16
4388,CUS-8108,POL-312156,75566.37,"{'type': 'life', 'brand': 'ProtectPlus'}",50000
4389,CUS-4912,POL-170443,65800.23,"{'type': 'life', 'brand': 'InsureCorp'}",234.88
4390,CUS-4590,POL-959615,54180.21,"{'type': 'home', 'brand': 'InsureCorp'}",2724.75
4391,CUS-9995,POL-741121,70632.04,"{'type': 'life', 'brand': 'ProtectPlus'}",4691.52
4392,CUS-1088,POL-090461,61597.69,"{'type': 'auto', 'brand': 'SafeGuard'}",7396.83
4393,CUS-3487,POL-112852,90033.11,"{'type': 'health', 'brand': 'ProtectPlus'}",2284.72
4394,CUS-4040,POL-126173,94192.65,"{'type': 'health', 'brand': 'ProtectPlus'}",3657.54
4395,CUS-9942,POL-268740,44404.38,"{'type': 'life', 'brand': 'ProtectPlus'}",681.61
4396,CUS-1829,POL-066706,89092.17,"{'type': 'health', 'brand': 'InsureCorp'}",2913.58
4397,CUS-9615,POL-976715,26309.21,"{'type': 'home', 'brand': 'SafeGuard'}",688.68
4398,CUS-5875,POL-148783,23002.85,"{'type': 'life', 'brand': 'LifeSecure'}",7095.11
4399,CUS-2778,POL-267035,84695.89,"{'type': 'health', 'brand': 'InsureCorp'}",3486.04
4400,CUS-2961,POL-177240,56617.2,"{'type': 'life', 'brand': 'LifeSecure'}",6809.33
4401,CUS-2797,POL-071858,32396.7,"{'type': 'life', 'brand': 'LifeSecure'}",5334.24
4402,CUS-5022,POL-457590,24260.08,"{'type': 'health', 'brand': 'ProtectPlus'}",3222.22
4403,CUS-8925,POL-614017,84693.85,"{'type': 'health', 'brand': 'ProtectPlus'}",1075.66
4404,CUS-1561,POL-280852,96372.08,"{'type': 'life', 'brand': 'LifeSecure'}",996.1
4405,CUS-2621,POL-638521,45639.75,"{'type': 'life', 'brand': 'InsureCorp'}",5048.66
4406,CUS-4745,POL-441362,89223.26,"{'type': None, 'brand': 'ProtectPlus'}",
4407,CUS-8334,POL-589512,84847.23,"{'type': 'life', 'brand': 'InsureCorp'}",
4408,CUS-8098,POL-458568,19028.8,"{'type': 'life', 'brand': 'ProtectPlus'}",762.68
4409,CUS-7860,POL-834075,65804.51,"{'type': None, 'brand': 'InsureCorp'}",5682.28
4410,CUS-1552,POL-625710,78036.97,"{'type': 'life', 'brand': 'LifeSecure'}",1631.03
4411,CUS-8939,POL-499359,22477.18,"{'type': 'life', 'brand': 'LifeSecure'}",4039.18
4412,CUS-1578,POL-651058,50872.03,"{'type': 'life', 'brand': 'InsureCorp'}",525.92
4413,CUS-6709,POL-296703,68873.36,"{'type': 'life', 'brand': 'InsureCorp'}",4623.54
4414,CUS-4167,POL-396609,55827.76,"{'type': 'health', 'brand': 'ProtectPlus'}",1071.34
4415,CUS-5572,POL-677364,81441.69,"{'type': 'life', 'brand': 'LifeSecure'}",6398.82
4416,CUS-9815,POL-649388,84351.19,"{'type': 'home', 'brand': 'InsureCorp'}",3819.5
4417,CUS-9846,POL-603941,92992.31,"{'type': 'life', 'brand': 'InsureCorp'}",3906.15
4418,CUS-4049,POL-090536,89431.04,"{'type': 'home', 'brand': 'SafeGuard'}",345.61
4419,CUS-4412,POL-292839,70898.66,"{'type': 'life', 'brand': 'InsureCorp'}",2004.62
4420,CUS-5938,POL-761883,13681.65,"{'type': 'health', 'brand': 'InsureCorp'}",50000
4421,CUS-1590,POL-079386,43240.35,"{'type': 'home', 'brand': 'SafeGuard'}",2589.56
4422,CUS-4614,POL-514821,40217.25,"{'type': 'auto ', 'brand': 'SafeGuard'}",5605.36
4423,CUS-9145,POL-026534,92990.42,"{'type': 'life', 'brand': 'LifeSecure'}",940.44
4424,CUS-9630,POL-873392,30540.81,"{'type': 'auto', 'brand': 'InsureCorp'}",3516.32
4425,CUS-4618,POL-229058,65856.7,"{'type': 'life', 'brand': 'LifeSecure'}",2236.14
4426,CUS-7123,POL-678430,52441.09,"{'type': 'auto', 'brand': 'SafeGuard'}",2727.14
4427,CUS-4189,POL-644087,38582.88,"{'type': 'life', 'brand': 'ProtectPlus'}",2571.1
4428,CUS-5699,POL-043862,22580.8,"{'type': 'auto ', 'brand': 'SafeGuard'}",2872.06
4429,CUS-8185,POL-885544,68500.09,"{'type': 'home', 'brand': 'SafeGuard'}",286.84
4430,CUS-2505,POL-007004,65629.24,"{'type': 'home', 'brand': 'SafeGuard'}",4303.35
4431,CUS-5278,POL-377393,34387.42,"{'type': 'health', 'brand': 'ProtectPlus'}",2627.41
4432,CUS-8181,POL-155816,68916.08,"{'type': 'auto', 'brand': 'SafeGuard'}",548.56
4433,CUS-6429,POL-489143,97960.05,"{'type': 'life', 'brand': 'ProtectPlus'}",4045.56
4434,CUS-9776,POL-281633,62768.09,"{'type': 'life', 'brand': 'LifeSecure'}",4997.89
4435,CUS-3143,POL-377653,43442.73,"{'type': 'home', 'brand': 'SafeGuard'}",5021.35
4436,CUS-4297,POL-120627,57562.1,"{'type': 'auto ', 'brand': 'SafeGuard'}",4171.46
4437,CUS-8939,POL-295798,41470.47,"{'type': 'home', 'brand': 'SafeGuard'}",7292.09
4438,CUS-1822,POL-860855,15685.51,"{'type': 'life', 'brand': 'LifeSecure'}",4503.43
4439,CUS-2632,POL-614764,22451.27,"{'type': 'health', 'brand': 'InsureCorp'}",7347.76
4440,CUS-7905,POL-096886,53660.03,"{'type': 'auto', 'brand': 'SafeGuard'}",5845.61
4441,CUS-4437,POL-950026,32125.5,"{'type': 'auto ', 'brand': 'SafeGuard'}",1167.12
4442,CUS-7919,POL-923754,78838.76,"{'type': 'life', 'brand': 'InsureCorp'}",4980.94
4443,CUS-1116,POL-322321,88385.7,"{'type': 'auto', 'brand': 'InsureCorp'}",4383.87
4444,CUS-6045,POL-827675,54520.98,"{'type': 'auto', 'brand': 'SafeGuard'}",4127.55
4445,CUS-5097,POL-186141,58917.63,"{'type': 'life', 'brand': 'ProtectPlus'}",1015.61
4446,CUS-3543,POL-739681,67425.67,"{'type': 'life', 'brand': 'ProtectPlus'}",5539.89
4447,CUS-6790,POL-919216,48851.7,"{'type': 'health', 'brand': 'ProtectPlus'}",4908.07
4448,CUS-9180,POL-226272,75105.64,"{'type': 'auto', 'brand': 'SafeGuard'}",806.3
4449,CUS-2304,POL-816381,41270.25,"{'type': None, 'brand': 'LifeSecure'}",1882.68
4450,CUS-4136,POL-528965,17129.65,"{'type': 'life', 'brand': 'LifeSecure'}",415.16
4451,CUS-6220,POL-196163,61823.28,"{'type': 'auto', 'brand': 'InsureCorp'}",209.29
4452,CUS-2517,POL-509876,23850.6,"{'type': 'health', 'brand': 'InsureCorp'}",7484.61
4453,CUS-3541,POL-938706,38450.72,"{'type': 'auto', 'brand': 'SafeGuard'}",4113.3
4454,CUS-6179,POL-827919,55052.96,"{'type': 'life', 'brand': 'ProtectPlus'}",6504.45
4455,CUS-9434,POL-863555,80703.58,"{'type': 'home', 'brand': 'InsureCorp'}",4242.03
4456,CUS-1966,POL-689303,72566.6,"{'type': None, 'brand': 'LifeSecure'}",2794.15
4457,CUS-4981,POL-162872,54985.98,"{'type': 'life', 'brand': 'LifeSecure'}",6765.4
4458,CUS-9238,POL-403884,57658.89,"{'type': 'health', 'brand': 'ProtectPlus'}",6042.48
4459,CUS-5516,POL-976019,98821.61,"{'type': 'life', 'brand': 'LifeSecure'}",1461.23
4460,CUS-5213,POL-110171,80309.21,"{'type': 'life', 'brand': 'ProtectPlus'}",6234.71
4461,CUS-6752,POL-191737,73475.72,"{'type': 'home', 'brand': 'InsureCorp'}",5288.46
4462,CUS-6128,POL-032151,62015.81,"{'type': 'auto', 'brand': 'InsureCorp'}",3758.25
4463,CUS-1585,POL-668550,95615.55,"{'type': 'life', 'brand': 'ProtectPlus'}",1533.33
4464,CUS-5780,POL-400638,14678.77,"{'type': None, 'brand': 'SafeGuard'}",5469.18
4465,CUS-6231,POL-044616,57648.26,"{'type': 'auto', 'brand': 'SafeGuard'}",7255.07
4466,CUS-8678,POL-391527,63530.38,"{'type': 'auto', 'brand': 'InsureCorp'}",7382.53
4467,CUS-1785,POL-239285,51802.37,"{'type': 'life', 'brand': 'InsureCorp'}",5839.12
4468,CUS-6330,POL-647879,81964.09,"{'type': 'life', 'brand': 'ProtectPlus'}",
4469,CUS-8502,POL-748024,74719.6,"{'type': 'health', 'brand': 'ProtectPlus'}",6873.15
4470,CUS-7767,POL-073648,77673.65,"{'type': 'life', 'brand': 'ProtectPlus'}",1287.34
4471,CUS-4157,POL-997918,90264.47,"{'type': 'health', 'brand': 'ProtectPlus'}",7444.89
4472,CUS-4982,POL-100962,52543.72,"{'type': 'life', 'brand': 'LifeSecure'}",3788.99
4473,CUS-5733,POL-186318,79615.36,"{'type': 'life', 'brand': 'InsureCorp'}",2851.18
4474,CUS-8888,POL-872903,-2147483649.0,"{'type': 'auto', 'brand': 'SafeGuard'}",7431.56
4475,CUS-5823,POL-600289,54203.22,"{'type': 'auto', 'brand': 'InsureCorp'}",5410.53
4476,CUS-3223,POL-931320,96843.35,"{'type': 'life', 'brand': 'LifeSecure'}",1352.94
4477,CUS-8542,POL-802313,39285.88,"{'type': 'auto', 'brand': 'InsureCorp'}",5858.0
4478,CUS-5501,POL-553002,51577.97,"{'type': 'life', 'brand': 'LifeSecure'}",6577.25
4479,CUS-4750,POL-945873,50198.81,"{'type': 'home', 'brand': 'InsureCorp'}",4383.46
4480,CUS-5627,POL-479119,46515.61,"{'type': 'life', 'brand': 'ProtectPlus'}",6662.73
4481,CUS-3893,POL-779652,28906.24,"{'type': 'auto', 'brand': 'InsureCorp'}",4441.6
4482,CUS-4339,POL-066219,87066.59,"{'type': 'life', 'brand': 'LifeSecure'}",3865.77
4483,CUS-4079,POL-859925,10377.59,"{'type': 'auto', 'brand': 'SafeGuard'}",6039.86
4484,CUS-4230,POL-643888,39642.86,"{'type': 'life', 'brand': 'InsureCorp'}",7061.7
4485,CUS-2557,POL-336115,61209.14,"{'type': 'home', 'brand': 'InsureCorp'}",1036.35
4486,CUS-4436,POL-514238,90742.38,"{'type': 'health', 'brand': 'ProtectPlus'}",7128.73
4487,CUS-9649,POL-655161,30616.9,"{'type': 'health', 'brand': 'InsureCorp'}",2495.93
4488,CUS-2839,POL-795252,68443.49,"{'type': 'health', 'brand': 'ProtectPlus'}",2169.1
4489,CUS-9637,POL-518644,34257.84,"{'type': 'health', 'brand': 'InsureCorp'}",4670.62
4490,CUS-8279,POL-201208,86414.46,"{'type': 'life', 'brand': 'LifeSecure'}",6712.87
4491,CUS-4625,POL-407197,42147.77,"{'type': 'home', 'brand': 'InsureCorp'}",3571.29
4492,CUS-3552,POL-734603,61608.23,"{'type': 'life', 'brand': 'InsureCorp'}",1579.11
4493,CUS-9380,POL-599486,98389.02,"{'type': 'auto', 'brand': 'SafeGuard'}",3957.05
4494,CUS-7984,POL-845964,28123.87,"{'type': 'health', 'brand': 'InsureCorp'}",4795.96
4495,CUS-4778,POL-503925,59985.86,"{'type': 'home', 'brand': 'InsureCorp'}",5321.48
4496,CUS-6771,POL-118461,64518.37,"{'type': 'home', 'brand': 'InsureCorp'}",1664.59
4497,CUS-5138,POL-153962,50902.66,"{'type': 'auto', 'brand': 'SafeGuard'}",5927.79
4498,CUS-8042,POL-744100,66328.63,"{'type': 'health', 'brand': 'ProtectPlus'}",5365.72
4499,CUS-1457,POL-132456,21679.16,"{'type': 'life', 'brand': 'LifeSecure'}",7098.1
4500,CUS-7661,POL-698056,42988.86,"{'type': 'home', 'brand': 'SafeGuard'}",3786.79
4501,CUS-6242,POL-328650,49213.29,"{'type': 'health', 'brand': 'ProtectPlus'}",4788.2
4502,CUS-6818,POL-002145,20441.29,"{'type': 'life', 'brand': 'InsureCorp'}",3775.39
4503,CUS-3378,POL-804279,82166.34,"{'type': 'life', 'brand': 'LifeSecure'}",6478.18
4504,CUS-9905,POL-274808,68897.33,"{'type': 'life', 'brand': 'LifeSecure'}",353.94
4505,CUS-9589,POL-755632,48496.59,"{'type': 'health', 'brand': 'InsureCorp'}",1070.09
4506,CUS-4233,POL-909658,18420.18,"{'type': 'life', 'brand': 'ProtectPlus'}",1004.74
4507,CUS-8912,POL-872111,52165.64,"{'type': 'home', 'brand': 'SafeGuard'}",4198.46
4508,CUS-3791,POL-035454,10963.17,"{'type': 'health', 'brand': 'ProtectPlus'}",4381.84
4509,CUS-3964,POL-225788,55134.86,"{'type': 'life', 'brand': 'InsureCorp'}",6784.42
4510,CUS-8738,287800,37520.42,"{'type': 'life', 'brand': 'ProtectPlus'}",4825.01
4511,CUS-4456,POL-168893,59345.15,"{'type': 'life', 'brand': 'LifeSecure'}",1560.66
4512,CUS-5445,POL-715087,40449.46,"{'type': 'life', 'brand': 'LifeSecure'}",5382.41
4513,CUS-4311,020602,82729.54,"{'type': 'home', 'brand': 'InsureCorp'}",4138.81
4514,CUS-7159,POL-526367,37262.8,"{'type': 'auto', 'brand': 'SafeGuard'}",7387.8
4515,CUS-3549,POL-242164,74428.58,"{'type': 'life', 'brand': 'LifeSecure'}",5841.73
4516,CUS-6472,POL-762140,17891.41,"{'type': 'life', 'brand': 'LifeSecure'}",6765.58
4517,CUS-4083,POL-354097,92453.57,"{'type': 'life', 'brand': 'LifeSecure'}",959.11
4518,CUS-1994,POL-439144,25002.84,"{'type': 'life', 'brand': 'LifeSecure'}",2339.66
4519,CUS-2309,POL-265031,27330.97,"{'type': 'auto', 'brand': 'InsureCorp'}",3269.12
4520,CUS-6288,POL-907509,94023.33,"{'type': 'life', 'brand': 'InsureCorp'}",7463.34
4521,CUS-5058,POL-040313,26355.05,"{'type': 'auto', 'brand': 'InsureCorp'}",632.36
4522,CUS-8611,POL-691628,48770.68,"{'type': 'health', 'brand': 'ProtectPlus'}",4352.47
4523,CUS-4230,POL-246296,11964.5,"{'type': 'life', 'brand': 'LifeSecure'}",6856.62
4524,CUS-5731,POL-669986,46532.84,"{'type': 'health', 'brand': 'InsureCorp'}",5110.28
4525,CUS-2552,POL-356997,43170.08,"{'type': 'health', 'brand': 'ProtectPlus'}",3380.01
4526,CUS-9771,POL-963914,65612.53,"{'type': 'auto', 'brand': 'InsureCorp'}",6959.25
4527,CUS-4847,POL-665468,77665.9,"{'type': 'life', 'brand': 'LifeSecure'}",2416.0
4528,CUS-5319,POL-991176,53461.33,"{'type': None, 'brand': 'ProtectPlus'}",3653.98
4529,CUS-7019,POL-428683,79124.21,"{'type': 'life', 'brand': 'ProtectPlus'}",5440.18
4530,CUS-6790,POL-443699,50799.24,"{'type': None, 'brand': 'LifeSecure'}",2809.88
4531,CUS-6534,POL-962542,93275.41,"{'type': 'life', 'brand': 'ProtectPlus'}",2138.62
4532,CUS-3306,POL-418166,94566.14,"{'type': 'life', 'brand': 'ProtectPlus'}",482.33
4533,CUS-3118,POL-915014,24811.37,"{'type': 'home', 'brand': 'SafeGuard'}",603.63
4534,CUS-1383,POL-715098,46394.05,"{'type': 'life', 'brand': 'ProtectPlus'}",4234.77
4535,CUS-6080,POL-366301,94440.16,"{'type': 'auto ', 'brand': 'SafeGuard'}",4232.17
4536,CUS-9669,POL-505921,99029.56,"{'type': 'health', 'brand': 'ProtectPlus'}",2647.26
4537,CUS-7354,POL-737803,60204.52,"{'type': 'home', 'brand': 'SafeGuard'}",4358.69
4538,CUS-8847,POL-816357,33662.95,"{'type': 'life', 'brand': 'ProtectPlus'}",6712.63
4539,CUS-1328,POL-894707,27929.93,"{'type': 'health', 'brand': 'InsureCorp'}",3048.79
4540,CUS-2351,POL-800254,51927.25,"{'type': 'life', 'brand': 'LifeSecure'}",5840.22
4541,CUS-5414,POL-826402,98950.74,"{'type': 'life', 'brand': 'ProtectPlus'}",1797.97
4542,CUS-7860,POL-984370,77135.12,"{'type': None, 'brand': 'InsureCorp'}",1713.1
4543,CUS-2596,POL-960889,21861.54,"{'type': 'life', 'brand': 'InsureCorp'}",6842.03
4544,CUS-2375,POL-412447,31688.58,"{'type': 'auto', 'brand': 'SafeGuard'}",7263.66
4545,CUS-9762,POL-153521,67396.94,"{'type': None, 'brand': 'ProtectPlus'}",4024.64
4546,CUS-3088,POL-429629,67967.52,"{'type': 'life', 'brand': 'ProtectPlus'}",161.64
4547,CUS-7469,POL-515129,36030.62,"{'type': None, 'brand': 'InsureCorp'}",5472.86
4548,CUS-1859,POL-160321,66194.19,"{'type': 'auto ', 'brand': 'SafeGuard'}",884.51
4549,CUS-2847,POL-915997,27069.31,"{'type': 'home', 'brand': 'SafeGuard'}",4601.47
4550,CUS-2322,POL-488803,43927.38,"{'type': 'life', 'brand': 'LifeSecure'}",5889.33
4551,CUS-6522,POL-729253,57299.1,"{'type': 'health', 'brand': 'ProtectPlus'}",2747.65
4552,CUS-4301,POL-486109,87361.11,"{'type': 'life', 'brand': 'InsureCorp'}",6902.12
4553,CUS-5976,POL-813305,52302.64,"{'type': 'home', 'brand': 'InsureCorp'}",2073.82
4554,CUS-8132,POL-990407,88970.32,"{'type': 'auto ', 'brand': 'SafeGuard'}",2869.52
4555,CUS-6724,POL-289522,91608.8,"{'type': 'auto', 'brand': 'InsureCorp'}",1009.09
4556,CUS-6522,POL-500236,76003.89,"{'type': 'life', 'brand': 'LifeSecure'}",2317.37
4557,CUS-7849,POL-590384,43621.74,"{'type': 'health', 'brand': 'ProtectPlus'}",893.79
4558,CUS-3942,POL-996627,14927.84,"{'type': 'auto ', 'brand': 'SafeGuard'}",4773.06
4559,CUS-1757,POL-153724,28377.54,"{'type': 'life', 'brand': 'ProtectPlus'}",700.43
4560,CUS-2020,POL-615738,86236.36,"{'type': 'life', 'brand': 'InsureCorp'}",3762.38
4561,CUS-4972,POL-213256,63065.64,"{'type': 'auto ', 'brand': 'SafeGuard'}",4930.87
4562,CUS-2698,POL-016004,33047.69,"{'type': 'home', 'brand': 'SafeGuard'}",287.82
4563,CUS-2251,POL-207501,23850.63,"{'type': 'auto', 'brand': 'SafeGuard'}",4702.93
4564,CUS-4709,POL-769640,50097.27,"{'type': 'auto ', 'brand': 'SafeGuard'}",6893.11
4565,CUS-1647,POL-535032,89723.22,"{'type': 'life', 'brand': 'LifeSecure'}",7151.92
4566,CUS-9181,POL-925647,21736.7,"{'type': 'life', 'brand': 'ProtectPlus'}",5828.58
4567,CUS-2848,POL-230469,63103.45,"{'type': 'life', 'brand': 'LifeSecure'}",2386.84
4568,CUS-3625,POL-536884,11506.11,"{'type': 'life', 'brand': 'LifeSecure'}",4637.47
4569,CUS-8441,POL-215260,31847.68,"{'type': 'life', 'brand': 'InsureCorp'}",6488.55
4570,CUS-5393,POL-460210,44389.29,"{'type': 'life', 'brand': 'LifeSecure'}",1211.48
4571,CUS-3346,POL-999776,94623.33,"{'type': 'life', 'brand': 'ProtectPlus'}",1672.07
4572,CUS-6303,POL-860723,44043.3,"{'type': 'health', 'brand': 'ProtectPlus'}",7011.76
4573,CUS-5718,POL-210881,15444.83,"{'type': 'life', 'brand': 'LifeSecure'}",3054.53
4574,CUS-8665,POL-292446,75278.78,"{'type': 'life', 'brand': 'LifeSecure'}",5549.87
4575,CUS-5319,POL-114442,28706.06,"{'type': 'auto', 'brand': 'SafeGuard'}",3209.05
4576,CUS-8969,POL-673135,28184.74,"{'type': 'health', 'brand': 'ProtectPlus'}",4433.44
4577,CUS-7443,POL-465225,79882.5,"{'type': 'life', 'brand': 'LifeSecure'}",2907.1
4578,CUS-7898,POL-463811,83000.46,"{'type': 'home', 'brand': 'InsureCorp'}",2437.55
4579,CUS-5924,POL-282758,22950.35,"{'type': 'life', 'brand': 'InsureCorp'}",2373.61
4580,CUS-9720,POL-780289,-2147483649.0,"{'type': 'home', 'brand': 'InsureCorp'}",4162.56
4581,CUS-1895,POL-776991,96374.81,"{'type': 'life', 'brand': 'LifeSecure'}",2804.19
4582,CUS-3098,POL-266112,36671.84,"{'type': 'health', 'brand': 'ProtectPlus'}",2751.71
4583,CUS-7237,POL-446341,29192.16,"{'type': None, 'brand': 'InsureCorp'}",6918.04
4584,CUS-4135,POL-528805,75430.64,"{'type': 'auto ', 'brand': 'SafeGuard'}",6930.49
4585,CUS-6836,POL-149836,39575.51,"{'type': 'life', 'brand': 'ProtectPlus'}",6918.99
4586,CUS-5841,POL-587389,21807.34,"{'type': 'life', 'brand': 'ProtectPlus'}",1614.26
4587,CUS-8623,POL-084975,80991.62,"{'type': 'life', 'brand': 'InsureCorp'}",4101.66
4588,CUS-7984,POL-446938,87242.77,"{'type': 'auto', 'brand': 'SafeGuard'}",7040.3
4589,CUS-5591,POL-068511,92384.44,"{'type': 'life', 'brand': 'LifeSecure'}",3924.44
4590,CUS-7612,POL-841939,67327.01,"{'type': 'life', 'brand': 'LifeSecure'}",310.57
4591,CUS-6987,POL-305872,38574.44,"{'type': 'auto', 'brand': 'SafeGuard'}",5026.92
4592,CUS-9085,POL-506020,40967.9,"{'type': 'life', 'brand': 'LifeSecure'}",3208.08
4593,CUS-4178,POL-330335,37498.74,"{'type': 'auto', 'brand': 'SafeGuard'}",6910.18
4594,CUS-7796,POL-391832,72340.35,"{'type': 'life', 'brand': 'LifeSecure'}",3813.66
4595,CUS-3611,POL-900571,84173.41,"{'type': 'health', 'brand': 'ProtectPlus'}",7220.15
4596,CUS-6306,POL-148457,60798.93,"{'type': 'home', 'brand': 'SafeGuard'}",917.71
4597,CUS-1026,POL-537060,53725.19,"{'type': 'health', 'brand': 'ProtectPlus'}",5604.05
4598,CUS-1614,POL-117267,28643.89,"{'type': 'auto ', 'brand': 'SafeGuard'}",153.39
4599,CUS-1467,POL-294837,50841.87,"{'type': 'auto', 'brand': 'SafeGuard'}",5640.83
4600,CUS-3488,POL-819101,46038.33,"{'type': 'life', 'brand': 'LifeSecure'}",307.74
4601,CUS-8513,POL-480009,88391.06,"{'type': 'home', 'brand': 'SafeGuard'}",2130.78
4602,CUS-8484,POL-001521,60980.14,"{'type': 'health', 'brand': 'ProtectPlus'}",2668.11
4603,CUS-3876,POL-137675,41211.92,"{'type': 'home', 'brand': 'InsureCorp'}",7318.13
4604,CUS-9775,POL-488244,21501.39,"{'type': 'life', 'brand': 'LifeSecure'}",701.76
4605,CUS-4397,POL-464927,16408.39,"{'type': 'life', 'brand': 'LifeSecure'}",6946.95
4606,CUS-9576,POL-989566,72709.76,"{'type': 'life', 'brand': 'LifeSecure'}",4691.27
4607,CUS-6923,POL-298474,97234.08,"{'type': 'auto ', 'brand': 'SafeGuard'}",1799.65
4608,CUS-7137,POL-022502,26179.48,"{'type': 'home', 'brand': 'InsureCorp'}",6490.76
4609,CUS-1968,POL-879324,87096.83,"{'type': None, 'brand': 'SafeGuard'}",7336.71
4610,CUS-3078,POL-028483,46445.63,"{'type': 'home', 'brand': 'SafeGuard'}",4745.41
4611,CUS-7464,POL-159084,77115.88,"{'type': 'life', 'brand': 'LifeSecure'}",2253.18
4612,CUS-2278,POL-325734,47505.63,"{'type': 'auto', 'brand': 'InsureCorp'}",1700.33
4613,CUS-8802,POL-900661,30582.53,"{'type': 'auto', 'brand': 'SafeGuard'}",188.48
4614,CUS-7697,POL-449437,31978.86,"{'type': 'auto', 'brand': 'SafeGuard'}",3667.57
4615,CUS-3864,POL-745564,17162.87,"{'type': 'life', 'brand': 'LifeSecure'}",1817.67
4616,CUS-7225,POL-087038,97094.76,"{'type': 'home', 'brand': 'InsureCorp'}",5984.41
4617,CUS-4523,POL-491248,57178.48,"{'type': 'health', 'brand': 'InsureCorp'}",3199.72
4618,CUS-6111,POL-893059,24758.24,"{'type': 'life', 'brand': 'ProtectPlus'}",2660.39
4619,CUS-8142,POL-660000,28145.88,"{'type': 'life', 'brand': 'LifeSecure'}",317.12
4620,CUS-5929,POL-919884,94725.84,"{'type': 'auto ', 'brand': 'SafeGuard'}",1288.08
4621,CUS-5956,POL-377861,74124.85,"{'type': 'life', 'brand': 'LifeSecure'}",6667.03
4622,CUS-4633,POL-661307,77831.31,"{'type': 'life', 'brand': 'InsureCorp'}",561.61
4623,CUS-6977,POL-151157,22549.7,"{'type': 'health', 'brand': 'ProtectPlus'}",4778.05
4624,CUS-5959,POL-096803,47000.51,"{'type': 'auto', 'brand': 'SafeGuard'}",1236.31
4625,CUS-8369,POL-761156,96546.42,"{'type': 'life', 'brand': 'LifeSecure'}",7055.97
4626,CUS-7606,POL-624932,71243.03,"{'type': 'life', 'brand': 'LifeSecure'}",788.16
4627,CUS-3795,POL-846858,30782.99,"{'type': 'health', 'brand': 'ProtectPlus'}",5451.68
4628,CUS-1001,POL-592766,61378.63,"{'type': 'health', 'brand': 'ProtectPlus'}",1959.75
4629,CUS-7032,POL-560530,29052.1,"{'type': 'health', 'brand': 'ProtectPlus'}",6103.98
4630,CUS-8471,POL-745284,94460.81,"{'type': 'auto', 'brand': 'InsureCorp'}",202.72
4631,CUS-5650,POL-837010,92251.93,"{'type': 'auto', 'brand': 'SafeGuard'}",4779.53
4632,CUS-8780,POL-208150,70299.51,"{'type': 'life', 'brand': 'LifeSecure'}",3348.96
4633,CUS-2911,POL-466181,91684.27,"{'type': 'home', 'brand': 'SafeGuard'}",3404.23
4634,CUS-3764,POL-508339,16546.91,"{'type': 'life', 'brand': 'LifeSecure'}",4850.78
4635,CUS-8763,POL-890710,92611.05,"{'type': 'health', 'brand': 'InsureCorp'}",2733.9
4636,CUS-5643,POL-587368,34901.99,"{'type': 'life', 'brand': 'LifeSecure'}",7446.88
4637,CUS-4231,POL-732061,31452.98,"{'type': 'life', 'brand': 'LifeSecure'}",223.1
4638,CUS-4463,POL-908462,68590.26,"{'type': 'life', 'brand': 'ProtectPlus'}",3267.4
4639,CUS-3964,POL-566838,19006.68,"{'type': 'life', 'brand': 'ProtectPlus'}",1318.29
4640,CUS-9738,POL-337387,72239.59,"{'type': 'auto ', 'brand': 'SafeGuard'}",4696.94
4641,CUS-1996,POL-308341,63885.02,"{'type': 'auto', 'brand': 'InsureCorp'}",6642.17
4642,CUS-7673,POL-304275,59988.57,"{'type': 'home', 'brand': 'InsureCorp'}",505.68
4643,CUS-7331,POL-095324,49894.23,"{'type': 'home', 'brand': 'SafeGuard'}",1940.89
4644,CUS-4709,POL-357698,62496.84,"{'type': None, 'brand': 'SafeGuard'}",367.95
4645,CUS-9438,POL-735040,90690.86,"{'type': 'life', 'brand': 'InsureCorp'}",1018.5
4646,CUS-6707,POL-152402,54504.57,"{'type': 'life', 'brand': 'ProtectPlus'}",3516.19
4647,CUS-1252,POL-501059,38200.69,"{'type': 'auto ', 'brand': 'SafeGuard'}",952.55
4648,CUS-9690,POL-226381,12736.49,"{'type': 'home', 'brand': 'SafeGuard'}",3932.24
4649,CUS-6630,POL-308347,90661.5,"{'type': 'life', 'brand': 'ProtectPlus'}",6601.61
4650,CUS-4598,POL-120858,43737.91,"{'type': 'health', 'brand': 'InsureCorp'}",3733.67
4651,CUS-7699,POL-381149,86029.13,"{'type': 'life', 'brand': 'LifeSecure'}",2157.72
4652,CUS-8927,POL-174774,14277.03,"{'type': 'health', 'brand': 'ProtectPlus'}",2527.29
4653,CUS-5091,POL-046674,65168.6,"{'type': 'home', 'brand': 'SafeGuard'}",7300.83
4654,CUS-1776,POL-034979,83525.0,"{'type': 'life', 'brand': 'LifeSecure'}",1279.33
4655,CUS-7927,POL-271839,25495.1,"{'type': None, 'brand': 'SafeGuard'}",3192.04
4656,CUS-6762,POL-713172,33505.69,"{'type': 'auto', 'brand': 'InsureCorp'}",4108.56
4657,CUS-6187,POL-065572,96099.72,"{'type': 'auto', 'brand': 'InsureCorp'}",4738.85
4658,CUS-2264,POL-873799,67690.96,"{'type': 'auto', 'brand': 'SafeGuard'}",4645.7
4659,CUS-6509,POL-361960,85595.31,"{'type': 'life', 'brand': 'LifeSecure'}",6822.08
4660,CUS-6692,POL-477031,17908.67,"{'type': 'life', 'brand': 'ProtectPlus'}",961.74
4661,CUS-7420,POL-520876,85681.9,"{'type': None, 'brand': 'InsureCorp'}",6366.04
4662,CUS-2868,POL-977835,39480.13,"{'type': 'life', 'brand': 'LifeSecure'}",5777.1
4663,CUS-2806,POL-339725,57950.9,"{'type': 'life', 'brand': 'InsureCorp'}",6859.23
4664,CUS-3464,POL-700424,56085.89,"{'type': 'home', 'brand': 'SafeGuard'}",7132.12
4665,CUS-8816,POL-904979,27017.82,"{'type': 'life', 'brand': 'LifeSecure'}",896.18
4666,CUS-1844,POL-841347,57196.77,"{'type': 'auto ', 'brand': 'SafeGuard'}",5097.11
4667,CUS-4556,POL-072698,62873.77,"{'type': 'life', 'brand': 'LifeSecure'}",5782.06
4668,CUS-6332,POL-395685,66759.58,"{'type': 'auto', 'brand': 'InsureCorp'}",550.41
4669,CUS-4014,POL-465848,17643.63,"{'type': 'health', 'brand': 'InsureCorp'}",976.46
4670,CUS-5934,POL-307128,51218.21,"{'type': 'life', 'brand': 'LifeSecure'}",4306.38
4671,CUS-2144,POL-836595,86739.88,"{'type': 'life', 'brand': 'LifeSecure'}",2230.81
4672,CUS-1774,POL-135826,17704.83,"{'type': 'health', 'brand': 'ProtectPlus'}",3411.85
4673,CUS-1823,POL-221064,53248.13,"{'type': 'life', 'brand': 'ProtectPlus'}",1983.58
4674,CUS-6190,POL-395299,58966.49,"{'type': None, 'brand': 'LifeSecure'}",6262.51
4675,CUS-6223,POL-292805,96159.78,"{'type': 'health', 'brand': 'ProtectPlus'}",1076.5
4676,CUS-7579,POL-658982,58731.85,"{'type': 'life', 'brand': 'LifeSecure'}",5283.94
4677,CUS-7702,POL-080597,-2147483649.0,"{'type': 'auto', 'brand': 'SafeGuard'}",4673.7
4678,CUS-6288,POL-321068,10429.01,"{'type': 'auto ', 'brand': 'SafeGuard'}",4452.34
4679,CUS-2043,POL-488319,-2147483649.0,"{'type': 'life', 'brand': 'InsureCorp'}",4583.08
4680,CUS-6744,POL-352055,44305.15,"{'type': 'life', 'brand': 'LifeSecure'}",1861.21
4681,CUS-6744,POL-991851,15197.61,"{'type': 'home', 'brand': 'SafeGuard'}",1029.14
4682,CUS-8074,POL-188805,19447.31,"{'type': 'life', 'brand': 'LifeSecure'}",7490.8
4683,CUS-1425,POL-560462,54471.67,"{'type': 'life', 'brand': 'LifeSecure'}",5886.37
4684,CUS-1204,POL-078800,77564.77,"{'type': 'home', 'brand': 'SafeGuard'}",2145.04
4685,CUS-6643,POL-389280,96134.03,"{'type': 'life', 'brand': 'ProtectPlus'}",7464.8
4686,CUS-6916,POL-153393,71548.77,"{'type': 'life', 'brand': 'LifeSecure'}",2426.81
4687,CUS-1792,POL-497626,90051.83,"{'type': 'life', 'brand': 'InsureCorp'}",4195.7
4688,CUS-1937,POL-768137,11089.89,"{'type': 'life', 'brand': 'LifeSecure'}",2731.8
4689,CUS-4884,POL-484328,29459.57,"{'type': 'health', 'brand': 'InsureCorp'}",843.87
4690,CUS-4664,POL-861655,39486.32,"{'type': 'auto ', 'brand': 'SafeGuard'}",2374.92
4691,CUS-1778,POL-684435,91248.39,"{'type': 'auto ', 'brand': 'SafeGuard'}",5212.99
4692,CUS-7734,POL-558693,49085.4,"{'type': 'health', 'brand': 'ProtectPlus'}",4056.5
4693,CUS-7459,POL-620453,91053.42,"{'type': 'home', 'brand': 'SafeGuard'}",5918.79
4694,CUS-7165,POL-899044,27892.5,"{'type': 'health', 'brand': 'ProtectPlus'}",7059.08
4695,CUS-9846,POL-096736,21620.01,"{'type': 'home', 'brand': 'SafeGuard'}",319.89
4696,CUS-4221,POL-078535,51599.19,"{'type': 'auto', 'brand': 'SafeGuard'}",1260.34
4697,CUS-7482,POL-464468,65905.89,"{'type': 'auto', 'brand': 'InsureCorp'}",418.2
4698,CUS-8011,POL-173421,28766.32,"{'type': 'life', 'brand': 'InsureCorp'}",4557.54
4699,CUS-9993,POL-903838,21704.19,"{'type': 'health', 'brand': 'ProtectPlus'}",1151.99
4700,CUS-9072,POL-676219,69605.03,"{'type': 'life', 'brand': 'InsureCorp'}",493.33
4701,CUS-3776,POL-852271,97137.11,"{'type': 'health', 'brand': 'ProtectPlus'}",4351.64
4702,CUS-7646,POL-273232,72179.41,"{'type': 'auto ', 'brand': 'SafeGuard'}",4116.08
4703,CUS-8367,POL-594565,45305.75,"{'type': 'home', 'brand': 'InsureCorp'}",925.75
4704,CUS-6070,POL-905340,87723.55,"{'type': 'life', 'brand': 'ProtectPlus'}",6896.7
4705,CUS-1892,POL-434125,33661.41,"{'type': 'home', 'brand': 'SafeGuard'}",3523.92
4706,CUS-5615,POL-659579,63952.57,"{'type': 'health', 'brand': 'ProtectPlus'}",50000
4707,CUS-1976,POL-015184,34280.65,"{'type': 'auto ', 'brand': 'SafeGuard'}",4707.81
4708,CUS-1835,POL-459317,27942.59,"{'type': 'health', 'brand': 'ProtectPlus'}",3791.14
4709,CUS-6313,POL-145165,19283.8,"{'type': 'life', 'brand': 'ProtectPlus'}",6025.16
4710,CUS-7112,POL-374694,78047.69,"{'type': 'auto', 'brand': 'SafeGuard'}",2408.1
4711,CUS-3332,POL-926896,11922.46,"{'type': None, 'brand': 'LifeSecure'}",6270.03
4712,CUS-7267,POL-077056,58390.09,"{'type': 'health', 'brand': 'ProtectPlus'}",361.62
4713,CUS-5294,POL-630048,67253.52,"{'type': 'health', 'brand': 'ProtectPlus'}",1498.69
4714,CUS-5557,POL-332000,15458.57,"{'type': 'home', 'brand': 'InsureCorp'}",2165.72
4715,CUS-5916,880809,45521.07,"{'type': 'auto', 'brand': 'InsureCorp'}",5262.97
4716,CUS-6158,POL-880369,33966.12,"{'type': None, 'brand': 'LifeSecure'}",5338.98
4717,CUS-1120,POL-166969,68202.87,"{'type': 'life', 'brand': 'LifeSecure'}",3594.42
4718,CUS-6288,POL-408961,36443.6,"{'type': 'health', 'brand': 'ProtectPlus'}",271.6
4719,CUS-8509,POL-342466,25669.98,"{'type': 'auto', 'brand': 'SafeGuard'}",2223.84
4720,CUS-2254,POL-337888,65918.34,"{'type': 'life', 'brand': 'LifeSecure'}",1648.03
4721,CUS-4966,POL-483744,15338.72,"{'type': 'life', 'brand': 'LifeSecure'}",5109.15
4722,CUS-3120,POL-771456,71809.3,"{'type': 'life', 'brand': 'LifeSecure'}",2510.46
4723,CUS-1906,POL-239365,93512.24,"{'type': 'auto ', 'brand': 'SafeGuard'}",4784.69
4724,CUS-7032,POL-311893,78436.98,"{'type': 'life', 'brand': 'ProtectPlus'}",6241.59
4725,CUS-2516,POL-111523,22846.6,"{'type': 'life', 'brand': 'ProtectPlus'}",398.1
4726,CUS-8576,POL-019488,33666.63,"{'type': 'life', 'brand': 'LifeSecure'}",2862.93
4727,CUS-3977,POL-254260,82674.43,"{'type': 'auto', 'brand': 'SafeGuard'}",5607.76
4728,CUS-7706,POL-505777,91276.68,"{'type': 'health', 'brand': 'ProtectPlus'}",5871.94
4729,CUS-6171,POL-905544,27540.5,"{'type': 'home', 'brand': 'SafeGuard'}",4796.62
4730,CUS-7560,POL-414745,21195.61,"{'type': 'auto', 'brand': 'InsureCorp'}",215.79
4731,CUS-8764,POL-354697,30933.88,"{'type': None, 'brand': 'SafeGuard'}",472.03
4732,CUS-6109,POL-568167,20630.21,"{'type': 'auto', 'brand': 'InsureCorp'}",7251.02
4733,CUS-9526,POL-281014,46187.41,"{'type': None, 'brand': 'LifeSecure'}",6854.9
4734,CUS-4134,243961,96942.97,"{'type': 'life', 'brand': 'LifeSecure'}",1627.57
4735,CUS-3496,POL-008083,22266.34,"{'type': 'life', 'brand': 'LifeSecure'}",7054.52
4736,CUS-4676,POL-366119,47088.51,"{'type': 'life', 'brand': 'LifeSecure'}",3800.32
4737,CUS-8375,POL-561096,76678.38,"{'type': 'life', 'brand': 'ProtectPlus'}",2730.36
4738,CUS-8397,POL-516576,82700.95,"{'type': None, 'brand': 'SafeGuard'}",5905.78
4739,CUS-1255,POL-692066,72591.91,"{'type': 'home', 'brand': 'SafeGuard'}",1661.5
4740,CUS-8042,POL-807692,30696.11,"{'type': None, 'brand': 'InsureCorp'}",1408.69
4741,CUS-8311,POL-966106,14839.2,"{'type': 'health', 'brand': 'ProtectPlus'}",3396.2
4742,CUS-2627,POL-419814,97293.82,"{'type': 'auto', 'brand': 'InsureCorp'}",7401.42
4743,CUS-4071,POL-008793,68361.33,"{'type': 'auto', 'brand': 'InsureCorp'}",6430.6
4744,CUS-7258,POL-696719,56975.41,"{'type': 'home', 'brand': 'SafeGuard'}",3315.4
4745,CUS-1358,POL-342934,34416.97,"{'type': 'life', 'brand': 'LifeSecure'}",2702.63
4746,CUS-2030,POL-250918,69971.84,"{'type': 'life', 'brand': 'LifeSecure'}",6361.77
4747,CUS-7255,POL-293028,35274.52,"{'type': 'life', 'brand': 'LifeSecure'}",5763.99
4748,CUS-6223,POL-733110,15544.55,"{'type': 'life', 'brand': 'InsureCorp'}",4590.48
4749,CUS-9849,POL-878083,86946.55,"{'type': 'health', 'brand': 'ProtectPlus'}",3688.88
4750,CUS-7768,POL-392804,36561.44,"{'type': 'health', 'brand': 'ProtectPlus'}",3975.93
4751,CUS-5009,POL-713459,60541.46,"{'type': 'home', 'brand': 'InsureCorp'}",1944.95
4752,CUS-1921,POL-434888,34827.94,"{'type': 'auto', 'brand': 'SafeGuard'}",5182.29
4753,CUS-6400,POL-776030,18411.75,"{'type': 'health', 'brand': 'ProtectPlus'}",2854.6
4754,CUS-1830,POL-651948,19807.41,"{'type': 'home', 'brand': 'InsureCorp'}",5119.41
4755,CUS-3104,POL-586824,32495.76,"{'type': 'life', 'brand': 'InsureCorp'}",7284.05
4756,CUS-5622,POL-814166,60878.82,"{'type': 'life', 'brand': 'ProtectPlus'}",7178.81
4757,CUS-7439,POL-206370,55351.78,"{'type': 'home', 'brand': 'SafeGuard'}",2479.79
4758,CUS-9450,098647,73901.56,"{'type': 'life', 'brand': 'LifeSecure'}",2694.99
4759,CUS-4263,POL-152035,13072.72,"{'type': 'health', 'brand': 'ProtectPlus'}",1839.83
4760,CUS-3757,POL-101082,69322.88,"{'type': 'life', 'brand': 'InsureCorp'}",1345.16
4761,CUS-6013,POL-618171,51538.29,"{'type': 'life', 'brand': 'ProtectPlus'}",5526.66
4762,CUS-8783,POL-885350,75067.22,"{'type': 'home', 'brand': 'InsureCorp'}",3949.39
4763,CUS-3588,POL-621471,78054.37,"{'type': 'life', 'brand': 'InsureCorp'}",3414.49
4764,CUS-9305,POL-473615,51408.91,"{'type': 'home', 'brand': 'InsureCorp'}",3455.62
4765,CUS-4631,POL-605381,41806.51,"{'type': 'health', 'brand': 'ProtectPlus'}",5655.31
4766,CUS-9156,POL-673756,68313.81,"{'type': 'auto ', 'brand': 'SafeGuard'}",2316.85
4767,CUS-7189,POL-789407,80517.32,"{'type': 'auto ', 'brand': 'SafeGuard'}",6597.5
4768,CUS-6168,POL-356083,68801.74,"{'type': 'home', 'brand': 'SafeGuard'}",2453.05
4769,CUS-6919,POL-153216,94847.35,"{'type': 'auto', 'brand': 'InsureCorp'}",4744.65
4770,CUS-3004,POL-738734,83288.22,"{'type': 'auto ', 'brand': 'SafeGuard'}",6025.2
4771,CUS-2058,POL-110236,55320.23,"{'type': 'health', 'brand': 'ProtectPlus'}",2030.46
4772,CUS-5866,POL-477732,22551.32,"{'type': 'life', 'brand': 'LifeSecure'}",3439.77
4773,CUS-2145,POL-223935,23679.59,"{'type': 'life', 'brand': 'LifeSecure'}",5165.23
4774,CUS-7592,POL-563009,23756.27,"{'type': 'health', 'brand': 'InsureCorp'}",4934.43
4775,CUS-1233,POL-472895,67403.29,"{'type': 'health', 'brand': 'ProtectPlus'}",2040.17
4776,CUS-3496,POL-985782,47926.6,"{'type': 'life', 'brand': 'LifeSecure'}",6054.3
4777,CUS-1125,POL-125365,25454.55,"{'type': 'life', 'brand': 'LifeSecure'}",539.46
4778,CUS-2805,POL-548177,57484.17,"{'type': 'auto', 'brand': 'InsureCorp'}",1217.27
4779,CUS-6268,POL-653315,90836.3,"{'type': 'life', 'brand': 'LifeSecure'}",3237.82
4780,CUS-6680,POL-387933,83088.82,"{'type': 'home', 'brand': 'SafeGuard'}",3904.88
4781,CUS-1217,POL-831949,46197.14,"{'type': 'life', 'brand': 'LifeSecure'}",4841.9
4782,CUS-3757,POL-132949,92509.05,"{'type': 'home', 'brand': 'SafeGuard'}",1806.54
4783,CUS-4621,POL-056069,93656.87,"{'type': 'life', 'brand': 'LifeSecure'}",1769.46
4784,CUS-8763,POL-964390,26597.08,"{'type': 'life', 'brand': 'ProtectPlus'}",4240.72
4785,CUS-4642,POL-481294,81284.23,"{'type': 'life', 'brand': 'LifeSecure'}",282.43
4786,CUS-7968,POL-246733,88919.63,"{'type': 'auto', 'brand': 'SafeGuard'}",6442.44
4787,CUS-3516,POL-381815,17567.96,"{'type': 'life', 'brand': 'InsureCorp'}",3350.3
4788,CUS-3662,POL-408157,97193.34,"{'type': 'home', 'brand': 'SafeGuard'}",5463.88
4789,CUS-6663,POL-878382,52621.51,"{'type': 'auto', 'brand': 'InsureCorp'}",6406.74
4790,CUS-8806,POL-072998,78979.55,"{'type': 'life', 'brand': 'ProtectPlus'}",7380.16
4791,CUS-3329,POL-859144,23962.72,"{'type': 'life', 'brand': 'LifeSecure'}",2597.82
4792,CUS-3170,POL-192461,69726.6,"{'type': 'auto', 'brand': 'SafeGuard'}",4805.94
4793,CUS-7225,POL-364343,28167.07,"{'type': 'life', 'brand': 'LifeSecure'}",2851.21
4794,CUS-1918,POL-118110,52559.52,"{'type': 'life', 'brand': 'ProtectPlus'}",6246.08
4795,CUS-1788,POL-028395,14313.72,"{'type': 'health', 'brand': 'InsureCorp'}",5476.99
4796,CUS-8873,POL-075305,92642.69,"{'type': 'health', 'brand': 'ProtectPlus'}",4350.43
4797,CUS-4107,POL-458156,24034.38,"{'type': 'life', 'brand': 'ProtectPlus'}",5224.12
4798,CUS-4134,POL-563462,57684.16,"{'type': 'life', 'brand': 'LifeSecure'}",2770.05
4799,CUS-3297,POL-578218,51468.05,"{'type': 'auto', 'brand': 'InsureCorp'}",2075.08
4800,CUS-6857,POL-799073,69542.6,"{'type': 'life', 'brand': 'LifeSecure'}",5426.7
4801,CUS-6421,POL-086727,16488.48,"{'type': 'auto', 'brand': 'SafeGuard'}",1065.89
4802,CUS-8365,POL-409841,54103.61,"{'type': 'home', 'brand': 'SafeGuard'}",4419.14
4803,CUS-8551,POL-664415,81887.21,"{'type': 'health', 'brand': 'ProtectPlus'}",5812.57
4804,CUS-4674,POL-483597,37880.77,"{'type': None, 'brand': 'InsureCorp'}",5328.05
4805,CUS-4594,POL-945320,92867.96,"{'type': 'life', 'brand': 'InsureCorp'}",5941.57
4806,CUS-1108,POL-296670,24041.87,"{'type': 'auto', 'brand': 'SafeGuard'}",3981.11
4807,CUS-2910,POL-718724,73625.35,"{'type': 'health', 'brand': 'ProtectPlus'}",6297.7
4808,CUS-9126,POL-439553,99083.99,"{'type': 'life', 'brand': 'InsureCorp'}",3716.68
4809,CUS-9535,POL-016361,73616.82,"{'type': 'life', 'brand': 'ProtectPlus'}",6740.37
4810,CUS-9777,POL-621860,39928.22,"{'type': 'life', 'brand': 'LifeSecure'}",5888.52
4811,CUS-4447,POL-094305,87104.98,"{'type': 'auto ', 'brand': 'SafeGuard'}",1296.01
4812,CUS-4001,POL-791052,38382.78,"{'type': 'auto ', 'brand': 'SafeGuard'}",765.94
4813,CUS-9550,POL-276384,62221.99,"{'type': 'health', 'brand': 'ProtectPlus'}",1608.11
4814,CUS-2614,POL-967929,94523.58,"{'type': 'health', 'brand': 'ProtectPlus'}",3913.0
4815,CUS-3433,POL-614389,63402.8,"{'type': 'life', 'brand': 'LifeSecure'}",908.31
4816,CUS-3480,POL-795338,63224.29,"{'type': 'life', 'brand': 'InsureCorp'}",
4817,CUS-9535,POL-691885,60332.18,"{'type': 'health', 'brand': 'ProtectPlus'}",5883.53
4818,CUS-2354,POL-751630,58339.87,"{'type': None, 'brand': 'LifeSecure'}",3274.55
4819,CUS-2520,POL-376184,51718.39,"{'type': 'auto ', 'brand': 'SafeGuard'}",1439.09
4820,CUS-3068,POL-350440,27328.3,"{'type': 'health', 'brand': 'InsureCorp'}",1477.17
4821,CUS-1377,POL-763388,71289.86,"{'type': 'life', 'brand': 'InsureCorp'}",3612.05
4822,CUS-2590,POL-133663,45007.59,"{'type': 'life', 'brand': 'ProtectPlus'}",5953.76
4823,CUS-2911,POL-523658,66745.31,"{'type': 'life', 'brand': 'InsureCorp'}",4894.51
4824,CUS-3375,POL-109603,20019.27,"{'type': 'home', 'brand': 'InsureCorp'}",1894.86
4825,CUS-7898,POL-432955,12536.74,"{'type': 'home', 'brand': 'InsureCorp'}",2998.14
4826,CUS-1885,POL-514695,75261.12,"{'type': 'life', 'brand': 'ProtectPlus'}",5318.58
4827,CUS-3232,POL-302324,52289.41,"{'type': 'auto', 'brand': 'InsureCorp'}",4058.47
4828,CUS-4600,POL-621920,60015.69,"{'type': 'life', 'brand': 'InsureCorp'}",6657.95
4829,CUS-9849,POL-642638,86710.31,"{'type': 'home', 'brand': 'SafeGuard'}",1356.44
4830,CUS-8041,POL-108904,48382.49,"{'type': 'life', 'brand': 'LifeSecure'}",3205.94
4831,CUS-7767,POL-632923,79249.4,"{'type': 'health', 'brand': 'ProtectPlus'}",5854.38
4832,CUS-6924,POL-066104,95775.85,"{'type': 'life', 'brand': 'LifeSecure'}",6153.91
4833,CUS-3803,POL-962230,94303.01,"{'type': 'life', 'brand': 'LifeSecure'}",4474.48
4834,CUS-8779,POL-489411,52340.58,"{'type': 'auto ', 'brand': 'SafeGuard'}",6015.23
4835,CUS-6242,POL-723072,32081.84,"{'type': 'health', 'brand': 'InsureCorp'}",3319.85
4836,CUS-3796,POL-528492,95046.79,"{'type': 'auto ', 'brand': 'SafeGuard'}",2416.76
4837,CUS-3291,POL-281185,25695.75,"{'type': 'health', 'brand': 'ProtectPlus'}",5983.65
4838,CUS-1502,POL-872459,94912.61,"{'type': 'life', 'brand': 'ProtectPlus'}",6967.43
4839,CUS-2991,POL-050889,54573.1,"{'type': 'health', 'brand': 'InsureCorp'}",4420.3
4840,CUS-6031,POL-020275,39447.15,"{'type': 'auto', 'brand': 'InsureCorp'}",5757.47
4841,CUS-9375,POL-563826,47643.96,"{'type': 'health', 'brand': 'InsureCorp'}",7224.9
4842,CUS-2493,POL-552075,61807.71,"{'type': 'life', 'brand': 'LifeSecure'}",219.39
4843,CUS-2578,POL-197773,18510.86,"{'type': 'home', 'brand': 'SafeGuard'}",543.74
4844,CUS-9049,POL-204673,54837.45,"{'type': 'auto', 'brand': 'SafeGuard'}",5654.01
4845,CUS-3159,POL-276187,53665.87,"{'type': 'auto ', 'brand': 'SafeGuard'}",1108.15
4846,CUS-6553,POL-736804,21313.78,"{'type': 'life', 'brand': 'InsureCorp'}",5639.96
4847,CUS-1963,POL-840037,54760.4,"{'type': 'life', 'brand': 'InsureCorp'}",3171.93
4848,CUS-6245,POL-921044,15279.72,"{'type': 'health', 'brand': 'ProtectPlus'}",4138.82
4849,CUS-5124,POL-317087,13419.66,"{'type': 'life', 'brand': 'LifeSecure'}",4689.06
4850,CUS-4809,POL-053010,87872.18,"{'type': 'health', 'brand': 'ProtectPlus'}",5877.48
4851,CUS-1631,POL-968209,84355.24,"{'type': 'health', 'brand': 'ProtectPlus'}",4544.64
4852,CUS-3894,POL-406017,25715.7,"{'type': 'life', 'brand': 'ProtectPlus'}",1101.27
4853,CUS-7655,POL-380880,82275.48,"{'type': 'life', 'brand': 'LifeSecure'}",1691.96
4854,CUS-9199,POL-171273,20220.26,"{'type': 'life', 'brand': 'ProtectPlus'}",1038.99
4855,CUS-4525,POL-324650,24046.02,"{'type': 'health', 'brand': 'ProtectPlus'}",3602.53
4856,CUS-6761,POL-985631,35072.29,"{'type': 'health', 'brand': 'InsureCorp'}",7371.67
4857,CUS-6558,POL-594554,85534.99,"{'type': 'auto ', 'brand': 'SafeGuard'}",7364.03
4858,CUS-9163,POL-283177,92108.66,"{'type': 'auto ', 'brand': 'SafeGuard'}",
4859,CUS-4709,POL-173844,64508.87,"{'type': 'life', 'brand': 'ProtectPlus'}",314.88
4860,CUS-7379,POL-106429,64434.1,"{'type': 'home', 'brand': 'SafeGuard'}",3874.57
4861,CUS-1557,POL-824395,16115.77,"{'type': 'health', 'brand': 'ProtectPlus'}",4398.83
4862,CUS-4771,POL-014769,56549.53,"{'type': 'life', 'brand': 'InsureCorp'}",2059.79
4863,CUS-4428,POL-644948,16402.01,"{'type': 'life', 'brand': 'ProtectPlus'}",4786.65
4864,CUS-8727,POL-423243,46948.19,"{'type': 'auto ', 'brand': 'SafeGuard'}",6264.6
4865,CUS-9942,POL-177293,89549.69,"{'type': 'health', 'brand': 'ProtectPlus'}",4996.06
4866,CUS-7920,POL-270548,47390.53,"{'type': 'home', 'brand': 'SafeGuard'}",1751.65
4867,CUS-5213,POL-282871,32617.43,"{'type': 'auto', 'brand': 'SafeGuard'}",7270.84
4868,CUS-3636,POL-878265,69738.81,"{'type': 'home', 'brand': 'InsureCorp'}",7365.54
4869,CUS-3073,POL-948964,12190.24,"{'type': 'auto', 'brand': 'SafeGuard'}",4860.63
4870,CUS-3435,POL-382916,23203.12,"{'type': 'life', 'brand': 'LifeSecure'}",5778.29
4871,CUS-3715,POL-996756,42371.2,"{'type': 'auto', 'brand': 'InsureCorp'}",7056.8
4872,CUS-3854,POL-414296,38034.18,"{'type': None, 'brand': 'InsureCorp'}",1442.26
4873,CUS-6300,POL-098448,12012.68,"{'type': 'life', 'brand': 'ProtectPlus'}",4461.08
4874,CUS-1955,POL-742517,94383.28,"{'type': None, 'brand': 'SafeGuard'}",1504.13
4875,CUS-9304,POL-031485,17197.7,"{'type': 'health', 'brand': 'ProtectPlus'}",586.36
4876,CUS-8964,POL-841318,19967.08,"{'type': 'life', 'brand': 'InsureCorp'}",2919.39
4877,CUS-8170,POL-583405,45819.84,"{'type': 'health', 'brand': 'ProtectPlus'}",1291.48
4878,CUS-6907,POL-710983,63800.31,"{'type': 'home', 'brand': 'InsureCorp'}",895.1
4879,CUS-9884,POL-896197,10251.12,"{'type': 'home', 'brand': 'InsureCorp'}",6581.26
4880,CUS-2558,POL-046577,38080.25,"{'type': 'life', 'brand': 'LifeSecure'}",6926.62
4881,CUS-7097,POL-659433,75525.82,"{'type': 'life', 'brand': 'ProtectPlus'}",2921.79
4882,CUS-9911,POL-685257,96616.84,"{'type': 'health', 'brand': 'ProtectPlus'}",1836.03
4883,CUS-9762,POL-221376,45103.97,"{'type': 'home', 'brand': 'SafeGuard'}",5897.78
4884,CUS-9883,POL-819426,78424.4,"{'type': 'life', 'brand': 'LifeSecure'}",4396.55
4885,CUS-6416,POL-934880,29717.8,"{'type': 'auto', 'brand': 'SafeGuard'}",1543.23
4886,CUS-7651,POL-300462,48543.44,"{'type': None, 'brand': 'ProtectPlus'}",3890.33
4887,CUS-7626,POL-378880,45546.48,"{'type': 'life', 'brand': 'LifeSecure'}",
4888,CUS-4290,POL-835467,48020.57,"{'type': 'auto ', 'brand': 'SafeGuard'}",4126.11
4889,CUS-6673,POL-233755,45982.96,"{'type': 'life', 'brand': 'LifeSecure'}",1203.54
4890,CUS-7582,POL-651522,47643.14,"{'type': 'health', 'brand': 'ProtectPlus'}",1592.47
4891,CUS-7720,POL-988300,91969.39,"{'type': 'life', 'brand': 'ProtectPlus'}",6330.68
4892,CUS-1642,POL-910890,57446.05,"{'type': 'auto', 'brand': 'InsureCorp'}",3795.37
4893,CUS-4893,POL-904447,35667.37,"{'type': 'auto', 'brand': 'SafeGuard'}",6886.35
4894,CUS-1898,POL-670519,80896.73,"{'type': 'health', 'brand': 'InsureCorp'}",3781.94
4895,CUS-9298,POL-644235,90106.14,"{'type': 'life', 'brand': 'LifeSecure'}",5873.34
4896,CUS-4434,POL-267062,95621.53,"{'type': 'auto ', 'brand': 'SafeGuard'}",6320.46
4897,CUS-8932,POL-511588,85307.06,"{'type': 'auto', 'brand': 'SafeGuard'}",6051.5
4898,CUS-4585,POL-961539,33928.33,"{'type': 'health', 'brand': 'ProtectPlus'}",
4899,CUS-9945,POL-691309,63742.25,"{'type': 'home', 'brand': 'InsureCorp'}",226.73
4900,CUS-3422,981926,84970.67,"{'type': 'auto', 'brand': 'SafeGuard'}",4763.84
4901,CUS-3196,POL-513661,26641.54,"{'type': 'auto', 'brand': 'SafeGuard'}",3095.82
4902,CUS-5759,POL-568103,34054.56,"{'type': 'life', 'brand': 'InsureCorp'}",2664.92
4903,CUS-9526,POL-199112,35426.54,"{'type': 'life', 'brand': 'InsureCorp'}",5386.25
4904,CUS-5866,POL-159807,83061.89,"{'type': 'health', 'brand': 'ProtectPlus'}",1978.88
4905,CUS-3842,POL-063726,72707.14,"{'type': 'life', 'brand': 'LifeSecure'}",4993.94
4906,CUS-4100,POL-363624,63441.96,"{'type': 'life', 'brand': 'ProtectPlus'}",1047.97
4907,CUS-1776,POL-606159,14289.06,"{'type': 'health', 'brand': 'ProtectPlus'}",1557.87
4908,CUS-4420,POL-427152,29092.64,"{'type': 'health', 'brand': 'InsureCorp'}",2249.23
4909,CUS-1021,POL-684550,19198.71,"{'type': 'auto', 'brand': 'InsureCorp'}",5697.01
4910,CUS-6979,POL-165131,63409.22,"{'type': 'life', 'brand': 'ProtectPlus'}",2053.03
4911,CUS-1526,POL-238556,94012.02,"{'type': 'home', 'brand': 'SafeGuard'}",7331.1
4912,CUS-7024,POL-094895,88105.23,"{'type': 'auto ', 'brand': 'SafeGuard'}",1260.75
4913,CUS-4579,POL-290712,99782.77,"{'type': 'life', 'brand': 'LifeSecure'}",5582.68
4914,CUS-9768,POL-475790,21422.91,"{'type': 'auto', 'brand': 'SafeGuard'}",2318.08
4915,CUS-5279,POL-625015,30330.43,"{'type': 'auto ', 'brand': 'SafeGuard'}",6818.81
4916,CUS-8014,POL-966242,12562.63,"{'type': 'life', 'brand': 'LifeSecure'}",3938.07
4917,CUS-7480,POL-480999,84811.72,"{'type': 'auto ', 'brand': 'SafeGuard'}",7486.91
4918,CUS-6027,POL-495199,71873.34,"{'type': 'life', 'brand': 'LifeSecure'}",2530.2
4919,CUS-8678,POL-849099,48062.05,"{'type': None, 'brand': 'ProtectPlus'}",266.29
4920,CUS-1775,POL-210003,20240.52,"{'type': 'life', 'brand': 'LifeSecure'}",3312.62
4921,CUS-6494,POL-001349,13727.4,"{'type': 'auto', 'brand': 'InsureCorp'}",
4922,CUS-4064,POL-431386,97997.26,"{'type': 'home', 'brand': 'InsureCorp'}",3552.71
4923,CUS-1496,POL-452421,40289.74,"{'type': 'home', 'brand': 'SafeGuard'}",807.29
4924,CUS-9265,POL-059526,13944.99,"{'type': 'health', 'brand': 'ProtectPlus'}",3105.57
4925,CUS-5176,POL-747576,65389.67,"{'type': 'life', 'brand': 'LifeSecure'}",3284.19
4926,CUS-2323,POL-460872,60169.31,"{'type': 'life', 'brand': 'LifeSecure'}",3835.1
4927,CUS-9721,POL-125053,72354.35,"{'type': 'life', 'brand': 'LifeSecure'}",2444.27
4928,CUS-5188,POL-353761,73652.97,"{'type': 'health', 'brand': 'ProtectPlus'}",6122.35
4929,CUS-2852,POL-700502,92577.26,"{'type': 'auto ', 'brand': 'SafeGuard'}",2758.81
4930,CUS-2991,POL-777778,61659.16,"{'type': 'life', 'brand': 'LifeSecure'}",3792.73
4931,CUS-8923,POL-646486,53254.1,"{'type': 'life', 'brand': 'LifeSecure'}",4091.68
4932,CUS-2961,POL-519710,29832.65,"{'type': 'auto ', 'brand': 'SafeGuard'}",6679.52
4933,CUS-3580,POL-935764,42893.67,"{'type': 'health', 'brand': 'ProtectPlus'}",7007.13
4934,CUS-7439,POL-003211,51810.5,"{'type': 'life', 'brand': 'ProtectPlus'}",4499.12
4935,CUS-9547,POL-147846,37128.28,"{'type': 'life', 'brand': 'LifeSecure'}",1251.47
4936,CUS-6792,POL-605737,93521.06,"{'type': 'auto', 'brand': 'InsureCorp'}",4319.69
4937,CUS-8069,POL-149142,44663.92,"{'type': 'home', 'brand': 'InsureCorp'}",3402.92
4938,CUS-6127,POL-120700,35049.82,"{'type': 'home', 'brand': 'InsureCorp'}",3323.27
4939,CUS-9083,POL-178590,23629.78,"{'type': None, 'brand': 'SafeGuard'}",4485.12
4940,CUS-6575,POL-395762,87575.26,"{'type': 'life', 'brand': 'LifeSecure'}",4699.41
4941,CUS-8841,POL-925376,52069.28,"{'type': 'life', 'brand': 'LifeSecure'}",2718.33
4942,CUS-6759,POL-871334,51587.27,"{'type': 'health', 'brand': 'InsureCorp'}",1415.49
4943,CUS-1572,POL-998390,48642.88,"{'type': 'health', 'brand': 'InsureCorp'}",3916.85
4944,CUS-8655,POL-036035,75421.2,"{'type': 'life', 'brand': 'ProtectPlus'}",1103.74
4945,CUS-1344,POL-182070,47798.74,"{'type': 'life', 'brand': 'ProtectPlus'}",543.16
4946,CUS-1126,POL-929130,91828.5,"{'type': 'auto', 'brand': 'SafeGuard'}",50000
4947,CUS-4805,POL-915050,13976.68,"{'type': 'auto', 'brand': 'SafeGuard'}",1355.65
4948,CUS-5317,POL-322560,91384.45,"{'type': 'auto', 'brand': 'InsureCorp'}",3886.61
4949,CUS-1399,POL-785667,25449.54,"{'type': 'home', 'brand': 'InsureCorp'}",3222.53
4950,CUS-6301,POL-389681,98997.79,"{'type': 'auto', 'brand': 'InsureCorp'}",7221.73
4951,CUS-9205,POL-058960,97865.75,"{'type': 'life', 'brand': 'LifeSecure'}",2736.04
4952,CUS-9438,POL-660442,55642.83,"{'type': 'auto', 'brand': 'SafeGuard'}",6088.5
4953,CUS-5842,POL-683415,75174.68,"{'type': 'life', 'brand': 'ProtectPlus'}",841.29
4954,CUS-2365,POL-346857,42530.53,"{'type': 'life', 'brand': 'LifeSecure'}",5125.26
4955,CUS-8926,POL-471557,27371.92,"{'type': 'life', 'brand': 'LifeSecure'}",3937.54
4956,CUS-9488,POL-769192,60482.7,"{'type': 'health', 'brand': 'ProtectPlus'}",4940.8
4957,CUS-3723,POL-810013,84903.41,"{'type': 'auto', 'brand': 'InsureCorp'}",2602.05
4958,CUS-9813,POL-013115,96131.74,"{'type': 'life', 'brand': 'LifeSecure'}",6715.68
4959,CUS-5152,POL-990250,61672.97,"{'type': 'home', 'brand': 'InsureCorp'}",1108.15
4960,CUS-3455,POL-811937,32572.28,"{'type': 'health', 'brand': 'InsureCorp'}",2520.96
4961,CUS-2868,POL-630392,30964.15,"{'type': 'home', 'brand': 'InsureCorp'}",3581.51
4962,CUS-5131,POL-191521,72912.59,"{'type': 'auto', 'brand': 'SafeGuard'}",332.18
4963,CUS-4052,POL-693844,72832.67,"{'type': 'life', 'brand': 'LifeSecure'}",5442.03
4964,CUS-8676,POL-321193,61216.76,"{'type': 'home', 'brand': 'SafeGuard'}",2332.78
4965,CUS-3532,POL-055210,72887.15,"{'type': 'life', 'brand': 'LifeSecure'}",217.53
4966,CUS-6812,POL-120570,89588.1,"{'type': 'health', 'brand': 'ProtectPlus'}",730.02
4967,CUS-3398,POL-667954,19622.86,"{'type': 'life', 'brand': 'LifeSecure'}",5528.89
4968,CUS-7867,POL-381053,83349.3,"{'type': 'life', 'brand': 'LifeSecure'}",4035.43
4969,CUS-9834,POL-455814,43250.18,"{'type': 'life', 'brand': 'LifeSecure'}",7068.34
4970,CUS-2426,POL-185293,72568.63,"{'type': 'life', 'brand': 'LifeSecure'}",423.01
4971,CUS-3476,POL-202230,61698.62,"{'type': 'health', 'brand': 'ProtectPlus'}",4764.45
4972,CUS-6702,POL-876931,40772.38,"{'type': 'auto', 'brand': 'SafeGuard'}",4875.47
4973,CUS-3259,POL-148608,27834.54,"{'type': None, 'brand': 'LifeSecure'}",6061.87
4974,CUS-3422,POL-015270,76707.64,"{'type': 'auto', 'brand': 'InsureCorp'}",7000.02
4975,CUS-8169,POL-575808,79696.81,"{'type': 'life', 'brand': 'LifeSecure'}",2612.64
4976,CUS-1022,POL-265331,32046.44,"{'type': 'life', 'brand': 'LifeSecure'}",4559.92
4977,CUS-8631,POL-138971,48017.78,"{'type': 'home', 'brand': 'SafeGuard'}",2045.88
4978,CUS-4504,POL-230962,82614.51,"{'type': 'auto', 'brand': 'InsureCorp'}",4845.34
4979,CUS-1282,POL-755755,86263.64,"{'type': 'health', 'brand': 'ProtectPlus'}",2941.08
4980,CUS-5873,POL-054543,27424.25,"{'type': 'auto', 'brand': 'SafeGuard'}",205.81
4981,CUS-5588,POL-950286,95712.65,"{'type': 'life', 'brand': 'ProtectPlus'}",3394.14
4982,CUS-6075,POL-079805,19560.47,"{'type': 'life', 'brand': 'LifeSecure'}",6105.6
4983,CUS-4173,POL-899207,51874.38,"{'type': 'life', 'brand': 'ProtectPlus'}",5147.97
4984,CUS-7849,POL-332037,34169.76,"{'type': 'auto ', 'brand': 'SafeGuard'}",1060.89
